path	baseline_path	kind	classification	cmake_selection	current_sha256	baseline_sha256	canonical_current_sha256	canonical_baseline_sha256	disposition
src/core/softpc/base/bios/bootstra.c	base/bios/bootstra.c	source-or-header	identical-original	literal-reference	656c7feada15fda95476beb8f099453c79edfe75b75c49b3aadbf23a89ef3f05	656c7feada15fda95476beb8f099453c79edfe75b75c49b3aadbf23a89ef3f05	292f700c462e46bd2b7c392a2efb0bb35796b02da57fe1cf542b59f84d8c5780	292f700c462e46bd2b7c392a2efb0bb35796b02da57fe1cf542b59f84d8c5780	retain-pristine
src/core/softpc/base/bios/build_id.c	base/bios/build_id.c	source-or-header	identical-original	literal-reference	9ff03f58980437d69cf245e18907ed5e5f4760622d90c870c617e410eeafd6e4	9ff03f58980437d69cf245e18907ed5e5f4760622d90c870c617e410eeafd6e4	d309bf98e84a58ed32ceff4ffd87a8322120f2d56f73c6811242cffb6337dc22	d309bf98e84a58ed32ceff4ffd87a8322120f2d56f73c6811242cffb6337dc22	retain-pristine
src/core/softpc/base/bios/cmos_bis.c	base/bios/cmos_bis.c	source-or-header	identical-original	literal-reference	e3b6710db5887ef77c5a38c881ebb4eeff2575db65e86a3468258aaa9293e1bd	e3b6710db5887ef77c5a38c881ebb4eeff2575db65e86a3468258aaa9293e1bd	c3107578e119c2a6350d5381e0ac5ede8d55581f38efd6a874554063ec4a6395	c3107578e119c2a6350d5381e0ac5ede8d55581f38efd6a874554063ec4a6395	retain-pristine
src/core/softpc/base/bios/equipmnt.c	base/bios/equipmnt.c	source-or-header	direct-original-diff	literal-reference	1721fe54bb969ae6db4a615379107a314a20f75e5dfc3bd6ed90504bb40d96f5	08b798882c49443b2641ebf091adf07959059d46bc703467d860ab22659f2967	73818fb9285914edf9ef1610c2e1ffea8b3cc70e96150b5729ae388d40db556c	bb78b1bd2d67bf288113a31af4d1c9bf5d05263933d6433a7254787f2341ee2e	overlay
src/core/softpc/base/bios/mem_size.c	base/bios/mem_size.c	source-or-header	identical-original	literal-reference	2e8937e8fc10fbc69425692fb8b127b20e786fae37fd453049b62dd0472c9e8f	2e8937e8fc10fbc69425692fb8b127b20e786fae37fd453049b62dd0472c9e8f	1fbd247ef9e88a1defb9f9791cec1c5bc4d378484de56db1dca67db57ec30519	1fbd247ef9e88a1defb9f9791cec1c5bc4d378484de56db1dca67db57ec30519	retain-pristine
src/core/softpc/base/bios/reset.c	base/bios/reset.c	source-or-header	direct-original-diff	literal-reference	c1339261bf9272cec4610448ef42d808c6b10bef8a2d5a06940aa76343e9f084	46e2507ad47182125ed59206780763c5dadf6ea752a43d4d946451de1024d90b	5415acc0907b17a138d3564ded86732f9677d9b32607245f7e6972d1a3af90d1	65b753ed5da6a3a1c281c92e783371ed276ccabdf4e73296a36670052f4f3fa7	overlay
src/core/softpc/base/bios/rom_basc.c	base/bios/rom_basc.c	source-or-header	identical-original	literal-reference	2e6f1783fcb3695443ab0a3a6fcb5dbf2bd3e2e7905217cd61021e031a8a709a	2e6f1783fcb3695443ab0a3a6fcb5dbf2bd3e2e7905217cd61021e031a8a709a	60f6afc905771c295cd0842525b99b0bea04ed1b69379a6425a53425cd486e9a	60f6afc905771c295cd0842525b99b0bea04ed1b69379a6425a53425cd486e9a	retain-pristine
src/core/softpc/base/bios/slave_bs.c	base/bios/slave_bs.c	source-or-header	identical-original	literal-reference	22079cb4c1e033f1d33246da6f60f8d5e1bba5c925ee3e9e5ea3c3fd756c7368	22079cb4c1e033f1d33246da6f60f8d5e1bba5c925ee3e9e5ea3c3fd756c7368	92d92595002dd3d9d962708731e6f3fffdc9476afcf705626671ee7fcd387bc6	92d92595002dd3d9d962708731e6f3fffdc9476afcf705626671ee7fcd387bc6	retain-pristine
src/core/softpc/base/bios/tape_io.c	base/bios/tape_io.c	source-or-header	direct-original-diff	literal-reference	9999cdf5bb5a16aae4e7d77a65793a2b05fdbd3a2bf46691597bf49bfb25c814	3aa86f1faf07f68937629f1d6e410eb41f498e17dc6d747647c7d6e5697c80aa	0470a681b6e2c90ec69e78869a2db1f83975a477834a6f920e184ee5755815a0	bf9f738aa89a164aeae1b618fb7e21ad920628baa8138f38f71161f18fab9cc7	overlay
src/core/softpc/base/ccpu386/aaa.c	base/ccpu386/aaa.c	source-or-header	identical-original	ccpu-manifest	43583535e19a181d7a4c665c5fba5c00109eb1079b65d462f2b8a3d92ce2c052	43583535e19a181d7a4c665c5fba5c00109eb1079b65d462f2b8a3d92ce2c052	72eb858993f20b268960007f50aba1da10ceb3a19a3e55e808fba3cc98da705c	72eb858993f20b268960007f50aba1da10ceb3a19a3e55e808fba3cc98da705c	retain-pristine
src/core/softpc/base/ccpu386/aaa.h	base/ccpu386/aaa.h	source-or-header	identical-original	not-directly-selected	178d5b808502ab7072c902fe936c9b46ae8387626e393ddcd07e219a69211c40	178d5b808502ab7072c902fe936c9b46ae8387626e393ddcd07e219a69211c40	e89a457bb594d1849113a9d721ce120054bb0d63cd32931768c032f700a94010	e89a457bb594d1849113a9d721ce120054bb0d63cd32931768c032f700a94010	retain-pristine
src/core/softpc/base/ccpu386/aad.c	base/ccpu386/aad.c	source-or-header	identical-original	ccpu-manifest	7f6216d39411838509402cc45a93741ee4e0142c1fc36a0dc7682f126c447cde	7f6216d39411838509402cc45a93741ee4e0142c1fc36a0dc7682f126c447cde	179e72ef7f62910cb9ad91a6659d6da29bdade6b59dd6b2e5f7bdde8e0d591e6	179e72ef7f62910cb9ad91a6659d6da29bdade6b59dd6b2e5f7bdde8e0d591e6	retain-pristine
src/core/softpc/base/ccpu386/aad.h	base/ccpu386/aad.h	source-or-header	identical-original	not-directly-selected	e8b3075138c54719631226cfb78c478c1c684cfca70271937eac7a16438fec6c	e8b3075138c54719631226cfb78c478c1c684cfca70271937eac7a16438fec6c	2e5025918fe66d8df4200398cc3deb500178add0e93eda5f44d723325e125df5	2e5025918fe66d8df4200398cc3deb500178add0e93eda5f44d723325e125df5	retain-pristine
src/core/softpc/base/ccpu386/aam.c	base/ccpu386/aam.c	source-or-header	identical-original	ccpu-manifest	fda0622e61bc039dad01cf0594389af7e9ffdc678719b107f90a5e1607d893ee	fda0622e61bc039dad01cf0594389af7e9ffdc678719b107f90a5e1607d893ee	759556e0b2e091d9969074bc347a0997ec39a98afab1bf14cc855a53618a07cb	759556e0b2e091d9969074bc347a0997ec39a98afab1bf14cc855a53618a07cb	retain-pristine
src/core/softpc/base/ccpu386/aam.h	base/ccpu386/aam.h	source-or-header	identical-original	not-directly-selected	55e4a6504152bb790cbc35c4e33a06f1c368fc4f22ff7f1ef13172d1a87d9fde	55e4a6504152bb790cbc35c4e33a06f1c368fc4f22ff7f1ef13172d1a87d9fde	63f36b705313927809b48b3e09347a172a12f9c6b7b7b2e58b344cc8a3efa05a	63f36b705313927809b48b3e09347a172a12f9c6b7b7b2e58b344cc8a3efa05a	retain-pristine
src/core/softpc/base/ccpu386/aas.c	base/ccpu386/aas.c	source-or-header	identical-original	ccpu-manifest	f58060b5f0732ca174b1124b2622aaafa9d7341774cd71427509f2548ace4672	f58060b5f0732ca174b1124b2622aaafa9d7341774cd71427509f2548ace4672	05f943c8ecbf3f50fac692c7335f6b0a8bb7f9d7308bda6dc1f1fbbc2cc9dd68	05f943c8ecbf3f50fac692c7335f6b0a8bb7f9d7308bda6dc1f1fbbc2cc9dd68	retain-pristine
src/core/softpc/base/ccpu386/aas.h	base/ccpu386/aas.h	source-or-header	identical-original	not-directly-selected	630638a02fd5bb74b1154e63b5bf16321144c054406724ae9ff3490345f615fe	630638a02fd5bb74b1154e63b5bf16321144c054406724ae9ff3490345f615fe	3ef44f3ee1acef2a58bd03715b4144460db7aa929333356dab942bd9c7ca9f77	3ef44f3ee1acef2a58bd03715b4144460db7aa929333356dab942bd9c7ca9f77	retain-pristine
src/core/softpc/base/ccpu386/adc.c	base/ccpu386/adc.c	source-or-header	identical-original	ccpu-manifest	f9cb50e05aa3198c03e670556a6b8a849105c9ffbc6ea22dcc41dcfb2875c56b	f9cb50e05aa3198c03e670556a6b8a849105c9ffbc6ea22dcc41dcfb2875c56b	4998fbfc2d5aa722fb17ee0c59dc72dbfd4ee8c6155acc561494cf27c701fe35	4998fbfc2d5aa722fb17ee0c59dc72dbfd4ee8c6155acc561494cf27c701fe35	retain-pristine
src/core/softpc/base/ccpu386/adc.h	base/ccpu386/adc.h	source-or-header	identical-original	not-directly-selected	ebc8f79a0edab6590c40de2c6216731e540c739f723508fcd2db75103f839e14	ebc8f79a0edab6590c40de2c6216731e540c739f723508fcd2db75103f839e14	0e9de36b28c75d6dc4c6685e0a31ba38e3225e160f926bbbc19cd239b6ed7454	0e9de36b28c75d6dc4c6685e0a31ba38e3225e160f926bbbc19cd239b6ed7454	retain-pristine
src/core/softpc/base/ccpu386/add.c	base/ccpu386/add.c	source-or-header	identical-original	ccpu-manifest	6bbfc3cacd07b66ef1d5c882a45aa88431404571538ef2134f6b0f081e5c3c11	6bbfc3cacd07b66ef1d5c882a45aa88431404571538ef2134f6b0f081e5c3c11	25c5a5801a431f24e092ca01519c7497ef2cae44a6a821c7db0e346db7dac318	25c5a5801a431f24e092ca01519c7497ef2cae44a6a821c7db0e346db7dac318	retain-pristine
src/core/softpc/base/ccpu386/add.h	base/ccpu386/add.h	source-or-header	identical-original	not-directly-selected	5d6bb2d73cadea179111243737d0dc29526aaddbd0d84f6fb784cbeb2706314e	5d6bb2d73cadea179111243737d0dc29526aaddbd0d84f6fb784cbeb2706314e	fd77efb5c0a581256400847be92322f5cf5c63f3acb5ed504ad82b3767f1d998	fd77efb5c0a581256400847be92322f5cf5c63f3acb5ed504ad82b3767f1d998	retain-pristine
src/core/softpc/base/ccpu386/and.c	base/ccpu386/and.c	source-or-header	identical-original	ccpu-manifest	2973105fbfc70afd2a1f6846e1358c5c781538974e2dde72576286de95d1c489	2973105fbfc70afd2a1f6846e1358c5c781538974e2dde72576286de95d1c489	34166c4fa125cce7357a1992792d20de8095e5eef8982a03c35aaa7ccea5ce91	34166c4fa125cce7357a1992792d20de8095e5eef8982a03c35aaa7ccea5ce91	retain-pristine
src/core/softpc/base/ccpu386/and.h	base/ccpu386/and.h	source-or-header	identical-original	not-directly-selected	9294bc9f62d29a89c95ca3bd98083128966b15e0996b994f180ff98e269c239f	9294bc9f62d29a89c95ca3bd98083128966b15e0996b994f180ff98e269c239f	c5f19df4f4cbc7e0b2f440c14d30ad7eefdf738ea2cd068625f31b48e0cac389	c5f19df4f4cbc7e0b2f440c14d30ad7eefdf738ea2cd068625f31b48e0cac389	retain-pristine
src/core/softpc/base/ccpu386/arpl.c	base/ccpu386/arpl.c	source-or-header	identical-original	ccpu-manifest	676f5413ca79b4d5ff4656a6ca960fdc290445d37ac21358040788db9e113c0a	676f5413ca79b4d5ff4656a6ca960fdc290445d37ac21358040788db9e113c0a	bcea97360199dc845b499eadd7e385d39dcb4d5a53d44fadf227de0860da6850	bcea97360199dc845b499eadd7e385d39dcb4d5a53d44fadf227de0860da6850	retain-pristine
src/core/softpc/base/ccpu386/arpl.h	base/ccpu386/arpl.h	source-or-header	identical-original	not-directly-selected	b8fdf1df2307b98630612afc79c5580bbd4161ac292c4e8f20493db1bc411411	b8fdf1df2307b98630612afc79c5580bbd4161ac292c4e8f20493db1bc411411	1bbba9cbd74496508e8361cef63bf8ba1a5d5457714e4d857df887c1b79ff053	1bbba9cbd74496508e8361cef63bf8ba1a5d5457714e4d857df887c1b79ff053	retain-pristine
src/core/softpc/base/ccpu386/bound.c	base/ccpu386/bound.c	source-or-header	identical-original	ccpu-manifest	c82ea948fafd97bbf2c99bf3ba681d485f9c38bef75493498a465b7f556fc1f2	c82ea948fafd97bbf2c99bf3ba681d485f9c38bef75493498a465b7f556fc1f2	354531df09813c191651b9a415032bb1c858742f05e84372c2e37cb08377d40e	354531df09813c191651b9a415032bb1c858742f05e84372c2e37cb08377d40e	retain-pristine
src/core/softpc/base/ccpu386/bound.h	base/ccpu386/bound.h	source-or-header	identical-original	not-directly-selected	f805f2137d16bfb4b4777c5fe8835d0a53e83657210db0fbe1d52ee700c5b221	f805f2137d16bfb4b4777c5fe8835d0a53e83657210db0fbe1d52ee700c5b221	dd67f1a112e3cdeae3c0838ebc34840737006100f01c5556f38f0caf7a94a609	dd67f1a112e3cdeae3c0838ebc34840737006100f01c5556f38f0caf7a94a609	retain-pristine
src/core/softpc/base/ccpu386/bsf.c	base/ccpu386/bsf.c	source-or-header	identical-original	ccpu-manifest	229e244bdb8d904ee6e2e390c36a8f5c7bccef6aa8fb2bc832b7d91f723b1fd0	229e244bdb8d904ee6e2e390c36a8f5c7bccef6aa8fb2bc832b7d91f723b1fd0	d1f3365ee42fa1e02882253b5d002c00aea451dd32892740d63f4235bca4ef92	d1f3365ee42fa1e02882253b5d002c00aea451dd32892740d63f4235bca4ef92	retain-pristine
src/core/softpc/base/ccpu386/bsf.h	base/ccpu386/bsf.h	source-or-header	identical-original	not-directly-selected	2ed4c0b5cf6aa1f34f583fd84ecd2c4cd20dbe0e3606d904326619323d196531	2ed4c0b5cf6aa1f34f583fd84ecd2c4cd20dbe0e3606d904326619323d196531	b0fae23c46ac8e2ca1602ddb1469326e456fc4f3c70d670f602bca0c72f459d5	b0fae23c46ac8e2ca1602ddb1469326e456fc4f3c70d670f602bca0c72f459d5	retain-pristine
src/core/softpc/base/ccpu386/bsr.c	base/ccpu386/bsr.c	source-or-header	identical-original	ccpu-manifest	d277ee7bc0ffddfaf980eefe097d8f1b9d201fcc79bfd3774fc342f50041eaed	d277ee7bc0ffddfaf980eefe097d8f1b9d201fcc79bfd3774fc342f50041eaed	64e2e7e1a11c36a6aa6db073972747f701083e150a2343a778b5d88e98ec4ce2	64e2e7e1a11c36a6aa6db073972747f701083e150a2343a778b5d88e98ec4ce2	retain-pristine
src/core/softpc/base/ccpu386/bsr.h	base/ccpu386/bsr.h	source-or-header	identical-original	not-directly-selected	2895f7eabc1b44b4b902a9f83c6cd78d4f659b334dce1c44002eed45c71d7325	2895f7eabc1b44b4b902a9f83c6cd78d4f659b334dce1c44002eed45c71d7325	a88b2e2886c6d5cbef3472cea99e1c09f2ce2d439f79e22a88feb90dc6029f9a	a88b2e2886c6d5cbef3472cea99e1c09f2ce2d439f79e22a88feb90dc6029f9a	retain-pristine
src/core/softpc/base/ccpu386/bswap.c	base/ccpu386/bswap.c	source-or-header	identical-original	ccpu-manifest	d6e833e572222ce68fd989348de0bfd68030d0016a2a2d7379cf3473ad852f39	d6e833e572222ce68fd989348de0bfd68030d0016a2a2d7379cf3473ad852f39	14dd0777af755fcaee2d7427bc0227b5285e78a4549132da42cfd1325b73ce9c	14dd0777af755fcaee2d7427bc0227b5285e78a4549132da42cfd1325b73ce9c	retain-pristine
src/core/softpc/base/ccpu386/bswap.h	base/ccpu386/bswap.h	source-or-header	identical-original	not-directly-selected	e3a8af0917fbe1324ebcfec90f899dd5bf463884911662fdba8fd9cc60d0208a	e3a8af0917fbe1324ebcfec90f899dd5bf463884911662fdba8fd9cc60d0208a	2fad370c1de088a04b5c96d19500d8fde17b43e59592ce2b0a6cd57507154aad	2fad370c1de088a04b5c96d19500d8fde17b43e59592ce2b0a6cd57507154aad	retain-pristine
src/core/softpc/base/ccpu386/bt.c	base/ccpu386/bt.c	source-or-header	identical-original	ccpu-manifest	3bc8f44b7d00374e4749de45303450c59baea54435bf1773b6bc6205c6877541	3bc8f44b7d00374e4749de45303450c59baea54435bf1773b6bc6205c6877541	bf7e8e196cb156ac189cdf91b71819ba06d6dd62ead533d4fff2a136adb3a5a0	bf7e8e196cb156ac189cdf91b71819ba06d6dd62ead533d4fff2a136adb3a5a0	retain-pristine
src/core/softpc/base/ccpu386/bt.h	base/ccpu386/bt.h	source-or-header	identical-original	not-directly-selected	64da5653cca4f93e028fb695cfa87f87ef7b8f6598d83bc4008d9da678c1e99b	64da5653cca4f93e028fb695cfa87f87ef7b8f6598d83bc4008d9da678c1e99b	69a0317a672af255e76c0b95e110e7b2287a189b4563cbc92505aa4734ed5184	69a0317a672af255e76c0b95e110e7b2287a189b4563cbc92505aa4734ed5184	retain-pristine
src/core/softpc/base/ccpu386/btc.c	base/ccpu386/btc.c	source-or-header	identical-original	ccpu-manifest	b6a883564d9f0f426274376c88410698a129542ed0e2ea22a4942c11085def89	b6a883564d9f0f426274376c88410698a129542ed0e2ea22a4942c11085def89	4227320c5d551820399d573925441cac328c836ba33eb4fca306d56b2eb0e71c	4227320c5d551820399d573925441cac328c836ba33eb4fca306d56b2eb0e71c	retain-pristine
src/core/softpc/base/ccpu386/btc.h	base/ccpu386/btc.h	source-or-header	identical-original	not-directly-selected	15e09bc43bdc5c163b25f6a55b886dfeaf5ba46ddc8a5a2c22f5e6af73e89261	15e09bc43bdc5c163b25f6a55b886dfeaf5ba46ddc8a5a2c22f5e6af73e89261	30d483d17fd1e0d663ebb231e0f2012cd73b0e05b06c58c4ddd66236e60081d1	30d483d17fd1e0d663ebb231e0f2012cd73b0e05b06c58c4ddd66236e60081d1	retain-pristine
src/core/softpc/base/ccpu386/btr.c	base/ccpu386/btr.c	source-or-header	identical-original	ccpu-manifest	b3a555c2e227f2e24200673a772c06b9d659b1210335e1ac90bb88eb53749393	b3a555c2e227f2e24200673a772c06b9d659b1210335e1ac90bb88eb53749393	e66cae376a9ba505e05e632e9b8c2bc4f8a749908c5eab2ffdf9b01a0b311081	e66cae376a9ba505e05e632e9b8c2bc4f8a749908c5eab2ffdf9b01a0b311081	retain-pristine
src/core/softpc/base/ccpu386/btr.h	base/ccpu386/btr.h	source-or-header	identical-original	not-directly-selected	2e1356821482d1ff937be79186efbb2c3979d132c06d1ea0636b7ad642b6ed58	2e1356821482d1ff937be79186efbb2c3979d132c06d1ea0636b7ad642b6ed58	07194fc657e8d0ed9226c31f3dedd5fc701c0ed1904bd887462072779ca7238e	07194fc657e8d0ed9226c31f3dedd5fc701c0ed1904bd887462072779ca7238e	retain-pristine
src/core/softpc/base/ccpu386/bts.c	base/ccpu386/bts.c	source-or-header	identical-original	ccpu-manifest	4d14baba2ac83c0ecfee89d0ec4bafe6d6c713b6cd82bcb6c40b2373119236ba	4d14baba2ac83c0ecfee89d0ec4bafe6d6c713b6cd82bcb6c40b2373119236ba	17e3c6ed8f0ae73b5e891c5f253d3e9cc46b0bacb892891a64a9601d27ae3c39	17e3c6ed8f0ae73b5e891c5f253d3e9cc46b0bacb892891a64a9601d27ae3c39	retain-pristine
src/core/softpc/base/ccpu386/bts.h	base/ccpu386/bts.h	source-or-header	identical-original	not-directly-selected	486a65a8e5b65a49c55fc436fafd86004ab8b14170975fcbc0b6a2300a757c2c	486a65a8e5b65a49c55fc436fafd86004ab8b14170975fcbc0b6a2300a757c2c	38f0ea734e6d05aa35357fd53711e485bd85d249f885f915bae4ae0ca0142479	38f0ea734e6d05aa35357fd53711e485bd85d249f885f915bae4ae0ca0142479	retain-pristine
src/core/softpc/base/ccpu386/c_addr.c	base/ccpu386/c_addr.c	source-or-header	identical-original	ccpu-manifest	c60e097b1ccaf789c1b37098085e337118e765a357acd0950ce01c5a08ab129a	c60e097b1ccaf789c1b37098085e337118e765a357acd0950ce01c5a08ab129a	74f54eb7eb44094ec2fd70981b9f1d7a9337838673d9f75beb5d9febfaf06a61	74f54eb7eb44094ec2fd70981b9f1d7a9337838673d9f75beb5d9febfaf06a61	retain-pristine
src/core/softpc/base/ccpu386/c_addr.h	base/ccpu386/c_addr.h	source-or-header	identical-original	not-directly-selected	f79309d3e5872c1d0871be1e811cdf90dc0d4681c55f4422103a4654f1a44471	f79309d3e5872c1d0871be1e811cdf90dc0d4681c55f4422103a4654f1a44471	01cabee87dcd299be6936584b557c47f54441dfc5abcedad5cbbb0014759bffa	01cabee87dcd299be6936584b557c47f54441dfc5abcedad5cbbb0014759bffa	retain-pristine
src/core/softpc/base/ccpu386/c_bsic.c	base/ccpu386/c_bsic.c	source-or-header	identical-original	ccpu-manifest	f02abb067552707b136e6fa87ac3dd8096a468d3da947699802fd9a1eda29a8b	f02abb067552707b136e6fa87ac3dd8096a468d3da947699802fd9a1eda29a8b	c03c4722da0e0fd7580da5bd1bd47c33017b8d458267377aa9f4c76fea4c3a98	c03c4722da0e0fd7580da5bd1bd47c33017b8d458267377aa9f4c76fea4c3a98	retain-pristine
src/core/softpc/base/ccpu386/c_bsic.h	base/ccpu386/c_bsic.h	source-or-header	identical-original	literal-reference	5a7e4cefa28c674ad3047741cf8f78c9882f3c2362af09ae3a3dc0df336eed17	5a7e4cefa28c674ad3047741cf8f78c9882f3c2362af09ae3a3dc0df336eed17	d115132907534afa9c3707d4f84c38bdaec79713131c074dcea15913e581a2ca	d115132907534afa9c3707d4f84c38bdaec79713131c074dcea15913e581a2ca	retain-pristine
src/core/softpc/base/ccpu386/c_debug.c	base/ccpu386/c_debug.c	source-or-header	identical-original	ccpu-manifest	56cf805a5a78fe257f4337f94b55aec634f6d7d6139296993623fa08a0655e91	56cf805a5a78fe257f4337f94b55aec634f6d7d6139296993623fa08a0655e91	309e55ae26e4b39702555259d6d96327a59469d4d9ad95d1350d16c521292df8	309e55ae26e4b39702555259d6d96327a59469d4d9ad95d1350d16c521292df8	retain-pristine
src/core/softpc/base/ccpu386/c_debug.h	base/ccpu386/c_debug.h	source-or-header	identical-original	not-directly-selected	aa692f4f8680b717ab51489055c0c7578d0498f8af0702d17c4a0c56b165a88e	aa692f4f8680b717ab51489055c0c7578d0498f8af0702d17c4a0c56b165a88e	5576c56672370939810387a969710ad81865946b0aec55a5bc54a2e411a4d52a	5576c56672370939810387a969710ad81865946b0aec55a5bc54a2e411a4d52a	retain-pristine
src/core/softpc/base/ccpu386/c_div64.c	base/ccpu386/c_div64.c	source-or-header	identical-original	ccpu-manifest	09876e41103bddd1397dbf36598e1b6766c1c39d8bb3181731e509e80fdd2278	09876e41103bddd1397dbf36598e1b6766c1c39d8bb3181731e509e80fdd2278	1cbadc11ea7cdafd836abdf160131eea331ddbbc575a908fcca83c952b9d5047	1cbadc11ea7cdafd836abdf160131eea331ddbbc575a908fcca83c952b9d5047	retain-pristine
src/core/softpc/base/ccpu386/c_div64.h	base/ccpu386/c_div64.h	source-or-header	identical-original	not-directly-selected	d0f6b3b3273a4330701c09be93441c3af0a26daeec45e1dfaf2077b2175716e8	d0f6b3b3273a4330701c09be93441c3af0a26daeec45e1dfaf2077b2175716e8	edad1061452d45e5de93022f0204a6a480ca469ee1a7360ba5732a8188d3a61f	edad1061452d45e5de93022f0204a6a480ca469ee1a7360ba5732a8188d3a61f	retain-pristine
src/core/softpc/base/ccpu386/c_getset.c	base/ccpu386/c_getset.c	source-or-header	normalized-identical-original	ccpu-manifest	75c36d7031aa725ccf655ab7f91affb1996f0f3e8d00a221844b572fca829428	02783213debc6b9a712adecf37941b4fea01c60c0cc86c0d3cdf526b1ff43374	6e0d8827145c5d927cbb4fe7b577eef7998afd050b32127cb3cf55210a232f0d	6e0d8827145c5d927cbb4fe7b577eef7998afd050b32127cb3cf55210a232f0d	retain-pristine
src/core/softpc/base/ccpu386/c_intr.c	base/ccpu386/c_intr.c	source-or-header	normalized-identical-original	ccpu-manifest	8118de78200a293f6a847de726081110c8bc0d4767c64ef0dee5cc3862bec6bb	9e6d69b1e05309ca87db41c66b89eb9d0862f2078c08a16fe20b82669bc46a7a	a730012baec1ec962b356fef511d7f1f06d75fe05a7d8022a65c677df7d83e33	a730012baec1ec962b356fef511d7f1f06d75fe05a7d8022a65c677df7d83e33	retain-pristine
src/core/softpc/base/ccpu386/c_intr.h	base/ccpu386/c_intr.h	source-or-header	identical-original	not-directly-selected	e672bd15baf1acf7673635d0f84e3892805e882278065a67b3e8100c7f7585d2	e672bd15baf1acf7673635d0f84e3892805e882278065a67b3e8100c7f7585d2	682267ce7433375b415b1ccdce2525185ada03f52eacd8ab610261aedba1af50	682267ce7433375b415b1ccdce2525185ada03f52eacd8ab610261aedba1af50	retain-pristine
src/core/softpc/base/ccpu386/c_main.c	base/ccpu386/c_main.c	source-or-header	direct-original-diff	literal-reference	e2cab764fd8ad02ce8270135a7c3d30815cc15c52692abe8362cb7aa31ab0cf5	f6cd45a30b6575d38ef95083601594f1403a34ebef1278dbb8362c19f4a14700	49116f5100c9b2fed05f3790c9ee1a20a70ac6fe38081e2a803466cdf654ecd3	4da67fec9801ef824c134d58ccf2a7158386526dc8a801f03fd80b954920edad	overlay
src/core/softpc/base/ccpu386/c_main.h	base/ccpu386/c_main.h	source-or-header	identical-original	not-directly-selected	c900712ad3c01e1e6ea6ee3b3ce597bf67f0ae1392576a8f60413af78a4742b6	c900712ad3c01e1e6ea6ee3b3ce597bf67f0ae1392576a8f60413af78a4742b6	e26097464cc0e3881e8e273d9215c3333f2f7c22261fb460afcecf695ad7e5f3	e26097464cc0e3881e8e273d9215c3333f2f7c22261fb460afcecf695ad7e5f3	retain-pristine
src/core/softpc/base/ccpu386/c_mem.h	base/ccpu386/c_mem.h	source-or-header	identical-original	not-directly-selected	ed6b66363a1722415a7779879827126bb8ab2fc1df331435c3e587aef5189560	ed6b66363a1722415a7779879827126bb8ab2fc1df331435c3e587aef5189560	5e1671bdc8db5e6c664046d1a1359e638402425549f98ea950707e173e267be8	5e1671bdc8db5e6c664046d1a1359e638402425549f98ea950707e173e267be8	retain-pristine
src/core/softpc/base/ccpu386/c_mul64.c	base/ccpu386/c_mul64.c	source-or-header	identical-original	ccpu-manifest	388c195d7dfcc8a5874b2ca805e6ad22c5427f2ff4a6c4fc345cb9cd26b8760c	388c195d7dfcc8a5874b2ca805e6ad22c5427f2ff4a6c4fc345cb9cd26b8760c	6fa37bba1956044fc108b7d7d67123428b1fac598120127ed7b64b03520d673b	6fa37bba1956044fc108b7d7d67123428b1fac598120127ed7b64b03520d673b	retain-pristine
src/core/softpc/base/ccpu386/c_mul64.h	base/ccpu386/c_mul64.h	source-or-header	identical-original	not-directly-selected	3829dbf447790d4bfcfe01858448c6a4b21e1d486f7a12502f1d6a9260c1a70e	3829dbf447790d4bfcfe01858448c6a4b21e1d486f7a12502f1d6a9260c1a70e	36a795460e4cd3fab85179aed897e9bb5ba8280faf2b73869c5f3550355a3dd6	36a795460e4cd3fab85179aed897e9bb5ba8280faf2b73869c5f3550355a3dd6	retain-pristine
src/core/softpc/base/ccpu386/c_neg64.c	base/ccpu386/c_neg64.c	source-or-header	identical-original	ccpu-manifest	222aa1e94318d59a0cbbdc32b43c68c9c09ce06c8962eaa185d789c32cadab33	222aa1e94318d59a0cbbdc32b43c68c9c09ce06c8962eaa185d789c32cadab33	63ed0e18c1db849a4d5bba692cd86a771f0feb2d0d02debf522813cf8e32416a	63ed0e18c1db849a4d5bba692cd86a771f0feb2d0d02debf522813cf8e32416a	retain-pristine
src/core/softpc/base/ccpu386/c_neg64.h	base/ccpu386/c_neg64.h	source-or-header	identical-original	not-directly-selected	03484d5c7e59d9a25b1e466cc78d411836f9a52e7d893a056d4842167d328d1c	03484d5c7e59d9a25b1e466cc78d411836f9a52e7d893a056d4842167d328d1c	13505ab322b3c3ef3eef3db228b324faebc6a457fb7e1d95e58d69b3daac6b87	13505ab322b3c3ef3eef3db228b324faebc6a457fb7e1d95e58d69b3daac6b87	retain-pristine
src/core/softpc/base/ccpu386/c_oprnd.h	base/ccpu386/c_oprnd.h	source-or-header	identical-original	not-directly-selected	d7b6cf24845a42b42246cb8ae2c41b7bbeda398c0da4cb51cab2620e3938619e	d7b6cf24845a42b42246cb8ae2c41b7bbeda398c0da4cb51cab2620e3938619e	901a46a9b0a9d55bcf35eb92e0c84879572100000d2eb767ccc7c1e70e4638d8	901a46a9b0a9d55bcf35eb92e0c84879572100000d2eb767ccc7c1e70e4638d8	retain-pristine
src/core/softpc/base/ccpu386/c_page.c	base/ccpu386/c_page.c	source-or-header	identical-original	literal-reference	f29e441f3940002924413f3bea791d12e96d65baa3931330e92878e5e71a97ee	f29e441f3940002924413f3bea791d12e96d65baa3931330e92878e5e71a97ee	51247feb81700e1f9d1eeb914ae18cbd4ea517798534d557c73f063bd4316b93	51247feb81700e1f9d1eeb914ae18cbd4ea517798534d557c73f063bd4316b93	retain-pristine
src/core/softpc/base/ccpu386/c_page.h	base/ccpu386/c_page.h	source-or-header	identical-original	not-directly-selected	f89ead8f38886fd2be66d322bec8adf2e1be56108e35ef95f89063082da973f9	f89ead8f38886fd2be66d322bec8adf2e1be56108e35ef95f89063082da973f9	8eb20d3dc424d55bb4200c2ee8bdc327b079ed20e33a04cd09f13e2c7078fc7f	8eb20d3dc424d55bb4200c2ee8bdc327b079ed20e33a04cd09f13e2c7078fc7f	retain-pristine
src/core/softpc/base/ccpu386/c_prot.c	base/ccpu386/c_prot.c	source-or-header	identical-original	ccpu-manifest	a8af9fa354d7a293045e95af706957130173e5319683ee6a1070f9285458b8f5	a8af9fa354d7a293045e95af706957130173e5319683ee6a1070f9285458b8f5	5376186b1850e7eb18375efd9c11db84faa28816c14fe3b957e93bba1b4edf4c	5376186b1850e7eb18375efd9c11db84faa28816c14fe3b957e93bba1b4edf4c	retain-pristine
src/core/softpc/base/ccpu386/c_prot.h	base/ccpu386/c_prot.h	source-or-header	identical-original	not-directly-selected	35474895b189c0a682f7b014698ee39e1d6954fcf8de88ebb26bb1f1628b9e19	35474895b189c0a682f7b014698ee39e1d6954fcf8de88ebb26bb1f1628b9e19	d65941a556f91b1460adff65defa885114b2d9251e47753aed9af270d03e834d	d65941a556f91b1460adff65defa885114b2d9251e47753aed9af270d03e834d	retain-pristine
src/core/softpc/base/ccpu386/c_reg.c	base/ccpu386/c_reg.c	source-or-header	identical-original	literal-reference	54bac68daf938cc40dc69fb2b4277f7ae535daebea6a8a5a70f3113d30caa48c	54bac68daf938cc40dc69fb2b4277f7ae535daebea6a8a5a70f3113d30caa48c	9a700cb1bb6c9a0deed908960e2493db03c8a2a1c930824c63b76be32b439f75	9a700cb1bb6c9a0deed908960e2493db03c8a2a1c930824c63b76be32b439f75	retain-pristine
src/core/softpc/base/ccpu386/c_reg.h	base/ccpu386/c_reg.h	source-or-header	identical-original	not-directly-selected	968a23e991127bf74872c9ca48d37341a64a4732fe9fec397d78464644138a35	968a23e991127bf74872c9ca48d37341a64a4732fe9fec397d78464644138a35	7c0060f31036c4a569a27058f6b76be4eee8fe1a7384396a44e26e781c104939	7c0060f31036c4a569a27058f6b76be4eee8fe1a7384396a44e26e781c104939	retain-pristine
src/core/softpc/base/ccpu386/c_seg.c	base/ccpu386/c_seg.c	source-or-header	identical-original	ccpu-manifest	6e5f4607f259d50abe7ad27741e48d6110737097da88ea46627fa275903135c9	6e5f4607f259d50abe7ad27741e48d6110737097da88ea46627fa275903135c9	48b2f7196694119389bc0e2379688633a63a08f6d3960f0cd4c7e4d030bcc995	48b2f7196694119389bc0e2379688633a63a08f6d3960f0cd4c7e4d030bcc995	retain-pristine
src/core/softpc/base/ccpu386/c_seg.h	base/ccpu386/c_seg.h	source-or-header	identical-original	not-directly-selected	f1ba9f11b572c9a9b496a8ae35bd79c82abd01442fe545f698da9abb70d4a04e	f1ba9f11b572c9a9b496a8ae35bd79c82abd01442fe545f698da9abb70d4a04e	7074ff6d3cf0d227b436d6068c60033ca105bac08d64a832a1f33d00d73165a0	7074ff6d3cf0d227b436d6068c60033ca105bac08d64a832a1f33d00d73165a0	retain-pristine
src/core/softpc/base/ccpu386/c_stack.c	base/ccpu386/c_stack.c	source-or-header	identical-original	ccpu-manifest	a038c8e79688b5e7430e3a9baf0c5e11848c4d2de89584ae71a4209c7ed54292	a038c8e79688b5e7430e3a9baf0c5e11848c4d2de89584ae71a4209c7ed54292	915bb31d82754f6d21ff34ebdddf06c74facda0af549d354eb53a6c6c1a79c57	915bb31d82754f6d21ff34ebdddf06c74facda0af549d354eb53a6c6c1a79c57	retain-pristine
src/core/softpc/base/ccpu386/c_stack.h	base/ccpu386/c_stack.h	source-or-header	identical-original	not-directly-selected	323384e4437fa1bba94994f6cd5a762bc74c9d35eb03d6966ac8df235e165f75	323384e4437fa1bba94994f6cd5a762bc74c9d35eb03d6966ac8df235e165f75	921a73e59272d424ac5c9ea996a375778cbc445546ae9ad0f6425445e9b0fa1d	921a73e59272d424ac5c9ea996a375778cbc445546ae9ad0f6425445e9b0fa1d	retain-pristine
src/core/softpc/base/ccpu386/c_tlb.c	base/ccpu386/c_tlb.c	source-or-header	identical-original	ccpu-manifest	a83a7dd3f7e3fbb83723047aacddbd22d4001591c6d444d4bd6d45dd73e38fd8	a83a7dd3f7e3fbb83723047aacddbd22d4001591c6d444d4bd6d45dd73e38fd8	f7222ac881dfefaa04e536775f4ee0ff631e0f8200c6662b765f20f31a7e7bdc	f7222ac881dfefaa04e536775f4ee0ff631e0f8200c6662b765f20f31a7e7bdc	retain-pristine
src/core/softpc/base/ccpu386/c_tlb.h	base/ccpu386/c_tlb.h	source-or-header	identical-original	not-directly-selected	fbe5b60ee74699df9c44a3caa728035f92c9300cf53c4be51fb67b00565c1f36	fbe5b60ee74699df9c44a3caa728035f92c9300cf53c4be51fb67b00565c1f36	a76037eefdcaaf8b7536827784c8db304efb392d9180cf3f8a0bba5bcaf86a86	a76037eefdcaaf8b7536827784c8db304efb392d9180cf3f8a0bba5bcaf86a86	retain-pristine
src/core/softpc/base/ccpu386/c_tsksw.c	base/ccpu386/c_tsksw.c	source-or-header	identical-original	ccpu-manifest	5713c9351942c0c4dddb00d9ef337abf2974d3236e9aea169117d0a38fe0ad49	5713c9351942c0c4dddb00d9ef337abf2974d3236e9aea169117d0a38fe0ad49	3d0b14df54f12b7153179eb9bebb5e50f72e262e716ae7fba5e8d752e22ab0c1	3d0b14df54f12b7153179eb9bebb5e50f72e262e716ae7fba5e8d752e22ab0c1	retain-pristine
src/core/softpc/base/ccpu386/c_tsksw.h	base/ccpu386/c_tsksw.h	source-or-header	identical-original	not-directly-selected	d95d976a8ade5fddc6992649cb4897e41b6b1937be08fc61eac709aa95b38635	d95d976a8ade5fddc6992649cb4897e41b6b1937be08fc61eac709aa95b38635	b7ca59d1a6a5221e97f40d06ddbe24d30b498e268cda6adac1c9404f432a9449	b7ca59d1a6a5221e97f40d06ddbe24d30b498e268cda6adac1c9404f432a9449	retain-pristine
src/core/softpc/base/ccpu386/c_xcptn.c	base/ccpu386/c_xcptn.c	source-or-header	normalized-identical-original	literal-reference	f1a41a942b406135a91042953f8fa967bef68757d11b71733bdbc31478d67e8c	e1f8f19a1f513402a10dc13eaf3b43d45a208fd71a72692f690f808a7e7762b2	24ea62cff2a5aeb30fa3dfdd6ad7cd81ae692365755852659350cc07b28ab76e	24ea62cff2a5aeb30fa3dfdd6ad7cd81ae692365755852659350cc07b28ab76e	retain-pristine
src/core/softpc/base/ccpu386/c_xcptn.h	base/ccpu386/c_xcptn.h	source-or-header	identical-original	not-directly-selected	95d1ea4929b3d24e18644849ff6592e4f901e5ccbf86225af95750476021aace	95d1ea4929b3d24e18644849ff6592e4f901e5ccbf86225af95750476021aace	08eddf7ea5b9587cf829d70236f752c83aece57154bb3098ed4a751569b08607	08eddf7ea5b9587cf829d70236f752c83aece57154bb3098ed4a751569b08607	retain-pristine
src/core/softpc/base/ccpu386/c_xfer.c	base/ccpu386/c_xfer.c	source-or-header	identical-original	ccpu-manifest	5f730f08b36a3a19cd1c682e080816d21e633b0f1b07f929b08e1d7e06ef4037	5f730f08b36a3a19cd1c682e080816d21e633b0f1b07f929b08e1d7e06ef4037	7859d1e82e8e88fa2d5fc415822c05ed5d8fde89c33294803c88ed82ccfea5f6	7859d1e82e8e88fa2d5fc415822c05ed5d8fde89c33294803c88ed82ccfea5f6	retain-pristine
src/core/softpc/base/ccpu386/c_xfer.h	base/ccpu386/c_xfer.h	source-or-header	identical-original	not-directly-selected	f6c8c6ea9e20ae50f80a2b78c1cd8a2dd7235d2b90ca6b92639b69d1ff5633c1	f6c8c6ea9e20ae50f80a2b78c1cd8a2dd7235d2b90ca6b92639b69d1ff5633c1	f473ffb218ac3be8b2c5331f089d52b24959b33a458246f7428e0ba274326091	f473ffb218ac3be8b2c5331f089d52b24959b33a458246f7428e0ba274326091	retain-pristine
src/core/softpc/base/ccpu386/c_xtrn.c	base/ccpu386/c_xtrn.c	source-or-header	identical-original	ccpu-manifest	e114d6d858f5eafe2d7a4e8af560831d95f190ecf07209d91255f1140680943e	e114d6d858f5eafe2d7a4e8af560831d95f190ecf07209d91255f1140680943e	2d50982998f88f8cabc56523f6d74d914e586c97c3f2ccf997f7377fc30c9ca9	2d50982998f88f8cabc56523f6d74d914e586c97c3f2ccf997f7377fc30c9ca9	retain-pristine
src/core/softpc/base/ccpu386/c_xtrn.h	base/ccpu386/c_xtrn.h	source-or-header	identical-original	not-directly-selected	8a2481c44fb3c03c6f87b60e5c6d9c5ee2974068b0cbfb47434dbd8f1d6de71d	8a2481c44fb3c03c6f87b60e5c6d9c5ee2974068b0cbfb47434dbd8f1d6de71d	fe06efe29704953dacaabda2e5a9badc6b35310904a962252a2c94abdbdf7a6c	fe06efe29704953dacaabda2e5a9badc6b35310904a962252a2c94abdbdf7a6c	retain-pristine
src/core/softpc/base/ccpu386/call.c	base/ccpu386/call.c	source-or-header	identical-original	ccpu-manifest	ce5f56ea27239d0c85243cee23e01de34b1f82d3ba92eced687e2b3bd90a2a94	ce5f56ea27239d0c85243cee23e01de34b1f82d3ba92eced687e2b3bd90a2a94	62f8a228517fe50a9104587be06469a8317d98e6d8b7af21d1e33c9ea004eb35	62f8a228517fe50a9104587be06469a8317d98e6d8b7af21d1e33c9ea004eb35	retain-pristine
src/core/softpc/base/ccpu386/call.h	base/ccpu386/call.h	source-or-header	identical-original	not-directly-selected	259b41ed39e883eb250063db1dae9dbbc7c67f5e26df64a12326b3f0c2c7fb97	259b41ed39e883eb250063db1dae9dbbc7c67f5e26df64a12326b3f0c2c7fb97	77a6b3dd293399e9f6fc913be8a64ee2ce7a74d9bc8dab479d361b7e593963b8	77a6b3dd293399e9f6fc913be8a64ee2ce7a74d9bc8dab479d361b7e593963b8	retain-pristine
src/core/softpc/base/ccpu386/cbw.c	base/ccpu386/cbw.c	source-or-header	identical-original	ccpu-manifest	57ed4c085f1deff04e4a1f1d48e19f104928d338d468fef516d3772adbae4f5e	57ed4c085f1deff04e4a1f1d48e19f104928d338d468fef516d3772adbae4f5e	fc2483c4bf790adebccecb5337b4cfdada17a6ec91c72718075fa6881e344ac1	fc2483c4bf790adebccecb5337b4cfdada17a6ec91c72718075fa6881e344ac1	retain-pristine
src/core/softpc/base/ccpu386/cbw.h	base/ccpu386/cbw.h	source-or-header	identical-original	not-directly-selected	1b84f9511192257f409ac2f3adaae1fb62d22ddae43a5b01e73a56601780387c	1b84f9511192257f409ac2f3adaae1fb62d22ddae43a5b01e73a56601780387c	b9b09b970e1218415b30355ac160fa7d32747e1f464b7bea2a04367bc4ea2470	b9b09b970e1218415b30355ac160fa7d32747e1f464b7bea2a04367bc4ea2470	retain-pristine
src/core/softpc/base/ccpu386/ccpudefs.inc	base/ccpu386/ccpudefs.inc	source-or-header	identical-original	not-directly-selected	5aeaaa72f958ef891628c267ee4849a0203c25af0fbe67b3fdc890b75dfb3fd8	5aeaaa72f958ef891628c267ee4849a0203c25af0fbe67b3fdc890b75dfb3fd8	c4e4eeddcb0aa990dedb14e7eb790de16dc7295fcda36f2e4f2ea207d18f5b2b	c4e4eeddcb0aa990dedb14e7eb790de16dc7295fcda36f2e4f2ea207d18f5b2b	retain-pristine
src/core/softpc/base/ccpu386/ccpupig.c	base/ccpu386/ccpupig.c	source-or-header	identical-original	ccpu-manifest	bfeaff9c9a49039aa29740f6dac2dd6a32bce897d0d0ffe3d00a43d66cd09523	bfeaff9c9a49039aa29740f6dac2dd6a32bce897d0d0ffe3d00a43d66cd09523	72adaee7f4c32d26a0ce6e01e94a06320a4a53276314d4bdf0005bb8d89758ad	72adaee7f4c32d26a0ce6e01e94a06320a4a53276314d4bdf0005bb8d89758ad	retain-pristine
src/core/softpc/base/ccpu386/ccpupig.h	base/ccpu386/ccpupig.h	source-or-header	identical-original	not-directly-selected	73b2e7ceda4cb3ba83343b1fe07a428dccab76a196b2d7c3951c37962be1e1db	73b2e7ceda4cb3ba83343b1fe07a428dccab76a196b2d7c3951c37962be1e1db	9846ffaf865dfb327cc0c33939b50511c9db4153a24f573e73a648f28bfebfab	9846ffaf865dfb327cc0c33939b50511c9db4153a24f573e73a648f28bfebfab	retain-pristine
src/core/softpc/base/ccpu386/ccpusas4.c	base/ccpu386/ccpusas4.c	source-or-header	identical-original	literal-reference	2802840ef84106ae0f99c6f17af370da66c9381a1355570f5998039fbb33534e	2802840ef84106ae0f99c6f17af370da66c9381a1355570f5998039fbb33534e	7d86e9354e98f2caf9d7e7abb4c7e937ad09076e79bc3e01b5169e019cb042fa	7d86e9354e98f2caf9d7e7abb4c7e937ad09076e79bc3e01b5169e019cb042fa	retain-pristine
src/core/softpc/base/ccpu386/ccpusas4.h	base/ccpu386/ccpusas4.h	source-or-header	identical-original	not-directly-selected	8b4622e066f61c6815dbadf3f3c735d7dd29210673a6930f354aaf0e2be880e8	8b4622e066f61c6815dbadf3f3c735d7dd29210673a6930f354aaf0e2be880e8	edb144172eb08db6febba03a08429945a97b7b61bd4ed12f19ac404c5c68fb72	edb144172eb08db6febba03a08429945a97b7b61bd4ed12f19ac404c5c68fb72	retain-pristine
src/core/softpc/base/ccpu386/cdq.c	base/ccpu386/cdq.c	source-or-header	identical-original	ccpu-manifest	b1eb591cbf098e64b5dfefa9de3b4ab214c35e23f72c83501ee5a9f713664510	b1eb591cbf098e64b5dfefa9de3b4ab214c35e23f72c83501ee5a9f713664510	c915fa13f6120bdb5ccb95e2afa1b22a1c29c725c1679c864349c0bc96dc1830	c915fa13f6120bdb5ccb95e2afa1b22a1c29c725c1679c864349c0bc96dc1830	retain-pristine
src/core/softpc/base/ccpu386/cdq.h	base/ccpu386/cdq.h	source-or-header	identical-original	not-directly-selected	862784986b4afff6c4d84fab85b6a26875d8aaaff8d0d26ec324f6bff28555e1	862784986b4afff6c4d84fab85b6a26875d8aaaff8d0d26ec324f6bff28555e1	4497721e6115d8a17f5e2fc968fa8afc635a1b19454739c9bc0085302ce296fd	4497721e6115d8a17f5e2fc968fa8afc635a1b19454739c9bc0085302ce296fd	retain-pristine
src/core/softpc/base/ccpu386/c-files	base/ccpu386/c-files	source-or-header	identical-original	literal-reference	eaa7ea6f06c5df0f7938b14d245fea15bbe89a418d6b265498269bb09122e9d2	eaa7ea6f06c5df0f7938b14d245fea15bbe89a418d6b265498269bb09122e9d2	68bbd728182cd6d7f636f5401dc82ba5b067b81437547b264be6b8669c186fb2	68bbd728182cd6d7f636f5401dc82ba5b067b81437547b264be6b8669c186fb2	retain-pristine
src/core/softpc/base/ccpu386/clc.c	base/ccpu386/clc.c	source-or-header	identical-original	ccpu-manifest	6d356c318117e69751ed0c4e41ef86ad3106882a0dec530bd47cc4bf3fe5c091	6d356c318117e69751ed0c4e41ef86ad3106882a0dec530bd47cc4bf3fe5c091	17d46d4b7f865ec80034f6a6478529d9dfb22ee65f4be13857ce44432f325f74	17d46d4b7f865ec80034f6a6478529d9dfb22ee65f4be13857ce44432f325f74	retain-pristine
src/core/softpc/base/ccpu386/clc.h	base/ccpu386/clc.h	source-or-header	identical-original	not-directly-selected	10def390faa04007511027558918905d34eebe17d7646614c5560bc3e490f1c6	10def390faa04007511027558918905d34eebe17d7646614c5560bc3e490f1c6	f35fc434de9cafeac63c0e66d87dc216ff559a6dc0a08839ce6565c0cbbf8860	f35fc434de9cafeac63c0e66d87dc216ff559a6dc0a08839ce6565c0cbbf8860	retain-pristine
src/core/softpc/base/ccpu386/cld.c	base/ccpu386/cld.c	source-or-header	identical-original	ccpu-manifest	6956d48a4b0d63dba81b277584429102624c064658e0a1c4c921efdda8c84d96	6956d48a4b0d63dba81b277584429102624c064658e0a1c4c921efdda8c84d96	a35eabdbef6d95bff8f1d58421f3c8ff3caf749df0ce684adb130607204fc2b3	a35eabdbef6d95bff8f1d58421f3c8ff3caf749df0ce684adb130607204fc2b3	retain-pristine
src/core/softpc/base/ccpu386/cld.h	base/ccpu386/cld.h	source-or-header	identical-original	not-directly-selected	767ff331d15e2bb10febc0316f60b634f0dbf086c841bd3042a7fe9a6ecf8b63	767ff331d15e2bb10febc0316f60b634f0dbf086c841bd3042a7fe9a6ecf8b63	dc5606eb8b6a0aee48e781a01a9831c2a9f13081dfb9ebbaaca054a3793351dc	dc5606eb8b6a0aee48e781a01a9831c2a9f13081dfb9ebbaaca054a3793351dc	retain-pristine
src/core/softpc/base/ccpu386/cli.c	base/ccpu386/cli.c	source-or-header	identical-original	ccpu-manifest	3f044715990199f959ec05a8a18c98b084956f43f39f2f172705f6fdecb80018	3f044715990199f959ec05a8a18c98b084956f43f39f2f172705f6fdecb80018	1d2baccfe1aad1fdf836e6f2c690614f6a29d82923bfb428ded30e03d18131c9	1d2baccfe1aad1fdf836e6f2c690614f6a29d82923bfb428ded30e03d18131c9	retain-pristine
src/core/softpc/base/ccpu386/cli.h	base/ccpu386/cli.h	source-or-header	identical-original	not-directly-selected	5d616f047e4245e8fbdc66ef6b3eb920c0322f71ea648bf474d3e2d167f3aef5	5d616f047e4245e8fbdc66ef6b3eb920c0322f71ea648bf474d3e2d167f3aef5	723a1e1fd5bae84e13de9ea0862d871a0a892dc06ed29a3284084f24951109a8	723a1e1fd5bae84e13de9ea0862d871a0a892dc06ed29a3284084f24951109a8	retain-pristine
src/core/softpc/base/ccpu386/clts.c	base/ccpu386/clts.c	source-or-header	identical-original	ccpu-manifest	7021e4711bed42bba118d565707c6735735068119c5030f54a79ac704bb28533	7021e4711bed42bba118d565707c6735735068119c5030f54a79ac704bb28533	5f72e297a3ed28f38595ba1b9c6a6d450e7bc99c2b5ce33e6e54836b2926f767	5f72e297a3ed28f38595ba1b9c6a6d450e7bc99c2b5ce33e6e54836b2926f767	retain-pristine
src/core/softpc/base/ccpu386/clts.h	base/ccpu386/clts.h	source-or-header	identical-original	not-directly-selected	12493762580845acd2d59b21dfb9ab1cb2d40b006f803dfa360d503298429663	12493762580845acd2d59b21dfb9ab1cb2d40b006f803dfa360d503298429663	c3b64dcd859c5487c05c21366b95bd7a9e88a0b18749a34344360a7f8f4e5ccf	c3b64dcd859c5487c05c21366b95bd7a9e88a0b18749a34344360a7f8f4e5ccf	retain-pristine
src/core/softpc/base/ccpu386/cmc.c	base/ccpu386/cmc.c	source-or-header	identical-original	ccpu-manifest	7b1dc3c22e44fd0608e616508737e3367bee80520692780b4e1cfa1ee60b5ed8	7b1dc3c22e44fd0608e616508737e3367bee80520692780b4e1cfa1ee60b5ed8	f9a9918c68fe9de8b79fb4d41c4bcd1efffcc80f3fc59a20add5545371beac39	f9a9918c68fe9de8b79fb4d41c4bcd1efffcc80f3fc59a20add5545371beac39	retain-pristine
src/core/softpc/base/ccpu386/cmc.h	base/ccpu386/cmc.h	source-or-header	identical-original	not-directly-selected	962988c4ca0915bcd5269689419d284aa8107fb0b716b3399032b6095c5e8dca	962988c4ca0915bcd5269689419d284aa8107fb0b716b3399032b6095c5e8dca	1048c954ee443826b94e4455b3c630febadae9645b3111441f0a7c4567a89fa9	1048c954ee443826b94e4455b3c630febadae9645b3111441f0a7c4567a89fa9	retain-pristine
src/core/softpc/base/ccpu386/cmp.c	base/ccpu386/cmp.c	source-or-header	identical-original	ccpu-manifest	05a601eb2a232efc5e87fb0c6daf44916256b8f0532a607a9a0dbf8755791b77	05a601eb2a232efc5e87fb0c6daf44916256b8f0532a607a9a0dbf8755791b77	273891754d5da7cc0bcde32325352058f91f32532cfcebd01a1e609360bd513b	273891754d5da7cc0bcde32325352058f91f32532cfcebd01a1e609360bd513b	retain-pristine
src/core/softpc/base/ccpu386/cmp.h	base/ccpu386/cmp.h	source-or-header	identical-original	not-directly-selected	f8456be8dc667c754d4dd99ec0443b3212b372fa7c785d6480f10d347f527b25	f8456be8dc667c754d4dd99ec0443b3212b372fa7c785d6480f10d347f527b25	fe43e39df69924c42fc96e61c3c9c31cc1692d948afe9887ed26bf45ab07fd5a	fe43e39df69924c42fc96e61c3c9c31cc1692d948afe9887ed26bf45ab07fd5a	retain-pristine
src/core/softpc/base/ccpu386/cmpxchg.c	base/ccpu386/cmpxchg.c	source-or-header	identical-original	ccpu-manifest	02318c7bd61ead65d6d2c97b3980a7acc573d7b6fd951371fbfac157fec397f1	02318c7bd61ead65d6d2c97b3980a7acc573d7b6fd951371fbfac157fec397f1	ddaba395de7ae26c2541c9b90659d28ee7b145efcd5855ccc8de210ffc264b93	ddaba395de7ae26c2541c9b90659d28ee7b145efcd5855ccc8de210ffc264b93	retain-pristine
src/core/softpc/base/ccpu386/cmpxchg.h	base/ccpu386/cmpxchg.h	source-or-header	identical-original	not-directly-selected	da0cb148f406990bdd4af19b231317608b29b9d370f5d5ebf70e2b14ecf683ef	da0cb148f406990bdd4af19b231317608b29b9d370f5d5ebf70e2b14ecf683ef	2ef3a6a9debbb23758f2eb43cd41292881d80246048c4b94c1b748f013e70cf6	2ef3a6a9debbb23758f2eb43cd41292881d80246048c4b94c1b748f013e70cf6	retain-pristine
src/core/softpc/base/ccpu386/cpu4gen.h	base/ccpu386/cpu4gen.h	source-or-header	identical-original	literal-reference	7c03d8f75644e6c2d0b4fb1a1e66ab93c55225df61e8329d5fffdf1d08a5fccb	7c03d8f75644e6c2d0b4fb1a1e66ab93c55225df61e8329d5fffdf1d08a5fccb	8f3a5fa0e7596c7b1d3dba63c4c252bb16d4b84073e633de11be476618f0a7aa	8f3a5fa0e7596c7b1d3dba63c4c252bb16d4b84073e633de11be476618f0a7aa	retain-pristine
src/core/softpc/base/ccpu386/cpuint_c.h	base/ccpu386/cpuint_c.h	source-or-header	identical-original	not-directly-selected	b171b9bb51bf810c5e9f839a88a79a6f1eb66c37c4128069fe3e7972da849ede	b171b9bb51bf810c5e9f839a88a79a6f1eb66c37c4128069fe3e7972da849ede	65eac2fbdb6bd7795a2c7f8dbaa7008037053c81516752ca48998f2f8e0b3e07	65eac2fbdb6bd7795a2c7f8dbaa7008037053c81516752ca48998f2f8e0b3e07	retain-pristine
src/core/softpc/base/ccpu386/cwd.c	base/ccpu386/cwd.c	source-or-header	identical-original	ccpu-manifest	e0b3aeead327b314760573c98a7a20028e74a0f20d2045971566ef9f3b1122bc	e0b3aeead327b314760573c98a7a20028e74a0f20d2045971566ef9f3b1122bc	6fb4f62a9115b86d9bcc2fe21245beb03562ea3ad710c101deb221842cece30f	6fb4f62a9115b86d9bcc2fe21245beb03562ea3ad710c101deb221842cece30f	retain-pristine
src/core/softpc/base/ccpu386/cwd.h	base/ccpu386/cwd.h	source-or-header	identical-original	not-directly-selected	64758f519e4eb046cd2651e5519136624fdad0f6fc35b5439b5c55d2278d0f7f	64758f519e4eb046cd2651e5519136624fdad0f6fc35b5439b5c55d2278d0f7f	f92855db30e5964680e07af0c8613240bb65b2e15c917c461767a5f323245542	f92855db30e5964680e07af0c8613240bb65b2e15c917c461767a5f323245542	retain-pristine
src/core/softpc/base/ccpu386/cwde.c	base/ccpu386/cwde.c	source-or-header	identical-original	ccpu-manifest	1b3345efcfe8d617eefd829fe90dbed07a3cb6ab8826c0ffd856efca3c57a436	1b3345efcfe8d617eefd829fe90dbed07a3cb6ab8826c0ffd856efca3c57a436	b21b428a7eae0e7aebb471015f00a7c379833165adb385250b4af0a905f67e8d	b21b428a7eae0e7aebb471015f00a7c379833165adb385250b4af0a905f67e8d	retain-pristine
src/core/softpc/base/ccpu386/cwde.h	base/ccpu386/cwde.h	source-or-header	identical-original	not-directly-selected	42b9d04f5c5fa4d46ba9845d27778fa23b7b9977abf2d03f404b20b2b5573aca	42b9d04f5c5fa4d46ba9845d27778fa23b7b9977abf2d03f404b20b2b5573aca	e424f213c2f7ea16b0ac213dbc5f28983771b79efa4a51f11fd0f033434adf2f	e424f213c2f7ea16b0ac213dbc5f28983771b79efa4a51f11fd0f033434adf2f	retain-pristine
src/core/softpc/base/ccpu386/daa.c	base/ccpu386/daa.c	source-or-header	identical-original	ccpu-manifest	5cd3ba3ee4989fb02c85a07e020f9a67a1939e8333fe5b83b7c16b3a828c9817	5cd3ba3ee4989fb02c85a07e020f9a67a1939e8333fe5b83b7c16b3a828c9817	1f67754006626b2313732c1780244502bee436086f83b606be22c5c66b8d7214	1f67754006626b2313732c1780244502bee436086f83b606be22c5c66b8d7214	retain-pristine
src/core/softpc/base/ccpu386/daa.h	base/ccpu386/daa.h	source-or-header	identical-original	not-directly-selected	6f90a5d43b772f5be2ffa9228dfa9055ab4283b3bbe69c748b26419703fade8a	6f90a5d43b772f5be2ffa9228dfa9055ab4283b3bbe69c748b26419703fade8a	9d9f76f4ac7645d2b71c399f2d3e66e4b7b45441f6c3b14497846428a6f704c1	9d9f76f4ac7645d2b71c399f2d3e66e4b7b45441f6c3b14497846428a6f704c1	retain-pristine
src/core/softpc/base/ccpu386/das.c	base/ccpu386/das.c	source-or-header	identical-original	ccpu-manifest	31aea3f55537c576caa4403de3d250220d15016a8936be5c4402d623c2cd1fdd	31aea3f55537c576caa4403de3d250220d15016a8936be5c4402d623c2cd1fdd	bf49a2544d516010555ad12d865ad6f36647f93b93c5b399022c61554f92d7d9	bf49a2544d516010555ad12d865ad6f36647f93b93c5b399022c61554f92d7d9	retain-pristine
src/core/softpc/base/ccpu386/das.h	base/ccpu386/das.h	source-or-header	identical-original	not-directly-selected	f12a31adcc8f302ea020c81568dd90562929b782b0ba2eb3e0c4fc567cbd84ee	f12a31adcc8f302ea020c81568dd90562929b782b0ba2eb3e0c4fc567cbd84ee	208248dbccf1175ab3126a61326a66fb3b4b334866d88a4424eb65e317e43276	208248dbccf1175ab3126a61326a66fb3b4b334866d88a4424eb65e317e43276	retain-pristine
src/core/softpc/base/ccpu386/dec.c	base/ccpu386/dec.c	source-or-header	identical-original	ccpu-manifest	4cb52793a88de120f63d1ecf3ba38507ae4e35e48b1b0a7984db034fd4c2e594	4cb52793a88de120f63d1ecf3ba38507ae4e35e48b1b0a7984db034fd4c2e594	37c2f4423c75b40066174332fd1452e2dd73bee700b5b0eed48a8766a03b0dab	37c2f4423c75b40066174332fd1452e2dd73bee700b5b0eed48a8766a03b0dab	retain-pristine
src/core/softpc/base/ccpu386/dec.h	base/ccpu386/dec.h	source-or-header	identical-original	not-directly-selected	75208f017bd31b4e18ff12a6a86a5f5e38d343539e87e1b229e12b719e611f9f	75208f017bd31b4e18ff12a6a86a5f5e38d343539e87e1b229e12b719e611f9f	4ee5b1bd80a94d768798e864edcc68b46b9b0826734fdd515ce5bd3ad8f67c92	4ee5b1bd80a94d768798e864edcc68b46b9b0826734fdd515ce5bd3ad8f67c92	retain-pristine
src/core/softpc/base/ccpu386/div.c	base/ccpu386/div.c	source-or-header	identical-original	ccpu-manifest	e1e9653d0883617e12ed70ff4ab08c96d75c7a8b09ea4eb855b3cd4ab3e73007	e1e9653d0883617e12ed70ff4ab08c96d75c7a8b09ea4eb855b3cd4ab3e73007	a7249534e16de7296a91b8a75e3b1721bdfa6a053e9929ff4c9da40490cfceb4	a7249534e16de7296a91b8a75e3b1721bdfa6a053e9929ff4c9da40490cfceb4	retain-pristine
src/core/softpc/base/ccpu386/div.h	base/ccpu386/div.h	source-or-header	identical-original	not-directly-selected	2b2b36e63fd29f0f96cec86902bef5140a2ee4ff754e7357e821d754f85664f9	2b2b36e63fd29f0f96cec86902bef5140a2ee4ff754e7357e821d754f85664f9	49754f98108ba410b67eaa2fc259272c9e2215ff70068565bd4c89006ad83104	49754f98108ba410b67eaa2fc259272c9e2215ff70068565bd4c89006ad83104	retain-pristine
src/core/softpc/base/ccpu386/enter.c	base/ccpu386/enter.c	source-or-header	identical-original	ccpu-manifest	68528701e321729d9d758f49661d1fbaa0cdbfbf75b9af074a7be7dbb35ffec2	68528701e321729d9d758f49661d1fbaa0cdbfbf75b9af074a7be7dbb35ffec2	ee8dfb69e2c9a36dcb267e3a4318eec8b450a5b097b1d3a30c78dc2dc5bb9454	ee8dfb69e2c9a36dcb267e3a4318eec8b450a5b097b1d3a30c78dc2dc5bb9454	retain-pristine
src/core/softpc/base/ccpu386/enter.h	base/ccpu386/enter.h	source-or-header	identical-original	not-directly-selected	be0c2524721038b0771248063e5da6f3fa47669a8c7c2c35fe90a0ed45dfedc3	be0c2524721038b0771248063e5da6f3fa47669a8c7c2c35fe90a0ed45dfedc3	457e69da965831ad5e9efc8077679682852d48c7f99cc67dc5cfd9787073d113	457e69da965831ad5e9efc8077679682852d48c7f99cc67dc5cfd9787073d113	retain-pristine
src/core/softpc/base/ccpu386/evid_c.h	base/ccpu386/evid_c.h	source-or-header	direct-original-diff	not-directly-selected	605fe8549c906a3bca70e72b983903adca8bd66224324d289cd85e83325fb1bc	c8e3925c56ed41cbcc982794eb87e2141df7d5d01059d58e2a017f874074f693	e3df6ab99b09fc7ab9678cda45ba0fc6b9b6a71f45da333fbb57648b5ad40d4c	655e5d33735a21abb4376b1c7f38b5f6c13a043f90732a1c7442d79ebb271146	overlay
src/core/softpc/base/ccpu386/evidfunc.h	base/ccpu386/evidfunc.h	source-or-header	identical-original	not-directly-selected	69ff2429a6fb7b0e6ffa690e101c2b0695a89cc3fa186a789ded9c27d81d7bc7	69ff2429a6fb7b0e6ffa690e101c2b0695a89cc3fa186a789ded9c27d81d7bc7	cc4657e7cf4279a4b96e35386ff8b28f8c73a9f963a8043a66d9ccf7b241519b	cc4657e7cf4279a4b96e35386ff8b28f8c73a9f963a8043a66d9ccf7b241519b	retain-pristine
src/core/softpc/base/ccpu386/evidgen.h	base/ccpu386/evidgen.h	source-or-header	identical-original	not-directly-selected	7e429987c49ec9e87ca45394eeddc87c73877e5f95aed73e1bc1d7224d308772	7e429987c49ec9e87ca45394eeddc87c73877e5f95aed73e1bc1d7224d308772	33fb1e85e25dd3213077b1f865e7145b3051c42de2c44bd8e0796aa2d87f3236	33fb1e85e25dd3213077b1f865e7145b3051c42de2c44bd8e0796aa2d87f3236	retain-pristine
src/core/softpc/base/ccpu386/fault.h	base/ccpu386/fault.h	source-or-header	identical-original	not-directly-selected	120771ed9eaba525f18ac81d62b0e868d4655a4071db1d8e48c8a7561924169f	120771ed9eaba525f18ac81d62b0e868d4655a4071db1d8e48c8a7561924169f	3165569b762b2e8543412568251d1bd3541eb1892b866af9bd47afe1dd96b132	3165569b762b2e8543412568251d1bd3541eb1892b866af9bd47afe1dd96b132	retain-pristine
src/core/softpc/base/ccpu386/fpu.c	base/ccpu386/fpu.c	source-or-header	identical-original	literal-reference	1309239998f72b64583b184d33623c763c3c98ea185081f8d8b294cd9b8c524f	1309239998f72b64583b184d33623c763c3c98ea185081f8d8b294cd9b8c524f	8b545b9c0a0c143baf75e280b60bad869c880183b38e282cbcdb9da921cb052c	8b545b9c0a0c143baf75e280b60bad869c880183b38e282cbcdb9da921cb052c	retain-pristine
src/core/softpc/base/ccpu386/fpu_c.h	base/ccpu386/fpu_c.h	source-or-header	identical-original	not-directly-selected	0f1d67436ed417b6726f958cfd97ece40ddedd05997369449be5861a47b7b912	0f1d67436ed417b6726f958cfd97ece40ddedd05997369449be5861a47b7b912	db58d8661812a40ad1b5291d214e74e1dd45c99a8b5ca25b65da8af5c5360f84	db58d8661812a40ad1b5291d214e74e1dd45c99a8b5ca25b65da8af5c5360f84	retain-pristine
src/core/softpc/base/ccpu386/gdpvar.h	base/ccpu386/gdpvar.h	source-or-header	identical-original	not-directly-selected	a8fc9f81af3c06eb4263cc5acb3005a41f849677cba4d09ae171ab450f7fb3ec	a8fc9f81af3c06eb4263cc5acb3005a41f849677cba4d09ae171ab450f7fb3ec	4d59ce7ce293608746151d7887caac61d855ba20d0335dfe9f60c477b009d86d	4d59ce7ce293608746151d7887caac61d855ba20d0335dfe9f60c477b009d86d	retain-pristine
src/core/softpc/base/ccpu386/idiv.c	base/ccpu386/idiv.c	source-or-header	identical-original	ccpu-manifest	4e48281278345855d027392dd434e286e92591776b8c0d15a3ffb4bcfbb533a6	4e48281278345855d027392dd434e286e92591776b8c0d15a3ffb4bcfbb533a6	22d4bbde1b3f94d060e03177d902d76e8855a745b275efea1ee0084e3649144c	22d4bbde1b3f94d060e03177d902d76e8855a745b275efea1ee0084e3649144c	retain-pristine
src/core/softpc/base/ccpu386/idiv.h	base/ccpu386/idiv.h	source-or-header	identical-original	not-directly-selected	b4affae836213f069973bcafa71962f558be6852741d39a1687a3090f79ce6db	b4affae836213f069973bcafa71962f558be6852741d39a1687a3090f79ce6db	e20f85fad25e1e3503f7a0467d93210e2f78a9e8ad74989bf52178ca8bdb6343	e20f85fad25e1e3503f7a0467d93210e2f78a9e8ad74989bf52178ca8bdb6343	retain-pristine
src/core/softpc/base/ccpu386/imul.c	base/ccpu386/imul.c	source-or-header	identical-original	ccpu-manifest	9cc48f0ff83909e122e01fc417d909fa93964ba4b5c79b3553810d1a6162adc4	9cc48f0ff83909e122e01fc417d909fa93964ba4b5c79b3553810d1a6162adc4	220623e96391d2e19c77a73198c95aac6ac099e6ea7840491f07a57e4fc71b77	220623e96391d2e19c77a73198c95aac6ac099e6ea7840491f07a57e4fc71b77	retain-pristine
src/core/softpc/base/ccpu386/imul.h	base/ccpu386/imul.h	source-or-header	identical-original	not-directly-selected	ef6bc5f24476cfd2735b40b8a0523dcf35d05cd97a54088efc5a9dd0ff99ccf2	ef6bc5f24476cfd2735b40b8a0523dcf35d05cd97a54088efc5a9dd0ff99ccf2	b7220c4dc78decf0254e8bc2a8c799e761078433f2a0792c926acaca450de266	b7220c4dc78decf0254e8bc2a8c799e761078433f2a0792c926acaca450de266	retain-pristine
src/core/softpc/base/ccpu386/in.c	base/ccpu386/in.c	source-or-header	identical-original	ccpu-manifest	5a6cb5699c84e6a25fc984aa9c5a4ee50cb22d4408ba3df57cd0cd95e41f23b0	5a6cb5699c84e6a25fc984aa9c5a4ee50cb22d4408ba3df57cd0cd95e41f23b0	5689e21f5bb27684714f10813bc6d48a9c6c6ffe3704b5af6c52699b98232eb0	5689e21f5bb27684714f10813bc6d48a9c6c6ffe3704b5af6c52699b98232eb0	retain-pristine
src/core/softpc/base/ccpu386/in.h	base/ccpu386/in.h	source-or-header	identical-original	not-directly-selected	f70a52ea71ca37b268d8735f7eb358be3e828237999e0b973b9c9e18fac9d570	f70a52ea71ca37b268d8735f7eb358be3e828237999e0b973b9c9e18fac9d570	ad1ea9937db66b24ce9c49b4eddfebb2b7f673d8869f94893124d696dfad2eb3	ad1ea9937db66b24ce9c49b4eddfebb2b7f673d8869f94893124d696dfad2eb3	retain-pristine
src/core/softpc/base/ccpu386/inc.c	base/ccpu386/inc.c	source-or-header	identical-original	ccpu-manifest	6c8c8fd705953ab943e2b0a683ebadfc07318f68f1141ccfca37c3a4435efaf7	6c8c8fd705953ab943e2b0a683ebadfc07318f68f1141ccfca37c3a4435efaf7	cc9480ab19d20d2adcb6919fde16cb6fde8c2afaa5bef25ec165bf8e0a516957	cc9480ab19d20d2adcb6919fde16cb6fde8c2afaa5bef25ec165bf8e0a516957	retain-pristine
src/core/softpc/base/ccpu386/inc.h	base/ccpu386/inc.h	source-or-header	identical-original	not-directly-selected	e03526f01236cec907067f9ae765dc3d4f185fea31ccc28c31709399e497899d	e03526f01236cec907067f9ae765dc3d4f185fea31ccc28c31709399e497899d	1463cea2961bf533f19e83002ee8fbeeded4c855886ff5fcec8539d328140707	1463cea2961bf533f19e83002ee8fbeeded4c855886ff5fcec8539d328140707	retain-pristine
src/core/softpc/base/ccpu386/into.c	base/ccpu386/into.c	source-or-header	identical-original	ccpu-manifest	fbe4dfe731c9d367c0270675c679bbf6acf1a45cf0b4d4548b54e5d2080c74c3	fbe4dfe731c9d367c0270675c679bbf6acf1a45cf0b4d4548b54e5d2080c74c3	82f3f582ec16cfcad9c29eb96ecc1447ab80b4c6c982cdf63db4ce4a67dc97b0	82f3f582ec16cfcad9c29eb96ecc1447ab80b4c6c982cdf63db4ce4a67dc97b0	retain-pristine
src/core/softpc/base/ccpu386/into.h	base/ccpu386/into.h	source-or-header	identical-original	not-directly-selected	300829ad745eb2e3725459b8d07a611db17c9c65b67b132431e62f5ce0e08457	300829ad745eb2e3725459b8d07a611db17c9c65b67b132431e62f5ce0e08457	083a591131b7cfa5d877e0d112b16a9616d4406f3917fbadf244d7943472e53f	083a591131b7cfa5d877e0d112b16a9616d4406f3917fbadf244d7943472e53f	retain-pristine
src/core/softpc/base/ccpu386/intx.c	base/ccpu386/intx.c	source-or-header	identical-original	ccpu-manifest	544a08aec10dff46968f48b3aa83243fac5bf78ef04d189c7b46518c242907e1	544a08aec10dff46968f48b3aa83243fac5bf78ef04d189c7b46518c242907e1	d0e4aed9fcb4f39a21b283ead1f6724fd970820b65a26108abaf14ffc3767786	d0e4aed9fcb4f39a21b283ead1f6724fd970820b65a26108abaf14ffc3767786	retain-pristine
src/core/softpc/base/ccpu386/intx.h	base/ccpu386/intx.h	source-or-header	identical-original	not-directly-selected	21485673b0af9e52ff76b1afbcd653fdab8696c7899c9893bcf1dc28b1050c25	21485673b0af9e52ff76b1afbcd653fdab8696c7899c9893bcf1dc28b1050c25	acd288f708dc8cc671515bbd49f868ff0f99523fcb004f1ad6ed8a489f862a8a	acd288f708dc8cc671515bbd49f868ff0f99523fcb004f1ad6ed8a489f862a8a	retain-pristine
src/core/softpc/base/ccpu386/invd.c	base/ccpu386/invd.c	source-or-header	identical-original	ccpu-manifest	f6e2d5b7a257a13fa91f071c5d740f20fb47654c97e35da744e7dc6ee493895e	f6e2d5b7a257a13fa91f071c5d740f20fb47654c97e35da744e7dc6ee493895e	ff6c3f4c74f5ae1326b50dda6196d489566155e14585f4902f7615d1e12bd217	ff6c3f4c74f5ae1326b50dda6196d489566155e14585f4902f7615d1e12bd217	retain-pristine
src/core/softpc/base/ccpu386/invd.h	base/ccpu386/invd.h	source-or-header	identical-original	not-directly-selected	402398e18f19d32b9e8298cc0ab17d8bca2af426280a8bdbfbead17dcf52a7dc	402398e18f19d32b9e8298cc0ab17d8bca2af426280a8bdbfbead17dcf52a7dc	5807b513ca9d83766f7dd860ec331910f757b2943dd4cf23003d053e2ff6fa20	5807b513ca9d83766f7dd860ec331910f757b2943dd4cf23003d053e2ff6fa20	retain-pristine
src/core/softpc/base/ccpu386/invlpg.c	base/ccpu386/invlpg.c	source-or-header	identical-original	ccpu-manifest	3d948316d66bdd957a2612340f6f653e975aaa99a65c97467b916737ae3394ba	3d948316d66bdd957a2612340f6f653e975aaa99a65c97467b916737ae3394ba	0629142784d5aed48d58aebc5920d3846efbe5b46c0c8635f1fa8cb316074b47	0629142784d5aed48d58aebc5920d3846efbe5b46c0c8635f1fa8cb316074b47	retain-pristine
src/core/softpc/base/ccpu386/invlpg.h	base/ccpu386/invlpg.h	source-or-header	identical-original	not-directly-selected	c31e8ef3c4f2e524e248579b60c6bbbe2195e47be07d8a3310eeaea670ca2229	c31e8ef3c4f2e524e248579b60c6bbbe2195e47be07d8a3310eeaea670ca2229	6217acdfa677e89d590e24771ecfbfec6f3b018f3f52913abe1a6ad4515bd5d0	6217acdfa677e89d590e24771ecfbfec6f3b018f3f52913abe1a6ad4515bd5d0	retain-pristine
src/core/softpc/base/ccpu386/iret.c	base/ccpu386/iret.c	source-or-header	identical-original	ccpu-manifest	091378ab6583c06e7593b5b34f336531d874e695be633596d652ea42f5446eb3	091378ab6583c06e7593b5b34f336531d874e695be633596d652ea42f5446eb3	c45ace2f6bdda0ce21775bc38087ecf1a96117bd94f0fef9cb3f7c15314ed685	c45ace2f6bdda0ce21775bc38087ecf1a96117bd94f0fef9cb3f7c15314ed685	retain-pristine
src/core/softpc/base/ccpu386/iret.h	base/ccpu386/iret.h	source-or-header	identical-original	not-directly-selected	d12fd0f53602c3002d7534f2445251ccc1e41cadefd5ee2c0f554d19e371f632	d12fd0f53602c3002d7534f2445251ccc1e41cadefd5ee2c0f554d19e371f632	8d75ce16ba679342beac333e9276ef583ae22a981143cbeeb99436b9ffc1c0cc	8d75ce16ba679342beac333e9276ef583ae22a981143cbeeb99436b9ffc1c0cc	retain-pristine
src/core/softpc/base/ccpu386/jcxz.c	base/ccpu386/jcxz.c	source-or-header	identical-original	ccpu-manifest	dbc17e4a01510661ac3a9c2e4e4853ba11f22c945f8aee3707e47a2df76bfaa0	dbc17e4a01510661ac3a9c2e4e4853ba11f22c945f8aee3707e47a2df76bfaa0	fa20d3523229b06933036fab6d77c0dae3267e90fa73413758d2582b4660b27c	fa20d3523229b06933036fab6d77c0dae3267e90fa73413758d2582b4660b27c	retain-pristine
src/core/softpc/base/ccpu386/jcxz.h	base/ccpu386/jcxz.h	source-or-header	identical-original	not-directly-selected	2f099276ca1cf88bab9aa1c508d0861f96dd6575991563926eb8c277f51d48db	2f099276ca1cf88bab9aa1c508d0861f96dd6575991563926eb8c277f51d48db	82b53441fb629ee8b0e6f2d6e8c9ec8e62709fe3f9da719b93067c3d327bec5a	82b53441fb629ee8b0e6f2d6e8c9ec8e62709fe3f9da719b93067c3d327bec5a	retain-pristine
src/core/softpc/base/ccpu386/jmp.c	base/ccpu386/jmp.c	source-or-header	identical-original	ccpu-manifest	470889ec4ca8311980f1b700e56d028009fc459c47eb484e1451a799ac7feb87	470889ec4ca8311980f1b700e56d028009fc459c47eb484e1451a799ac7feb87	0965d833e08f9d2b87f62ced60b9c85c144d11c63eae7d36637932d0d563ad84	0965d833e08f9d2b87f62ced60b9c85c144d11c63eae7d36637932d0d563ad84	retain-pristine
src/core/softpc/base/ccpu386/jmp.h	base/ccpu386/jmp.h	source-or-header	identical-original	not-directly-selected	233ba39bcdec18fd6185ba23b32f7c6b078a3fb055fd34823b49c37c9d232311	233ba39bcdec18fd6185ba23b32f7c6b078a3fb055fd34823b49c37c9d232311	3359e7e33e943b42d7466c46039e57b11e466ba71fd44ee5a87e9bda3589a86a	3359e7e33e943b42d7466c46039e57b11e466ba71fd44ee5a87e9bda3589a86a	retain-pristine
src/core/softpc/base/ccpu386/jxx.c	base/ccpu386/jxx.c	source-or-header	identical-original	ccpu-manifest	6b147a75ea73ca8f0c49bf5db7949a03f978ff35ec151ab8d2202b19120d2ccd	6b147a75ea73ca8f0c49bf5db7949a03f978ff35ec151ab8d2202b19120d2ccd	5e8e9489d6664ae1d93f550bfad3ca2692a7c2074e7945b4cb7851ff46f47326	5e8e9489d6664ae1d93f550bfad3ca2692a7c2074e7945b4cb7851ff46f47326	retain-pristine
src/core/softpc/base/ccpu386/jxx.h	base/ccpu386/jxx.h	source-or-header	identical-original	not-directly-selected	6f1ec22f34098ce066c15f796dae673ba5b3e9f7ec86b39cea374f0659748bd3	6f1ec22f34098ce066c15f796dae673ba5b3e9f7ec86b39cea374f0659748bd3	bf4fc918eca2781044e08ae803568f5e1182a63cd0cf5cb528d0a4776a3298ea	bf4fc918eca2781044e08ae803568f5e1182a63cd0cf5cb528d0a4776a3298ea	retain-pristine
src/core/softpc/base/ccpu386/lahf.c	base/ccpu386/lahf.c	source-or-header	identical-original	ccpu-manifest	63807c02f388652e88f9db506e8c638e5e25c74991a9788eb2a7685803d132a3	63807c02f388652e88f9db506e8c638e5e25c74991a9788eb2a7685803d132a3	5c8effd0c450b3a0c9c50893f18db123bd3e5eb8be972d41909ed60d62f8b298	5c8effd0c450b3a0c9c50893f18db123bd3e5eb8be972d41909ed60d62f8b298	retain-pristine
src/core/softpc/base/ccpu386/lahf.h	base/ccpu386/lahf.h	source-or-header	identical-original	not-directly-selected	e0ef7b5fc9976556ddc1da9f9236779dcdc01bff11192893e425b3f9c5f63ea3	e0ef7b5fc9976556ddc1da9f9236779dcdc01bff11192893e425b3f9c5f63ea3	edc56d9198e8bd6c665712ad3eb0fa5477cb26e972b3a25119eb0a7db1b0361a	edc56d9198e8bd6c665712ad3eb0fa5477cb26e972b3a25119eb0a7db1b0361a	retain-pristine
src/core/softpc/base/ccpu386/lar.c	base/ccpu386/lar.c	source-or-header	identical-original	ccpu-manifest	d637793c088b68b29cb376ed3613af82511bda14a026031ec6cba1db480b1dee	d637793c088b68b29cb376ed3613af82511bda14a026031ec6cba1db480b1dee	8d25ff4d8282456673973781fa98830c061e6b0ccfed36008f6d8e60abb32fb0	8d25ff4d8282456673973781fa98830c061e6b0ccfed36008f6d8e60abb32fb0	retain-pristine
src/core/softpc/base/ccpu386/lar.h	base/ccpu386/lar.h	source-or-header	identical-original	not-directly-selected	3bf84db0df286d6605a68487c583ecc1dd8a7b64fc4049aa4b2456e048111dac	3bf84db0df286d6605a68487c583ecc1dd8a7b64fc4049aa4b2456e048111dac	6c77c4a898f68c2742aaca0112827341ba304dbd22b71dbf002098556820a0a9	6c77c4a898f68c2742aaca0112827341ba304dbd22b71dbf002098556820a0a9	retain-pristine
src/core/softpc/base/ccpu386/lea.c	base/ccpu386/lea.c	source-or-header	identical-original	ccpu-manifest	f1577b3dec150b5112803df1c1e1c41ed8faa3baa1552ffd231e22da541ea486	f1577b3dec150b5112803df1c1e1c41ed8faa3baa1552ffd231e22da541ea486	2dc2678636b507fea16b7b875ae85bcf13d689585ed299c6486e7729f10506c2	2dc2678636b507fea16b7b875ae85bcf13d689585ed299c6486e7729f10506c2	retain-pristine
src/core/softpc/base/ccpu386/lea.h	base/ccpu386/lea.h	source-or-header	identical-original	not-directly-selected	3b8028ab680eff1cd767238a29999bce219c40b3b4686cd2cc4e22e899554099	3b8028ab680eff1cd767238a29999bce219c40b3b4686cd2cc4e22e899554099	80193f2dd8e20ee6282a24270b583feb238353f53ba62a4cca5ea8ebe22b3fcd	80193f2dd8e20ee6282a24270b583feb238353f53ba62a4cca5ea8ebe22b3fcd	retain-pristine
src/core/softpc/base/ccpu386/leave.c	base/ccpu386/leave.c	source-or-header	identical-original	ccpu-manifest	4eea05832d65f01828635c8e6eaa83055f793b31a6db159bffa47c7c9979e940	4eea05832d65f01828635c8e6eaa83055f793b31a6db159bffa47c7c9979e940	4a3e0854c9231fd26a3aeeacffc80c0b0d7c8707c920adbe7b060ed733944879	4a3e0854c9231fd26a3aeeacffc80c0b0d7c8707c920adbe7b060ed733944879	retain-pristine
src/core/softpc/base/ccpu386/leave.h	base/ccpu386/leave.h	source-or-header	identical-original	not-directly-selected	3136be645b3cee1a8d493718d568811aace6d8547acc77f2847dbaf9dd7419f6	3136be645b3cee1a8d493718d568811aace6d8547acc77f2847dbaf9dd7419f6	d58bac8f0232e276ecdd09f8f38ab724691550b326a2b723b80217d8594a4219	d58bac8f0232e276ecdd09f8f38ab724691550b326a2b723b80217d8594a4219	retain-pristine
src/core/softpc/base/ccpu386/lgdt.c	base/ccpu386/lgdt.c	source-or-header	identical-original	ccpu-manifest	9a5d97d05b20a1c3e6a7e065168c1965bdcdee061fd9ca683f55896d4edf1f2c	9a5d97d05b20a1c3e6a7e065168c1965bdcdee061fd9ca683f55896d4edf1f2c	cd9b8f6700012397695dff3659f0a9bae14eda0c500519877a8c49496ce292cc	cd9b8f6700012397695dff3659f0a9bae14eda0c500519877a8c49496ce292cc	retain-pristine
src/core/softpc/base/ccpu386/lgdt.h	base/ccpu386/lgdt.h	source-or-header	identical-original	not-directly-selected	d4d980a4acea712948432c2cb46e5fadc98d3825eb67bb105bdfc160a67d6f4a	d4d980a4acea712948432c2cb46e5fadc98d3825eb67bb105bdfc160a67d6f4a	87f27cf71a633dc633279a05a2ffc3e1aec414c4ee51d9dd10ecd0aed4184cc1	87f27cf71a633dc633279a05a2ffc3e1aec414c4ee51d9dd10ecd0aed4184cc1	retain-pristine
src/core/softpc/base/ccpu386/lidt.c	base/ccpu386/lidt.c	source-or-header	identical-original	ccpu-manifest	00305675f2235c4211471587a50a2f45c02bc93bc4faebcd857e4a96cc045fcb	00305675f2235c4211471587a50a2f45c02bc93bc4faebcd857e4a96cc045fcb	515627b0d5e4713745a2130dd124e803e167d28595777aac6916c9fdb8a9c939	515627b0d5e4713745a2130dd124e803e167d28595777aac6916c9fdb8a9c939	retain-pristine
src/core/softpc/base/ccpu386/lidt.h	base/ccpu386/lidt.h	source-or-header	identical-original	not-directly-selected	5d9526ef637ae3ba701641f54dc93532cadf4e8d9af855709da90c8b46323cb7	5d9526ef637ae3ba701641f54dc93532cadf4e8d9af855709da90c8b46323cb7	34ad8ed7074258fe7c3b52633b943848a9a7f75d6f965a992ea2aa51a3a56c60	34ad8ed7074258fe7c3b52633b943848a9a7f75d6f965a992ea2aa51a3a56c60	retain-pristine
src/core/softpc/base/ccpu386/lldt.c	base/ccpu386/lldt.c	source-or-header	identical-original	ccpu-manifest	9b0077be47d4bb3f75e8f521a9db907ec42199c57ab59226e56d6b8013dfe6c6	9b0077be47d4bb3f75e8f521a9db907ec42199c57ab59226e56d6b8013dfe6c6	5f810a03264407fa47e3c573da14cf08104c53096f8fcae0902b9150455ec2f9	5f810a03264407fa47e3c573da14cf08104c53096f8fcae0902b9150455ec2f9	retain-pristine
src/core/softpc/base/ccpu386/lldt.h	base/ccpu386/lldt.h	source-or-header	identical-original	not-directly-selected	2bccdd5f3362c239dbdc2e5346d9d928f52ff982be920115f14ab26802264875	2bccdd5f3362c239dbdc2e5346d9d928f52ff982be920115f14ab26802264875	5c9c20827256e9be7f84a1344814a72dc84f2296fd3da36d2c7958b1e01e35da	5c9c20827256e9be7f84a1344814a72dc84f2296fd3da36d2c7958b1e01e35da	retain-pristine
src/core/softpc/base/ccpu386/lmsw.c	base/ccpu386/lmsw.c	source-or-header	identical-original	ccpu-manifest	8bc5bad26249b91c1cc9b3be756575c081b2da322bb8dcc7e9f554d4f68a4e96	8bc5bad26249b91c1cc9b3be756575c081b2da322bb8dcc7e9f554d4f68a4e96	13376a9876b41c3b553601a99f8a4d16e8ca067e2215f7aa69b29b88b9865387	13376a9876b41c3b553601a99f8a4d16e8ca067e2215f7aa69b29b88b9865387	retain-pristine
src/core/softpc/base/ccpu386/lmsw.h	base/ccpu386/lmsw.h	source-or-header	identical-original	not-directly-selected	07877f749c45c7b6ebf562b442a964326128c60cf095ed961c1f8fcd51e18ae8	07877f749c45c7b6ebf562b442a964326128c60cf095ed961c1f8fcd51e18ae8	eff5bb4688118e123788c6b23e42a2395541804c65a0a3248ce0c13c4e55facf	eff5bb4688118e123788c6b23e42a2395541804c65a0a3248ce0c13c4e55facf	retain-pristine
src/core/softpc/base/ccpu386/localfm.c	base/ccpu386/localfm.c	source-or-header	identical-original	not-directly-selected	5dbb2bd74e82d5b87910db81f1411610c84a2d57a553e8cb78080871d19835df	5dbb2bd74e82d5b87910db81f1411610c84a2d57a553e8cb78080871d19835df	241899b819edb46f349af3d8a6aa471f7ec84bdbbc5340bc740dd90bbbb9c6e9	241899b819edb46f349af3d8a6aa471f7ec84bdbbc5340bc740dd90bbbb9c6e9	retain-pristine
src/core/softpc/base/ccpu386/loopxx.c	base/ccpu386/loopxx.c	source-or-header	identical-original	ccpu-manifest	31f72b86e1edf698a5a82055ff0d762e95358d5a7a452b93504ae432a2403a94	31f72b86e1edf698a5a82055ff0d762e95358d5a7a452b93504ae432a2403a94	0286ab9b298acd73d8903a2116545ea643303a275a6db22c3b52b2fbf10d1b5a	0286ab9b298acd73d8903a2116545ea643303a275a6db22c3b52b2fbf10d1b5a	retain-pristine
src/core/softpc/base/ccpu386/loopxx.h	base/ccpu386/loopxx.h	source-or-header	identical-original	not-directly-selected	b79f36047bc4a5c336ee401386e81b0d58df62c3f59c43271c4e3284142d6343	b79f36047bc4a5c336ee401386e81b0d58df62c3f59c43271c4e3284142d6343	f39b06469b5b7095835b05b5e1b8c0d677ecc8eb2e13b683c58fc4a4732de73d	f39b06469b5b7095835b05b5e1b8c0d677ecc8eb2e13b683c58fc4a4732de73d	retain-pristine
src/core/softpc/base/ccpu386/lsl.c	base/ccpu386/lsl.c	source-or-header	identical-original	ccpu-manifest	2ace24ab44a5640aa887e8595da5a5a2ee4c89cba76dcaead2b74267ff4710af	2ace24ab44a5640aa887e8595da5a5a2ee4c89cba76dcaead2b74267ff4710af	c5bf61a07b65d98e4316d551b7a6d906439c7d38af528f8cbedf37774cd7281a	c5bf61a07b65d98e4316d551b7a6d906439c7d38af528f8cbedf37774cd7281a	retain-pristine
src/core/softpc/base/ccpu386/lsl.h	base/ccpu386/lsl.h	source-or-header	identical-original	not-directly-selected	76bcb8ff17b677daa6874830fa4d36d98b5ae678920c6f000cf7e30b234d60f0	76bcb8ff17b677daa6874830fa4d36d98b5ae678920c6f000cf7e30b234d60f0	cd7475f97321eef302530f1d059d41e165a3d3f3bea645c1f9d265d772c90dfd	cd7475f97321eef302530f1d059d41e165a3d3f3bea645c1f9d265d772c90dfd	retain-pristine
src/core/softpc/base/ccpu386/ltr.c	base/ccpu386/ltr.c	source-or-header	identical-original	ccpu-manifest	1bd1f793db2cfd4066a896d5e8cf87d4abed2327f86cc4f24536a1ea3d80d955	1bd1f793db2cfd4066a896d5e8cf87d4abed2327f86cc4f24536a1ea3d80d955	b6d20ab4c9f3624b66b6458c0733e0481344726a5e579babd3f5a8dcf7dfe1a4	b6d20ab4c9f3624b66b6458c0733e0481344726a5e579babd3f5a8dcf7dfe1a4	retain-pristine
src/core/softpc/base/ccpu386/ltr.h	base/ccpu386/ltr.h	source-or-header	identical-original	not-directly-selected	bb5598207e74d426c09c67466470cb69802ad47b4511c1750b2b9d04c6c25639	bb5598207e74d426c09c67466470cb69802ad47b4511c1750b2b9d04c6c25639	2d4aac9ca6d392c694596df9d6a2a6d54cd49bc6f162eb83592271099de42508	2d4aac9ca6d392c694596df9d6a2a6d54cd49bc6f162eb83592271099de42508	retain-pristine
src/core/softpc/base/ccpu386/lxs.c	base/ccpu386/lxs.c	source-or-header	identical-original	ccpu-manifest	5e2aab7a7bed12022ba136337f8ce289ba3155f2df7d1ad2c42ca8cd065ccfef	5e2aab7a7bed12022ba136337f8ce289ba3155f2df7d1ad2c42ca8cd065ccfef	2d98892ea76ac718b4d7e64e0184619fc70796d4cba2ae6e59616812aa4db6b2	2d98892ea76ac718b4d7e64e0184619fc70796d4cba2ae6e59616812aa4db6b2	retain-pristine
src/core/softpc/base/ccpu386/lxs.h	base/ccpu386/lxs.h	source-or-header	identical-original	not-directly-selected	096f334e8c89d226b85003249ed126c22d8f8da39cc8eac650338756b0a93c56	096f334e8c89d226b85003249ed126c22d8f8da39cc8eac650338756b0a93c56	84fe611832631f320d1fab5f796f2612223acfaa01e156abb0e93aed94c0b394	84fe611832631f320d1fab5f796f2612223acfaa01e156abb0e93aed94c0b394	retain-pristine
src/core/softpc/base/ccpu386/makefile	base/ccpu386/makefile	source-or-header	identical-original	not-directly-selected	26957856e8a7f42a1740419cf3451497129f1d8284301d42f1a89ee13dd5a459	26957856e8a7f42a1740419cf3451497129f1d8284301d42f1a89ee13dd5a459	c2bb9c1032d59215b0fd01949e38d746a3d41d978f9dc727b3b20ac847ea64c2	c2bb9c1032d59215b0fd01949e38d746a3d41d978f9dc727b3b20ac847ea64c2	retain-pristine
src/core/softpc/base/ccpu386/mov.c	base/ccpu386/mov.c	source-or-header	identical-original	ccpu-manifest	d274ed1ad9f8114f8c7ff0c0d6d57f08116d70fd8e6b26f0d0051b70ba9f8348	d274ed1ad9f8114f8c7ff0c0d6d57f08116d70fd8e6b26f0d0051b70ba9f8348	e69f2d6618a4ecc17f858b296c66e4979ba5b27eb6cdddab3fbb4a2e81596a5d	e69f2d6618a4ecc17f858b296c66e4979ba5b27eb6cdddab3fbb4a2e81596a5d	retain-pristine
src/core/softpc/base/ccpu386/mov.h	base/ccpu386/mov.h	source-or-header	identical-original	not-directly-selected	2dff74e2cf449eb21e1c7ac0cf10158ee5dbc0002c27a68745c25dd8c1a5724e	2dff74e2cf449eb21e1c7ac0cf10158ee5dbc0002c27a68745c25dd8c1a5724e	95130e48141873d513c528dc178a9e3ffe6b6898f1dc15558740e17ee2a3f875	95130e48141873d513c528dc178a9e3ffe6b6898f1dc15558740e17ee2a3f875	retain-pristine
src/core/softpc/base/ccpu386/movsx.c	base/ccpu386/movsx.c	source-or-header	identical-original	ccpu-manifest	e2ecca248d027dbf4854a1181e123b317ca992456011fa8bc37a1fae5ada866c	e2ecca248d027dbf4854a1181e123b317ca992456011fa8bc37a1fae5ada866c	0e2b124f9c39b05ca2488a4632b713f80b755378895a6ffbe87c65161c3cecae	0e2b124f9c39b05ca2488a4632b713f80b755378895a6ffbe87c65161c3cecae	retain-pristine
src/core/softpc/base/ccpu386/movsx.h	base/ccpu386/movsx.h	source-or-header	identical-original	not-directly-selected	69173a0af633f90d946f949b9326bd6ee168b7c41d0a18ed5a007c414d632f40	69173a0af633f90d946f949b9326bd6ee168b7c41d0a18ed5a007c414d632f40	236a2f4a21eed6b6c96ae7cc3c3b6eef1cbfab89ba6ffd9c964214299a5765c7	236a2f4a21eed6b6c96ae7cc3c3b6eef1cbfab89ba6ffd9c964214299a5765c7	retain-pristine
src/core/softpc/base/ccpu386/mul.c	base/ccpu386/mul.c	source-or-header	identical-original	ccpu-manifest	5e7f349937d7302ae969bbb3fbd994cc93c23c1b4838e5243e7cd242ce384973	5e7f349937d7302ae969bbb3fbd994cc93c23c1b4838e5243e7cd242ce384973	9e56c7bafad1a6cf4a30133934d8db9973c753009300a7e7d5eb2c72c6ee681b	9e56c7bafad1a6cf4a30133934d8db9973c753009300a7e7d5eb2c72c6ee681b	retain-pristine
src/core/softpc/base/ccpu386/mul.h	base/ccpu386/mul.h	source-or-header	identical-original	not-directly-selected	68aa19fbfb2ad18d08d73abc77f44135e8e2184b48788271d485a28af11b6f9d	68aa19fbfb2ad18d08d73abc77f44135e8e2184b48788271d485a28af11b6f9d	f1b0d1e2436caa359b7605106e6f7027d647d99096cc7c736e33b247836e89a9	f1b0d1e2436caa359b7605106e6f7027d647d99096cc7c736e33b247836e89a9	retain-pristine
src/core/softpc/base/ccpu386/neg.c	base/ccpu386/neg.c	source-or-header	identical-original	ccpu-manifest	a4fede2b745ac97036460e7a516c7673ecc5cfa4c1a12013c3834006a8089a16	a4fede2b745ac97036460e7a516c7673ecc5cfa4c1a12013c3834006a8089a16	2bf57c6881d798cd0ce3738ce2eb8792cbb6eb3d5d09c7e69001df6d1c703f48	2bf57c6881d798cd0ce3738ce2eb8792cbb6eb3d5d09c7e69001df6d1c703f48	retain-pristine
src/core/softpc/base/ccpu386/neg.h	base/ccpu386/neg.h	source-or-header	identical-original	not-directly-selected	5cc7a74536f9734b48ee6cf85ad3f4401f4e1898a9039c2201b573ef0943f3f1	5cc7a74536f9734b48ee6cf85ad3f4401f4e1898a9039c2201b573ef0943f3f1	95e61d8c2712369c2a98de8d65610c50af462e92e3dcc5d166fdd72e2a4ed6ee	95e61d8c2712369c2a98de8d65610c50af462e92e3dcc5d166fdd72e2a4ed6ee	retain-pristine
src/core/softpc/base/ccpu386/newnpx.h	base/ccpu386/newnpx.h	source-or-header	identical-original	not-directly-selected	ba439d5aedfb13930bc2571d6df13ca3372c04e54b3617cb478b52dac0e35677	ba439d5aedfb13930bc2571d6df13ca3372c04e54b3617cb478b52dac0e35677	1df5cd4b82f516cbc74f676eac89d8e7617c644281bcf81b6e814ad8dd9d6075	1df5cd4b82f516cbc74f676eac89d8e7617c644281bcf81b6e814ad8dd9d6075	retain-pristine
src/core/softpc/base/ccpu386/nop.c	base/ccpu386/nop.c	source-or-header	identical-original	ccpu-manifest	b80104e06ba7394c8b4e7a5ce82c19dc9681dbcd149bd2232f1770802d6d10b9	b80104e06ba7394c8b4e7a5ce82c19dc9681dbcd149bd2232f1770802d6d10b9	656d812d3a6a197b62a469e7382c166ae05c87d82b95fde5fe0f361e2da465ed	656d812d3a6a197b62a469e7382c166ae05c87d82b95fde5fe0f361e2da465ed	retain-pristine
src/core/softpc/base/ccpu386/nop.h	base/ccpu386/nop.h	source-or-header	identical-original	not-directly-selected	f708f19017ca52ef96b8f3f8cd38fd3e4acf93404cc242b188b37eb3aab66602	f708f19017ca52ef96b8f3f8cd38fd3e4acf93404cc242b188b37eb3aab66602	06ed9aceba696ed97037f5526370939f4f34ba712fae6e18bd9e11e16cc63f5a	06ed9aceba696ed97037f5526370939f4f34ba712fae6e18bd9e11e16cc63f5a	retain-pristine
src/core/softpc/base/ccpu386/not.c	base/ccpu386/not.c	source-or-header	identical-original	ccpu-manifest	5a9167e678094855463f96f0ff6d959cbb3f2d356af3c94ab74c9f4ba6bf68f8	5a9167e678094855463f96f0ff6d959cbb3f2d356af3c94ab74c9f4ba6bf68f8	9b18274e8161bb58a9f64d5cf1f66950638c5e628fc601b9162918863235d330	9b18274e8161bb58a9f64d5cf1f66950638c5e628fc601b9162918863235d330	retain-pristine
src/core/softpc/base/ccpu386/not.h	base/ccpu386/not.h	source-or-header	identical-original	not-directly-selected	8a3cb20a8e512ea11bc353701165606833d83b408b90e0ab070e85924e08c784	8a3cb20a8e512ea11bc353701165606833d83b408b90e0ab070e85924e08c784	2e1be46d255f48457c2939cb9ccf7bdda7f266a7cd2e61c4602309a7c0acadf3	2e1be46d255f48457c2939cb9ccf7bdda7f266a7cd2e61c4602309a7c0acadf3	retain-pristine
src/core/softpc/base/ccpu386/ntstubs.c	base/ccpu386/ntstubs.c	source-or-header	identical-original	literal-reference	e25542825eb5efb323deae41e8d8368e75e5dcc2acabad02a974f602e67641e8	e25542825eb5efb323deae41e8d8368e75e5dcc2acabad02a974f602e67641e8	912ec6c45016efdd418ded92f627db44d89464ba647c51ec36d7eef374124b77	912ec6c45016efdd418ded92f627db44d89464ba647c51ec36d7eef374124b77	retain-pristine
src/core/softpc/base/ccpu386/ntthread.c	base/ccpu386/ntthread.c	source-or-header	direct-original-diff	literal-reference	9c20d975f9221e1edde93e8f2a4bc71f627ae3d85d9c62b2aa28869502a21d4c	3fd33dc3055ac59e0958a8335c9f3d3155d36d76ac1e178c7dd1e4232deb5528	e3b29e8504884381be2f207f5431c879cae95324002f0036025b512dd1d0cf2b	2d53c54d4da2638517dad589e8a9ebede974b53e8b8f7188504cf4154fa7588c	overlay
src/core/softpc/base/ccpu386/ntthread.h	base/ccpu386/ntthread.h	source-or-header	identical-original	not-directly-selected	a30d41e57c90bc0b27366debdaa1e6a23c214cc07d757e9f46c7b43fa636328e	a30d41e57c90bc0b27366debdaa1e6a23c214cc07d757e9f46c7b43fa636328e	05fdbcb60903eaf038a32b092baf74558394f1230b6f4e83fc16522798c99ebf	05fdbcb60903eaf038a32b092baf74558394f1230b6f4e83fc16522798c99ebf	retain-pristine
src/core/softpc/base/ccpu386/or.c	base/ccpu386/or.c	source-or-header	identical-original	ccpu-manifest	51213de76f39972207c8c68d809530fb469e2376271def4f04b1faaf1bfdbac1	51213de76f39972207c8c68d809530fb469e2376271def4f04b1faaf1bfdbac1	37fd19eeeffafc8485dfd4d258d724943828106c8991d4e3a997a3aa50b995dd	37fd19eeeffafc8485dfd4d258d724943828106c8991d4e3a997a3aa50b995dd	retain-pristine
src/core/softpc/base/ccpu386/or.h	base/ccpu386/or.h	source-or-header	identical-original	not-directly-selected	49db3cb8f5a1b8dcdd06a74539a73d995e5c72fee2c02ff419170defe937805f	49db3cb8f5a1b8dcdd06a74539a73d995e5c72fee2c02ff419170defe937805f	cd2d3001c314f352cfda6d1f57409b4f0684c8a45a139ed8fdcdb41d709fa0ee	cd2d3001c314f352cfda6d1f57409b4f0684c8a45a139ed8fdcdb41d709fa0ee	retain-pristine
src/core/softpc/base/ccpu386/out.c	base/ccpu386/out.c	source-or-header	identical-original	ccpu-manifest	520bdebe72dcb263bf2a8312ec543b0414a0456e07959891bddb7d083b52b91b	520bdebe72dcb263bf2a8312ec543b0414a0456e07959891bddb7d083b52b91b	d41e6bcc3c872286761bec01a1212ac5f4ab39c56fa93c5a7d5391c724280083	d41e6bcc3c872286761bec01a1212ac5f4ab39c56fa93c5a7d5391c724280083	retain-pristine
src/core/softpc/base/ccpu386/out.h	base/ccpu386/out.h	source-or-header	identical-original	not-directly-selected	8e53e3fa7aca9e0fbebcea0fb5092213dcab4c7afe3055228cbaf33cc5179f11	8e53e3fa7aca9e0fbebcea0fb5092213dcab4c7afe3055228cbaf33cc5179f11	4db0c9086eb468e93b0c50e36b1614b1931dffa9606bf5f38565387c5ea091e3	4db0c9086eb468e93b0c50e36b1614b1931dffa9606bf5f38565387c5ea091e3	retain-pristine
src/core/softpc/base/ccpu386/pigger_c.h	base/ccpu386/pigger_c.h	source-or-header	identical-original	not-directly-selected	f8abfab1a7001e498a6ddb782c8b0831db138e8daad8f52ccfccdd4e2a7c297e	f8abfab1a7001e498a6ddb782c8b0831db138e8daad8f52ccfccdd4e2a7c297e	5c051daf1fb5ba92911752b6f25de347e0d4da756ce4f0226f1a8cf6b0286233	5c051daf1fb5ba92911752b6f25de347e0d4da756ce4f0226f1a8cf6b0286233	retain-pristine
src/core/softpc/base/ccpu386/pop.c	base/ccpu386/pop.c	source-or-header	identical-original	ccpu-manifest	14767b253818e9da970b71f3bc29ce8b9237662a88970f1fbb4fcc73b97d112f	14767b253818e9da970b71f3bc29ce8b9237662a88970f1fbb4fcc73b97d112f	f942a76d007bc91e96446d99608c00d3175f272eef9131a666fde6bca9fddb78	f942a76d007bc91e96446d99608c00d3175f272eef9131a666fde6bca9fddb78	retain-pristine
src/core/softpc/base/ccpu386/pop.h	base/ccpu386/pop.h	source-or-header	identical-original	not-directly-selected	e192bdb01ad432036e8ceac3e170e893ad81ba1f5c03046740cfd18417cf74fe	e192bdb01ad432036e8ceac3e170e893ad81ba1f5c03046740cfd18417cf74fe	3aa99d6e4096dcbe3cf9f6e65acb50cc3c266700f54260cbc26f0ccd67fc4bf9	3aa99d6e4096dcbe3cf9f6e65acb50cc3c266700f54260cbc26f0ccd67fc4bf9	retain-pristine
src/core/softpc/base/ccpu386/popa.c	base/ccpu386/popa.c	source-or-header	identical-original	ccpu-manifest	17ef6c6c1af74d46fb9cc2d4544b5deecde2ac422b919e37135f90e016fe694a	17ef6c6c1af74d46fb9cc2d4544b5deecde2ac422b919e37135f90e016fe694a	3a18d17c796a712c6e2a8560dfcd064df49aaac3af0e3f6afcd4f724c83ef815	3a18d17c796a712c6e2a8560dfcd064df49aaac3af0e3f6afcd4f724c83ef815	retain-pristine
src/core/softpc/base/ccpu386/popa.h	base/ccpu386/popa.h	source-or-header	identical-original	not-directly-selected	531a94f3877472735658be95a1aab106c8628f21c174cdf7121c26754de76fc7	531a94f3877472735658be95a1aab106c8628f21c174cdf7121c26754de76fc7	2c6b723043e4f3c3ff84388ecf0a25bfbda8b4be092a7b037e174b6948de2697	2c6b723043e4f3c3ff84388ecf0a25bfbda8b4be092a7b037e174b6948de2697	retain-pristine
src/core/softpc/base/ccpu386/popf.c	base/ccpu386/popf.c	source-or-header	identical-original	literal-reference	66c4fcaf0f3329dc6d7021a0ad8ba910fa775e84d63ad35404ee2a3134dd46c3	66c4fcaf0f3329dc6d7021a0ad8ba910fa775e84d63ad35404ee2a3134dd46c3	5dfeae38f4791bd0b4d8755765ef3ff36a4614b5a035e90d87ac7a78546d296c	5dfeae38f4791bd0b4d8755765ef3ff36a4614b5a035e90d87ac7a78546d296c	retain-pristine
src/core/softpc/base/ccpu386/popf.h	base/ccpu386/popf.h	source-or-header	identical-original	not-directly-selected	34b50762c18f15b03594b413138fd87096b8241fe61ef00c27d2f6486f263813	34b50762c18f15b03594b413138fd87096b8241fe61ef00c27d2f6486f263813	fe18eebbdcc2475ad46739448d6eb8c3e706c311b8cd96a9e37a947f1d2343f3	fe18eebbdcc2475ad46739448d6eb8c3e706c311b8cd96a9e37a947f1d2343f3	retain-pristine
src/core/softpc/base/ccpu386/push.c	base/ccpu386/push.c	source-or-header	identical-original	ccpu-manifest	945a609da6d72f7b790c724eb4df8f12d7fe9ca2d390e55f9cfa19863150e50f	945a609da6d72f7b790c724eb4df8f12d7fe9ca2d390e55f9cfa19863150e50f	fc2df2bdc1eee396cb0485e23665ba80dd105fbecf09e44f67a52c5e308d6631	fc2df2bdc1eee396cb0485e23665ba80dd105fbecf09e44f67a52c5e308d6631	retain-pristine
src/core/softpc/base/ccpu386/push.h	base/ccpu386/push.h	source-or-header	identical-original	not-directly-selected	b0df05db109c8b2ec8aeb2ff0803a37783ffb51dd596a5c6c25c8e6c53eb7e56	b0df05db109c8b2ec8aeb2ff0803a37783ffb51dd596a5c6c25c8e6c53eb7e56	d114812a47f10687324b35ef80c0aba45f04cd25b54b9ede75cf1443fcac0996	d114812a47f10687324b35ef80c0aba45f04cd25b54b9ede75cf1443fcac0996	retain-pristine
src/core/softpc/base/ccpu386/pusha.c	base/ccpu386/pusha.c	source-or-header	identical-original	ccpu-manifest	8525fee9d4ccb878b6fd09c474f986102b67beaddd2ba55b73f20bf5bd095716	8525fee9d4ccb878b6fd09c474f986102b67beaddd2ba55b73f20bf5bd095716	d86c10a95fe945a19a76567607bb3b5881b2fbfe72bed429873a585b6195c80a	d86c10a95fe945a19a76567607bb3b5881b2fbfe72bed429873a585b6195c80a	retain-pristine
src/core/softpc/base/ccpu386/pusha.h	base/ccpu386/pusha.h	source-or-header	identical-original	not-directly-selected	a7ba56279ed2ec7357e9bd565578dfd56731a7ad4d20c29eb20e767565843936	a7ba56279ed2ec7357e9bd565578dfd56731a7ad4d20c29eb20e767565843936	64ab30ae5326538207b265feecef10382c0ffab96f3fd9ac7f40b87996161966	64ab30ae5326538207b265feecef10382c0ffab96f3fd9ac7f40b87996161966	retain-pristine
src/core/softpc/base/ccpu386/pushf.c	base/ccpu386/pushf.c	source-or-header	identical-original	ccpu-manifest	6012d65695cc0a05229d9591f0675fd45227f27a547560f7c7a177448ed28304	6012d65695cc0a05229d9591f0675fd45227f27a547560f7c7a177448ed28304	a2c02cb87844bdd0613a59defbe9d1351beeef05ec755c4131dc72e52e20e52d	a2c02cb87844bdd0613a59defbe9d1351beeef05ec755c4131dc72e52e20e52d	retain-pristine
src/core/softpc/base/ccpu386/pushf.h	base/ccpu386/pushf.h	source-or-header	identical-original	not-directly-selected	5473c0c6dc7d862aeb3ba27298f10eaa42abbca8607b3fc84fd4907d91dddb78	5473c0c6dc7d862aeb3ba27298f10eaa42abbca8607b3fc84fd4907d91dddb78	3e34cf34b1efb126730cabff48849e44964a20c368e7ded083519d367c7cc1d9	3e34cf34b1efb126730cabff48849e44964a20c368e7ded083519d367c7cc1d9	retain-pristine
src/core/softpc/base/ccpu386/rcl.c	base/ccpu386/rcl.c	source-or-header	identical-original	ccpu-manifest	6c6b3036663637c364e94cd1be954420de6afde0accc603e1bfcd29d7f9f5bec	6c6b3036663637c364e94cd1be954420de6afde0accc603e1bfcd29d7f9f5bec	ff70e316df9641b50ca3c14788559419ad23d5672decf17cc142ac09f7b64497	ff70e316df9641b50ca3c14788559419ad23d5672decf17cc142ac09f7b64497	retain-pristine
src/core/softpc/base/ccpu386/rcl.h	base/ccpu386/rcl.h	source-or-header	identical-original	not-directly-selected	93c1dc90b42911df418607e08326e57c0f08d36f141d0aa8efefec53ce9030af	93c1dc90b42911df418607e08326e57c0f08d36f141d0aa8efefec53ce9030af	d3bd172e9112171d42eb396e57533991ca41f0f2e4b1e0c2051b7407fb179f58	d3bd172e9112171d42eb396e57533991ca41f0f2e4b1e0c2051b7407fb179f58	retain-pristine
src/core/softpc/base/ccpu386/rcr.c	base/ccpu386/rcr.c	source-or-header	identical-original	ccpu-manifest	901161d1296699b11d15e7eb50d03d072300721de4e6d90c15c9cbe04a9bce21	901161d1296699b11d15e7eb50d03d072300721de4e6d90c15c9cbe04a9bce21	4bf9a4e3923ece36d443c82a42b3757b3172014efe258d821d7430718c9c9095	4bf9a4e3923ece36d443c82a42b3757b3172014efe258d821d7430718c9c9095	retain-pristine
src/core/softpc/base/ccpu386/rcr.h	base/ccpu386/rcr.h	source-or-header	identical-original	not-directly-selected	f07d9be8794d6bdf8f77b914f682ce2d726dab1cb43438a1b83d1d0a2c67bc39	f07d9be8794d6bdf8f77b914f682ce2d726dab1cb43438a1b83d1d0a2c67bc39	cd370a41af05422f0762854e542607894ed6ffe96eaee7b5f6ebc6886e77de71	cd370a41af05422f0762854e542607894ed6ffe96eaee7b5f6ebc6886e77de71	retain-pristine
src/core/softpc/base/ccpu386/ret.c	base/ccpu386/ret.c	source-or-header	identical-original	ccpu-manifest	9531f24ac58029b3a7eb768a49b8e99242b6e9d9fbc5825b6982ae53687688f5	9531f24ac58029b3a7eb768a49b8e99242b6e9d9fbc5825b6982ae53687688f5	6d19255d3f7bb24f6d005f077e15e695f7bc6383e967f9b7089d4bbbee4f5c95	6d19255d3f7bb24f6d005f077e15e695f7bc6383e967f9b7089d4bbbee4f5c95	retain-pristine
src/core/softpc/base/ccpu386/ret.h	base/ccpu386/ret.h	source-or-header	identical-original	not-directly-selected	8a1fcb385fede1b0bbfdfd653b4637adf8d62a3d6ee827c8ded2287b019534f1	8a1fcb385fede1b0bbfdfd653b4637adf8d62a3d6ee827c8ded2287b019534f1	597a77454874b82fe23fbe2447b4415b890fa418f291188241df2c69f7f47af1	597a77454874b82fe23fbe2447b4415b890fa418f291188241df2c69f7f47af1	retain-pristine
src/core/softpc/base/ccpu386/rol.c	base/ccpu386/rol.c	source-or-header	identical-original	ccpu-manifest	c144421250cbbf966058e3eca5158224ffe11f20e031d6a727f062bd17d8c7da	c144421250cbbf966058e3eca5158224ffe11f20e031d6a727f062bd17d8c7da	93dd0d67496a3826c0219e5105638f2e5eb63d0a3b4ac95ad830ac1f6d2d8b9c	93dd0d67496a3826c0219e5105638f2e5eb63d0a3b4ac95ad830ac1f6d2d8b9c	retain-pristine
src/core/softpc/base/ccpu386/rol.h	base/ccpu386/rol.h	source-or-header	identical-original	not-directly-selected	a4aa055ab15c0aebeab6c03695c698cbc163dca8e4a5e98f7e339a51c47fcce2	a4aa055ab15c0aebeab6c03695c698cbc163dca8e4a5e98f7e339a51c47fcce2	217e16251608a7a59435f207a3a2284fb3d22b481b55925177a7047adc359d01	217e16251608a7a59435f207a3a2284fb3d22b481b55925177a7047adc359d01	retain-pristine
src/core/softpc/base/ccpu386/ror.c	base/ccpu386/ror.c	source-or-header	identical-original	ccpu-manifest	0c823e97524b246606db531c1702d33c2acc5c3fa4abc63e03504bce87bd5d57	0c823e97524b246606db531c1702d33c2acc5c3fa4abc63e03504bce87bd5d57	72d390bc0f00ab04c92da15c6db282e9e6c42c4a65d269c853fb72ca88c21f59	72d390bc0f00ab04c92da15c6db282e9e6c42c4a65d269c853fb72ca88c21f59	retain-pristine
src/core/softpc/base/ccpu386/ror.h	base/ccpu386/ror.h	source-or-header	identical-original	not-directly-selected	29ec301f54dd8b137608e6e7c6fa348a6e1b8a067745cb1cd3b696f83d8a7117	29ec301f54dd8b137608e6e7c6fa348a6e1b8a067745cb1cd3b696f83d8a7117	16d56bd144051a3ba49a847e15c4e2b4f0445e1e41d37c22411808487c08bc18	16d56bd144051a3ba49a847e15c4e2b4f0445e1e41d37c22411808487c08bc18	retain-pristine
src/core/softpc/base/ccpu386/rsrvd.c	base/ccpu386/rsrvd.c	source-or-header	identical-original	ccpu-manifest	38f3d99bc6cddcecc4a2d66cf63746746a4f6774386c94391ec7fb70582db295	38f3d99bc6cddcecc4a2d66cf63746746a4f6774386c94391ec7fb70582db295	38ae785acf4f2f4c695c9b3d2e2af2f0f60a8c9a25bb0147f2ef1d71fed0ef47	38ae785acf4f2f4c695c9b3d2e2af2f0f60a8c9a25bb0147f2ef1d71fed0ef47	retain-pristine
src/core/softpc/base/ccpu386/rsrvd.h	base/ccpu386/rsrvd.h	source-or-header	identical-original	not-directly-selected	246816f3b89b67bc0cb2a7dc18be8823952e37601f0bd148e13dfd72d72089c6	246816f3b89b67bc0cb2a7dc18be8823952e37601f0bd148e13dfd72d72089c6	a74b9bfb4cde549f2cb466e10f480569bca623eb8f87ec18e8bcc8873639df78	a74b9bfb4cde549f2cb466e10f480569bca623eb8f87ec18e8bcc8873639df78	retain-pristine
src/core/softpc/base/ccpu386/sahf.c	base/ccpu386/sahf.c	source-or-header	identical-original	ccpu-manifest	fb473e899aaaceef025c2ebf3aba74e7fe5aa9cbffee982443786c53e0fd84f9	fb473e899aaaceef025c2ebf3aba74e7fe5aa9cbffee982443786c53e0fd84f9	699b97aaffbddc76afd4124e00059ed51a6d73791bda37ed7f7f1fa22264cddb	699b97aaffbddc76afd4124e00059ed51a6d73791bda37ed7f7f1fa22264cddb	retain-pristine
src/core/softpc/base/ccpu386/sahf.h	base/ccpu386/sahf.h	source-or-header	identical-original	not-directly-selected	8433ec576a5fba57247bb11b5dc5edc812d8b72c5e2dada14eff8b91c91e731a	8433ec576a5fba57247bb11b5dc5edc812d8b72c5e2dada14eff8b91c91e731a	2659974f4fadd0abdd930ced535d0c1190c7b6ef1207f1d10b0fcfc387650ee9	2659974f4fadd0abdd930ced535d0c1190c7b6ef1207f1d10b0fcfc387650ee9	retain-pristine
src/core/softpc/base/ccpu386/sar.c	base/ccpu386/sar.c	source-or-header	identical-original	ccpu-manifest	4ff881f97ffd7b6b0188f6a95f671b308f06f8da2dfcb4e9c7be3a51ec673011	4ff881f97ffd7b6b0188f6a95f671b308f06f8da2dfcb4e9c7be3a51ec673011	fa538349f6c60895fdfc292312d98b15417d18ebff55693da5e9cda577e1f707	fa538349f6c60895fdfc292312d98b15417d18ebff55693da5e9cda577e1f707	retain-pristine
src/core/softpc/base/ccpu386/sar.h	base/ccpu386/sar.h	source-or-header	identical-original	not-directly-selected	96f3d9dc28f32a9b80b64e9a3f8c66551fc08eb5a1ce205598ce142291baba32	96f3d9dc28f32a9b80b64e9a3f8c66551fc08eb5a1ce205598ce142291baba32	60468258d49eccd08615d8be2ba65b10a86e690016e6a382204e1be7f0794a45	60468258d49eccd08615d8be2ba65b10a86e690016e6a382204e1be7f0794a45	retain-pristine
src/core/softpc/base/ccpu386/sascdef.c	base/ccpu386/sascdef.c	source-or-header	identical-original	not-directly-selected	b8b7832d02bd8f4161e1f71df2968051609da065f4da8287a65e6b14b38a749c	b8b7832d02bd8f4161e1f71df2968051609da065f4da8287a65e6b14b38a749c	9c88e0939d889188db50fd637c4a158c7dc4926a3d65d702d5c7e10a86bff6de	9c88e0939d889188db50fd637c4a158c7dc4926a3d65d702d5c7e10a86bff6de	retain-pristine
src/core/softpc/base/ccpu386/sbb.c	base/ccpu386/sbb.c	source-or-header	identical-original	ccpu-manifest	99354b3d7ada08d2aacabbcb44d8e36d9a6d2b5641541d23054cf3c0cc18b63b	99354b3d7ada08d2aacabbcb44d8e36d9a6d2b5641541d23054cf3c0cc18b63b	14d052e541ac90c3036288577ce833405e4d73af899ab3d01794235dad9a3016	14d052e541ac90c3036288577ce833405e4d73af899ab3d01794235dad9a3016	retain-pristine
src/core/softpc/base/ccpu386/sbb.h	base/ccpu386/sbb.h	source-or-header	identical-original	not-directly-selected	95db2a0edaa6a333c71964b78a1c87628ca08d7c6d7db6a5e62ed75a5156dcfd	95db2a0edaa6a333c71964b78a1c87628ca08d7c6d7db6a5e62ed75a5156dcfd	e40e9207d60f318a7173176ad2df4995104ccd30ff96c4cd94ac0a321628987c	e40e9207d60f318a7173176ad2df4995104ccd30ff96c4cd94ac0a321628987c	retain-pristine
src/core/softpc/base/ccpu386/setxx.c	base/ccpu386/setxx.c	source-or-header	identical-original	ccpu-manifest	c6c152fa783fc7d54863706ebbb8c969bc851eb24c6587a399a3153f4054aa7f	c6c152fa783fc7d54863706ebbb8c969bc851eb24c6587a399a3153f4054aa7f	85ef9e3aa473186a3a373184ad397fcff1a897971f870b64842c34c08c7499a3	85ef9e3aa473186a3a373184ad397fcff1a897971f870b64842c34c08c7499a3	retain-pristine
src/core/softpc/base/ccpu386/setxx.h	base/ccpu386/setxx.h	source-or-header	identical-original	not-directly-selected	58f3a4a228b5160b308c38afbfe1bb417a6279f91aa28b193493e4ed79fa3445	58f3a4a228b5160b308c38afbfe1bb417a6279f91aa28b193493e4ed79fa3445	cb7bd806fb9ba206e7824f7df02110df424cecedff604a02cc6e81a35024c7e0	cb7bd806fb9ba206e7824f7df02110df424cecedff604a02cc6e81a35024c7e0	retain-pristine
src/core/softpc/base/ccpu386/sgdt.c	base/ccpu386/sgdt.c	source-or-header	identical-original	ccpu-manifest	b4af0fcc8d824d8fc3c2e7d40659844e66e45ee5026ffc17b43d150e513d41fc	b4af0fcc8d824d8fc3c2e7d40659844e66e45ee5026ffc17b43d150e513d41fc	6f6f6d661cb5fb7227fce0d18756ebc7f8a287d670d68137484f4dc2bd38ae46	6f6f6d661cb5fb7227fce0d18756ebc7f8a287d670d68137484f4dc2bd38ae46	retain-pristine
src/core/softpc/base/ccpu386/sgdt.h	base/ccpu386/sgdt.h	source-or-header	identical-original	not-directly-selected	97b6c7c6ee43cd9d3262b3a4e097ffa53ca839e625aa6516dc995049ae3224bb	97b6c7c6ee43cd9d3262b3a4e097ffa53ca839e625aa6516dc995049ae3224bb	d85087362f4eafaaed377aaddbd8120c2c7651036193d333fce21fb48063ddc7	d85087362f4eafaaed377aaddbd8120c2c7651036193d333fce21fb48063ddc7	retain-pristine
src/core/softpc/base/ccpu386/shl.c	base/ccpu386/shl.c	source-or-header	identical-original	ccpu-manifest	03354bdb3d04e84d2e569273e38952300ddbd1d0f2924c6363c63b2f9064c8c1	03354bdb3d04e84d2e569273e38952300ddbd1d0f2924c6363c63b2f9064c8c1	ab3c105bf749ab196b0841a6b78253f213452bf22809884eeec88ba3b8af7d7b	ab3c105bf749ab196b0841a6b78253f213452bf22809884eeec88ba3b8af7d7b	retain-pristine
src/core/softpc/base/ccpu386/shl.h	base/ccpu386/shl.h	source-or-header	identical-original	not-directly-selected	625184add3562a14965a124fcad868cbbe4fe6ff1f2bf712049c93b6c2ad17fb	625184add3562a14965a124fcad868cbbe4fe6ff1f2bf712049c93b6c2ad17fb	3739a74fa3b23122c3b2a96462d9f7336c50b5d4053c0dfe3518cde356c8b4dc	3739a74fa3b23122c3b2a96462d9f7336c50b5d4053c0dfe3518cde356c8b4dc	retain-pristine
src/core/softpc/base/ccpu386/shld.c	base/ccpu386/shld.c	source-or-header	identical-original	ccpu-manifest	0454f3a15e286a17a61cd6d4ad8cc0ec42267e2cb50624b366b136962e3f855e	0454f3a15e286a17a61cd6d4ad8cc0ec42267e2cb50624b366b136962e3f855e	ec8b3e5685982b0ca5804268f71f844761f4f70413de5a5233ee9fc912c37711	ec8b3e5685982b0ca5804268f71f844761f4f70413de5a5233ee9fc912c37711	retain-pristine
src/core/softpc/base/ccpu386/shld.h	base/ccpu386/shld.h	source-or-header	identical-original	not-directly-selected	fb05f06e082d423a4f5dd6c01a457f28f3090318965cca37de94d9a4f3197435	fb05f06e082d423a4f5dd6c01a457f28f3090318965cca37de94d9a4f3197435	344238dff2d4f28bebd8ca53e0385f282184345c884bb1e42473b7a31b9d7982	344238dff2d4f28bebd8ca53e0385f282184345c884bb1e42473b7a31b9d7982	retain-pristine
src/core/softpc/base/ccpu386/shr.c	base/ccpu386/shr.c	source-or-header	identical-original	ccpu-manifest	423ddf4206e009deb3eab3b17feab5cd4db1c9745643da5809ade351e26d1b70	423ddf4206e009deb3eab3b17feab5cd4db1c9745643da5809ade351e26d1b70	ca076829270ff27614a3779a24b86c11f6de035bbbe5146f7809b22e0754c7bc	ca076829270ff27614a3779a24b86c11f6de035bbbe5146f7809b22e0754c7bc	retain-pristine
src/core/softpc/base/ccpu386/shr.h	base/ccpu386/shr.h	source-or-header	identical-original	not-directly-selected	d1c8eec96859525a1eb0d2beac33848ff9017729c0d8affb902e5a49f8abba8a	d1c8eec96859525a1eb0d2beac33848ff9017729c0d8affb902e5a49f8abba8a	6064cdc2de3ac0065eb269e8bc9f5523176d7882579271885f2fe330805fc39d	6064cdc2de3ac0065eb269e8bc9f5523176d7882579271885f2fe330805fc39d	retain-pristine
src/core/softpc/base/ccpu386/shrd.c	base/ccpu386/shrd.c	source-or-header	identical-original	ccpu-manifest	2d3351d8d4920d4691fd4035d6db11b97ab5ea3d15d10b0cac1403e68f9212cd	2d3351d8d4920d4691fd4035d6db11b97ab5ea3d15d10b0cac1403e68f9212cd	53cc1ce5f094ce8b839f773bc170ca66958b590d07cf685941c71247ad2282a8	53cc1ce5f094ce8b839f773bc170ca66958b590d07cf685941c71247ad2282a8	retain-pristine
src/core/softpc/base/ccpu386/shrd.h	base/ccpu386/shrd.h	source-or-header	identical-original	not-directly-selected	2cf91dc8bef4e9e1a4283cb116f2191018c2d0d0d2e32eb962633348eae8302e	2cf91dc8bef4e9e1a4283cb116f2191018c2d0d0d2e32eb962633348eae8302e	6e3b6ef67ece6e01f4d21e12eba443c4485c483ad281d5e6469919d704e48249	6e3b6ef67ece6e01f4d21e12eba443c4485c483ad281d5e6469919d704e48249	retain-pristine
src/core/softpc/base/ccpu386/sidt.c	base/ccpu386/sidt.c	source-or-header	identical-original	ccpu-manifest	d6882f92a0171ebd6f5137d401e2af4f89c0e854f0349d51650096d755b1a9a0	d6882f92a0171ebd6f5137d401e2af4f89c0e854f0349d51650096d755b1a9a0	2757bb7e5600a1ef540a52aaee93a63fcd5bb9e1532b83b6331954a7b665ecee	2757bb7e5600a1ef540a52aaee93a63fcd5bb9e1532b83b6331954a7b665ecee	retain-pristine
src/core/softpc/base/ccpu386/sidt.h	base/ccpu386/sidt.h	source-or-header	identical-original	not-directly-selected	21bce10a1066dc106468e88949f2dcb182984350fddaa8c693595f6e1bd98f07	21bce10a1066dc106468e88949f2dcb182984350fddaa8c693595f6e1bd98f07	b85ddcc09cf9e238f5cb90920219bc58d27d240d83586ac84484d48bd2097110	b85ddcc09cf9e238f5cb90920219bc58d27d240d83586ac84484d48bd2097110	retain-pristine
src/core/softpc/base/ccpu386/sldt.c	base/ccpu386/sldt.c	source-or-header	identical-original	ccpu-manifest	5f183fc3800019fd4f4ce0368a49d7d285a2d03c1745eb9e391f1fcdb3ad73d0	5f183fc3800019fd4f4ce0368a49d7d285a2d03c1745eb9e391f1fcdb3ad73d0	9daee02ef1f0ec1232ade8cfa6adfda2c0d0bee14611ab4e9b49fbc9b706912f	9daee02ef1f0ec1232ade8cfa6adfda2c0d0bee14611ab4e9b49fbc9b706912f	retain-pristine
src/core/softpc/base/ccpu386/sldt.h	base/ccpu386/sldt.h	source-or-header	identical-original	not-directly-selected	082d43e79865684736d91f150fd90f829fd171f538dd621e58ee7442aae748f2	082d43e79865684736d91f150fd90f829fd171f538dd621e58ee7442aae748f2	c372157bb5941db866657ae06e3edf308f3cf03d1cad6e964b166332f0b0d34b	c372157bb5941db866657ae06e3edf308f3cf03d1cad6e964b166332f0b0d34b	retain-pristine
src/core/softpc/base/ccpu386/smsw.c	base/ccpu386/smsw.c	source-or-header	identical-original	ccpu-manifest	7fe73c7e862d37d6294acc23c667b0b3d99d9295c78d80138d5c22902b9a1e30	7fe73c7e862d37d6294acc23c667b0b3d99d9295c78d80138d5c22902b9a1e30	328397a30cdbbd6a0e579bf4ed279fb700af7692ab9b0e88922905be4046ae24	328397a30cdbbd6a0e579bf4ed279fb700af7692ab9b0e88922905be4046ae24	retain-pristine
src/core/softpc/base/ccpu386/smsw.h	base/ccpu386/smsw.h	source-or-header	identical-original	not-directly-selected	5745520185fcc590da10a1b6b133360f6c3ae6ab43c58c96db8d2b23af8bf066	5745520185fcc590da10a1b6b133360f6c3ae6ab43c58c96db8d2b23af8bf066	daafa9adba7283e5cb59f92b0b87971e14d19aca4ad6d806b9d8485d9b23fa63	daafa9adba7283e5cb59f92b0b87971e14d19aca4ad6d806b9d8485d9b23fa63	retain-pristine
src/core/softpc/base/ccpu386/softpc_ccpu_facade.c	base/ccpu386/softpc_ccpu_facade.c	source-or-header	local-standalone	literal-reference	7e77fa8b3475abf617be59dd54bf293899c335937aec2cdff3a3976a6b000856				overlay
src/core/softpc/base/ccpu386/sources	base/ccpu386/sources	source-or-header	identical-original	not-directly-selected	6dc49164a86efb90776924f463fc0e1ec064436e21339b92e709449a73779431	6dc49164a86efb90776924f463fc0e1ec064436e21339b92e709449a73779431	9c277be35c516723ba15b7390c4dadfcffbb5faf191b50c3bcb5580b5dd61cfc	9c277be35c516723ba15b7390c4dadfcffbb5faf191b50c3bcb5580b5dd61cfc	retain-pristine
src/core/softpc/base/ccpu386/stc.c	base/ccpu386/stc.c	source-or-header	identical-original	ccpu-manifest	daea4a3de631e0c901f146556fab07444c38c4c0f3781d3c0ad4b9e09bbe341e	daea4a3de631e0c901f146556fab07444c38c4c0f3781d3c0ad4b9e09bbe341e	af80661113e0cc16282672b72975489f15f4067741ee17bbe7ae79a286b1f2e4	af80661113e0cc16282672b72975489f15f4067741ee17bbe7ae79a286b1f2e4	retain-pristine
src/core/softpc/base/ccpu386/stc.h	base/ccpu386/stc.h	source-or-header	identical-original	not-directly-selected	62b2b047c76ceb8367aa14867e300e9260c152985e69a8199e23ba9cc69a7460	62b2b047c76ceb8367aa14867e300e9260c152985e69a8199e23ba9cc69a7460	229cc48d29e52e9db789f8593207838f762356c5f5e3d0791d09bb08419325d4	229cc48d29e52e9db789f8593207838f762356c5f5e3d0791d09bb08419325d4	retain-pristine
src/core/softpc/base/ccpu386/std.c	base/ccpu386/std.c	source-or-header	identical-original	ccpu-manifest	0fc14a782e8ecd49bcafb0b8c546ae036ed2fc22bfa58d9d557b42b5c1441d5a	0fc14a782e8ecd49bcafb0b8c546ae036ed2fc22bfa58d9d557b42b5c1441d5a	70bb1f31841b2fab1db3e90669657b66e7f5b8a0069fdbb8b8b542a0ec623402	70bb1f31841b2fab1db3e90669657b66e7f5b8a0069fdbb8b8b542a0ec623402	retain-pristine
src/core/softpc/base/ccpu386/std.h	base/ccpu386/std.h	source-or-header	identical-original	not-directly-selected	6e3db249250942cbdbb4b625133d0f44a1cdb7becfb3b4b8fc03897e18a02a49	6e3db249250942cbdbb4b625133d0f44a1cdb7becfb3b4b8fc03897e18a02a49	08e5f944e2a89247fb7fd14e57a60f5b8cad171189f4246b12be8c3cf3d8f030	08e5f944e2a89247fb7fd14e57a60f5b8cad171189f4246b12be8c3cf3d8f030	retain-pristine
src/core/softpc/base/ccpu386/sti.c	base/ccpu386/sti.c	source-or-header	identical-original	ccpu-manifest	b346f919ae1ea5481cec82ecfae4e82d54a68443f74c88b6b54598086786594e	b346f919ae1ea5481cec82ecfae4e82d54a68443f74c88b6b54598086786594e	6c9ef52afd0cad85b947a3a47a1da97e0320a9958ccd2b61e5e28db1450bec97	6c9ef52afd0cad85b947a3a47a1da97e0320a9958ccd2b61e5e28db1450bec97	retain-pristine
src/core/softpc/base/ccpu386/sti.h	base/ccpu386/sti.h	source-or-header	identical-original	not-directly-selected	5df569f0be1502c277d03c38596768f1133e5283158537cabab7bccc602d308a	5df569f0be1502c277d03c38596768f1133e5283158537cabab7bccc602d308a	75bdb9c0074be052389e88e320fab210152cf4eba951c67abe4eeb1ca9e65961	75bdb9c0074be052389e88e320fab210152cf4eba951c67abe4eeb1ca9e65961	retain-pristine
src/core/softpc/base/ccpu386/str.c	base/ccpu386/str.c	source-or-header	identical-original	ccpu-manifest	09f56d9113cdcd647f125999d65669389de9ca626498f9b2a84c330ad8cbede0	09f56d9113cdcd647f125999d65669389de9ca626498f9b2a84c330ad8cbede0	69c56d1c72a4ac7137811231931b9e44a4d57225cd9d4bd3b217859d68024cd2	69c56d1c72a4ac7137811231931b9e44a4d57225cd9d4bd3b217859d68024cd2	retain-pristine
src/core/softpc/base/ccpu386/str.h	base/ccpu386/str.h	source-or-header	identical-original	not-directly-selected	e1e7a752a34e30d7c4fc21aaa134c1b9e57d16d5a9c32159e7fb528762f16173	e1e7a752a34e30d7c4fc21aaa134c1b9e57d16d5a9c32159e7fb528762f16173	85b028b2e3a0549831a3d0c96100c15e3ba76333e4ec8ede39267b9c0a665def	85b028b2e3a0549831a3d0c96100c15e3ba76333e4ec8ede39267b9c0a665def	retain-pristine
src/core/softpc/base/ccpu386/stubs.c	base/ccpu386/stubs.c	source-or-header	identical-original	ccpu-manifest	534109ed4bb792f42b8cd8e3020c9464f529d564770a22d87d98739c1138f0d8	534109ed4bb792f42b8cd8e3020c9464f529d564770a22d87d98739c1138f0d8	3b2a0b71de795e4a48853d9ee72318c61491e2a1d0479b95dae06022e2941ca9	3b2a0b71de795e4a48853d9ee72318c61491e2a1d0479b95dae06022e2941ca9	retain-pristine
src/core/softpc/base/ccpu386/sub.c	base/ccpu386/sub.c	source-or-header	identical-original	ccpu-manifest	f89fbd25b2017e4216ce7c1336749d012fc1c71b55708ac1e1aafe283c3b8587	f89fbd25b2017e4216ce7c1336749d012fc1c71b55708ac1e1aafe283c3b8587	f858f8ad384fce9a6a269a0961db0bbb156b3c9fdd7a473c648ff8535e08e640	f858f8ad384fce9a6a269a0961db0bbb156b3c9fdd7a473c648ff8535e08e640	retain-pristine
src/core/softpc/base/ccpu386/sub.h	base/ccpu386/sub.h	source-or-header	identical-original	not-directly-selected	673263269f7ceb07ccbb2caf43610665917208979896e4ae8c30fb781b5a63f7	673263269f7ceb07ccbb2caf43610665917208979896e4ae8c30fb781b5a63f7	1c203eb9ddcb0591f029c3a84e25bfd269be23a74eba04723160f0047b6c1113	1c203eb9ddcb0591f029c3a84e25bfd269be23a74eba04723160f0047b6c1113	retain-pristine
src/core/softpc/base/ccpu386/test.c	base/ccpu386/test.c	source-or-header	identical-original	ccpu-manifest	c3c97ce3dc828fd8a33e9fb3981e52b184fdc11dd4da1127392688c283e33ea0	c3c97ce3dc828fd8a33e9fb3981e52b184fdc11dd4da1127392688c283e33ea0	e110bd6702c9cf6c6d831a4881f9fbdc3f49acb257412da2e5bfd1600af9dd29	e110bd6702c9cf6c6d831a4881f9fbdc3f49acb257412da2e5bfd1600af9dd29	retain-pristine
src/core/softpc/base/ccpu386/test.h	base/ccpu386/test.h	source-or-header	identical-original	not-directly-selected	559b1edca4c0a096ce6fad1b771acf3ef6f98251290f84bd222dce7770e3aedf	559b1edca4c0a096ce6fad1b771acf3ef6f98251290f84bd222dce7770e3aedf	5078918239f25022a4dbd1c9cb1f1bbd3540b83fa3704c1b8f409ffe17c18b56	5078918239f25022a4dbd1c9cb1f1bbd3540b83fa3704c1b8f409ffe17c18b56	retain-pristine
src/core/softpc/base/ccpu386/univer_c.h	base/ccpu386/univer_c.h	source-or-header	identical-original	not-directly-selected	72655450d96db6f58f2dbd8887334222647014e38f8386fad58791502dcd52cd	72655450d96db6f58f2dbd8887334222647014e38f8386fad58791502dcd52cd	310a3a7dec7ce68c8457554c2b5852d661fe4940b4ad4f0cde1b2a06041a0de8	310a3a7dec7ce68c8457554c2b5852d661fe4940b4ad4f0cde1b2a06041a0de8	retain-pristine
src/core/softpc/base/ccpu386/verr.c	base/ccpu386/verr.c	source-or-header	identical-original	ccpu-manifest	9a1f7727aa190d47ec138106008481ac77652cdaad96469795ce526fae3e8fb1	9a1f7727aa190d47ec138106008481ac77652cdaad96469795ce526fae3e8fb1	995616b268b72e1e53bff15a3a3c6b2b0ce555d67f022ed9bf74b06fc423e033	995616b268b72e1e53bff15a3a3c6b2b0ce555d67f022ed9bf74b06fc423e033	retain-pristine
src/core/softpc/base/ccpu386/verr.h	base/ccpu386/verr.h	source-or-header	identical-original	not-directly-selected	f99809f1b5441d0dcb621c64495ddfdb277d4eaa312adcab5a2f715e6304233a	f99809f1b5441d0dcb621c64495ddfdb277d4eaa312adcab5a2f715e6304233a	905e0bdbe2510e800e0b3c2c2888c814c977ed351cdecf47f805c6f993f37eaf	905e0bdbe2510e800e0b3c2c2888c814c977ed351cdecf47f805c6f993f37eaf	retain-pristine
src/core/softpc/base/ccpu386/verw.c	base/ccpu386/verw.c	source-or-header	identical-original	ccpu-manifest	58a4c43cca9eb9c8ab7692fa3708628f556b9ed09b5d0bec7898d5ebbf432bf2	58a4c43cca9eb9c8ab7692fa3708628f556b9ed09b5d0bec7898d5ebbf432bf2	dde0e156a7ed32f564261440dbf7dc7029e3dfe76ca7f822ac20addf4cc57215	dde0e156a7ed32f564261440dbf7dc7029e3dfe76ca7f822ac20addf4cc57215	retain-pristine
src/core/softpc/base/ccpu386/verw.h	base/ccpu386/verw.h	source-or-header	identical-original	not-directly-selected	2d3c94afa13eab4093d4fc971b177c178b238378b23dd74eec6a1fd2f2eeda37	2d3c94afa13eab4093d4fc971b177c178b238378b23dd74eec6a1fd2f2eeda37	87b5470f10abe077a834f24644cc263eeaa0e9958bf1fc62412dc78b2fcd457c	87b5470f10abe077a834f24644cc263eeaa0e9958bf1fc62412dc78b2fcd457c	retain-pristine
src/core/softpc/base/ccpu386/vglob.c	base/ccpu386/vglob.c	source-or-header	identical-original	literal-reference	e695a9807285703119cffb0c3bc8a3aa6433ede43efa499f21a6e736f94395d8	e695a9807285703119cffb0c3bc8a3aa6433ede43efa499f21a6e736f94395d8	cc2de4ae3321767f87db830c2e574bc1fc58fd7b4e43135d76ca029d47628b41	cc2de4ae3321767f87db830c2e574bc1fc58fd7b4e43135d76ca029d47628b41	retain-pristine
src/core/softpc/base/ccpu386/wait.c	base/ccpu386/wait.c	source-or-header	identical-original	ccpu-manifest	26dcda8641eff26a1d23f14e204caaafc17bb06ee9e04e8ac0acf676d8586991	26dcda8641eff26a1d23f14e204caaafc17bb06ee9e04e8ac0acf676d8586991	a126b08be6b6942080c41b8bd93b1a24386e522c54c2eeb233d95a8ea257dc06	a126b08be6b6942080c41b8bd93b1a24386e522c54c2eeb233d95a8ea257dc06	retain-pristine
src/core/softpc/base/ccpu386/wait.h	base/ccpu386/wait.h	source-or-header	identical-original	not-directly-selected	000adda27c9888d653f77d0d519fd985f01cc3af8ac9244594f4132e09112afe	000adda27c9888d653f77d0d519fd985f01cc3af8ac9244594f4132e09112afe	0e502e52fce9f43c68ce46c896e56b8bb411cef280792723fc9506e940d9867e	0e502e52fce9f43c68ce46c896e56b8bb411cef280792723fc9506e940d9867e	retain-pristine
src/core/softpc/base/ccpu386/wbinvd.c	base/ccpu386/wbinvd.c	source-or-header	identical-original	ccpu-manifest	61cc2d303ac4935f8dc024ead2c3020201a10d3a5b08403f65f0b130bb2a537d	61cc2d303ac4935f8dc024ead2c3020201a10d3a5b08403f65f0b130bb2a537d	51e77763837dddd804e6482c447568b0304bde4442636932d90e1bc9d585681a	51e77763837dddd804e6482c447568b0304bde4442636932d90e1bc9d585681a	retain-pristine
src/core/softpc/base/ccpu386/wbinvd.h	base/ccpu386/wbinvd.h	source-or-header	identical-original	not-directly-selected	806a12eb2d541fc4b7e1c160b97c8cc81d8551a3fe685a0439a72de2099affa2	806a12eb2d541fc4b7e1c160b97c8cc81d8551a3fe685a0439a72de2099affa2	e12a758e9542cef9f2574894f8d70ae83bce6746cffb3e6bc2da681cd04fcb24	e12a758e9542cef9f2574894f8d70ae83bce6746cffb3e6bc2da681cd04fcb24	retain-pristine
src/core/softpc/base/ccpu386/xadd.c	base/ccpu386/xadd.c	source-or-header	identical-original	ccpu-manifest	80d97ce7d9b57b24c6b498b72def5e847ca39642545bd841f0fbae5725c702e2	80d97ce7d9b57b24c6b498b72def5e847ca39642545bd841f0fbae5725c702e2	42b1a83267973e5519846a761a181594fb02a9ca17d5dae40bb43b0aa178afee	42b1a83267973e5519846a761a181594fb02a9ca17d5dae40bb43b0aa178afee	retain-pristine
src/core/softpc/base/ccpu386/xadd.h	base/ccpu386/xadd.h	source-or-header	identical-original	not-directly-selected	793871fec24b535636658e9124381c3f5a4ebea319d19c6d59330539bd7ed154	793871fec24b535636658e9124381c3f5a4ebea319d19c6d59330539bd7ed154	f2f004c08e86ceaeb9674fb8f924494f995e67a1acf246a714416a360be91b12	f2f004c08e86ceaeb9674fb8f924494f995e67a1acf246a714416a360be91b12	retain-pristine
src/core/softpc/base/ccpu386/xchg.c	base/ccpu386/xchg.c	source-or-header	identical-original	ccpu-manifest	e5a2fd36c18fdd3d833eef70b16ab653b49513e9d0767afb1478efca54045f19	e5a2fd36c18fdd3d833eef70b16ab653b49513e9d0767afb1478efca54045f19	757fed82d407b7f7a7a748759426ba39e86623c6ccc1bb6ddc202392e14acef1	757fed82d407b7f7a7a748759426ba39e86623c6ccc1bb6ddc202392e14acef1	retain-pristine
src/core/softpc/base/ccpu386/xchg.h	base/ccpu386/xchg.h	source-or-header	identical-original	not-directly-selected	b12f6f0ab67ce7a232459be61a8b379d4387cd144470353685663a1f8bba6386	b12f6f0ab67ce7a232459be61a8b379d4387cd144470353685663a1f8bba6386	2c662d6cd3d9000adb596c88fbc074c57986ae50cffb3bfbeb6bec81e8229843	2c662d6cd3d9000adb596c88fbc074c57986ae50cffb3bfbeb6bec81e8229843	retain-pristine
src/core/softpc/base/ccpu386/xlat.c	base/ccpu386/xlat.c	source-or-header	identical-original	ccpu-manifest	de749c418a1639c589c39d6e0ecb7ad95084c33da1a40a61bcbc617257dee9a6	de749c418a1639c589c39d6e0ecb7ad95084c33da1a40a61bcbc617257dee9a6	53c8d2d39f16241d38ad187efe22f8787e823e8e00099fc3296b25cbd89f46bd	53c8d2d39f16241d38ad187efe22f8787e823e8e00099fc3296b25cbd89f46bd	retain-pristine
src/core/softpc/base/ccpu386/xlat.h	base/ccpu386/xlat.h	source-or-header	identical-original	not-directly-selected	5b57d6d0c24d17bf8ae58dbf89e448433c677519c6378f70afb71d2fa23cdfcc	5b57d6d0c24d17bf8ae58dbf89e448433c677519c6378f70afb71d2fa23cdfcc	4c2e0ad983db97300f0302195a6ce787449eaf9592ea6287966280208ef29940	4c2e0ad983db97300f0302195a6ce787449eaf9592ea6287966280208ef29940	retain-pristine
src/core/softpc/base/ccpu386/xor.c	base/ccpu386/xor.c	source-or-header	identical-original	ccpu-manifest	2f27c4985f7a2b6f0233c849d58e59b65cfdcbeeea200ea2826b07ede495700c	2f27c4985f7a2b6f0233c849d58e59b65cfdcbeeea200ea2826b07ede495700c	e5ef71a589e17a15e789a28f4a670ba80960165286da17b58b38b53c404930e6	e5ef71a589e17a15e789a28f4a670ba80960165286da17b58b38b53c404930e6	retain-pristine
src/core/softpc/base/ccpu386/xor.h	base/ccpu386/xor.h	source-or-header	identical-original	not-directly-selected	e7e20db6c873645c2f54e9154245a085684e6fc88e6bb586f16c9243cb33f215	e7e20db6c873645c2f54e9154245a085684e6fc88e6bb586f16c9243cb33f215	9ffcd3558d0982fd9fe955bbe5c3df57c75edef1218916d8bbaf173f74425b23	9ffcd3558d0982fd9fe955bbe5c3df57c75edef1218916d8bbaf173f74425b23	retain-pristine
src/core/softpc/base/ccpu386/zfrsrvd.c	base/ccpu386/zfrsrvd.c	source-or-header	identical-original	literal-reference	3beaf1ec7ca8ac2092bb88de4597a19de8aecdd564fa2b55ccb1a4009041e961	3beaf1ec7ca8ac2092bb88de4597a19de8aecdd564fa2b55ccb1a4009041e961	915818af906d50a96895eff6ca884fef8ef05bbb662fe9eb857f075d02f09100	915818af906d50a96895eff6ca884fef8ef05bbb662fe9eb857f075d02f09100	retain-pristine
src/core/softpc/base/ccpu386/zfrsrvd.h	base/ccpu386/zfrsrvd.h	source-or-header	identical-original	not-directly-selected	b52e68f5e259a77948c37e74546a942183a6d2b04f4926fee626da743bd597a9	b52e68f5e259a77948c37e74546a942183a6d2b04f4926fee626da743bd597a9	b099b3636d2048c15a462fde865cbbd1cd7156ac2f5df112fb1dce0c81a416d6	b099b3636d2048c15a462fde865cbbd1cd7156ac2f5df112fb1dce0c81a416d6	retain-pristine
src/core/softpc/base/comms/com.c	base/comms/com.c	source-or-header	direct-original-diff	literal-reference	2be8523dd9fb4dde9f837779c59939ad4a371bad24c95cff5ce3a8b2cc7e1a00	64ea04370f3e5295b9cdc88d34d3badc03b68ec33ce23715c58a29085ba1e4b3	a3154deb6ade1bb46b39791f24e567d96e58805cf04b8c27bb22ab9fe0ec5b31	d0c2f4a055f0e39661375a845bb4fe92695988ddd772f7593fba3f1c86446d72	overlay
src/core/softpc/base/comms/printer.c	base/comms/printer.c	source-or-header	normalized-identical-original	literal-reference	2bcbb78afb5ac0f066cfb10c5cfdb542f410deb71d151764fe6dfa7f3b71829e	b1456dcbc0dc6b4d1fd5d101bfaa6bdc9a4cd5d970c14215f3ae62a173f17ccb	4c38e10fad49b7f5839529ff39e1f237a569eb39c95b8bc20ad571f63d93f096	4c38e10fad49b7f5839529ff39e1f237a569eb39c95b8bc20ad571f63d93f096	retain-pristine
src/core/softpc/base/comms/printer_.c	base/comms/printer_.c	source-or-header	normalized-identical-original	literal-reference	299ff314e08165c79e2a9b4772d9b7c004e5e6df054c9c869049829566c4dcf3	53edfe9fb4bb9d965acb8a7cc5f33d14cdf0694957dadfa912e0175488dbcf81	73fa397fc712488af4cf32c0a4c0de93a960e6b08fe26e143e3b9cf27af01835	73fa397fc712488af4cf32c0a4c0de93a960e6b08fe26e143e3b9cf27af01835	retain-pristine
src/core/softpc/base/comms/rs232_io.c	base/comms/rs232_io.c	source-or-header	normalized-identical-original	literal-reference	8cbf2905f051a7f423278b8207324f956639a2f654be3b8694db10c8be445f54	534f7058f657be386f25950d5e1750a4f5017f67e4890201983fbbb3d74f379f	b1dc6e9874e484a6890f339b31d3d0c0e813a7f15d8ae64ce49338e30b1881b9	b1dc6e9874e484a6890f339b31d3d0c0e813a7f15d8ae64ce49338e30b1881b9	retain-pristine
src/core/softpc/base/cpu/src/evid/ev_glue.c	base/cpu/src/evid/ev_glue.c	source-or-header	identical-original	not-directly-selected	6bd49962ea383cc53b11db3091c3c97874adf9ea0c3a76c0d8165ef6ece21032	6bd49962ea383cc53b11db3091c3c97874adf9ea0c3a76c0d8165ef6ece21032	38dc7f9b71ab6175fff5c6b8512d0a9f64740831f50a87944d3ad0b660284b18	38dc7f9b71ab6175fff5c6b8512d0a9f64740831f50a87944d3ad0b660284b18	retain-pristine
src/core/softpc/base/cpu/src/evid/ev_stubs.c	base/cpu/src/evid/ev_stubs.c	source-or-header	identical-original	not-directly-selected	b289023dddb237935d44129c5968e2b225a86e95f0ca84274e132fd9b41735bd	b289023dddb237935d44129c5968e2b225a86e95f0ca84274e132fd9b41735bd	72e426047d32b339bd77474c5a074080323914ef6f69cab993bd6ff9bace50f8	72e426047d32b339bd77474c5a074080323914ef6f69cab993bd6ff9bace50f8	retain-pristine
src/core/softpc/base/cpu/src/evid/vglob.c	base/cpu/src/evid/vglob.c	source-or-header	identical-original	not-directly-selected	e695a9807285703119cffb0c3bc8a3aa6433ede43efa499f21a6e736f94395d8	e695a9807285703119cffb0c3bc8a3aa6433ede43efa499f21a6e736f94395d8	cc2de4ae3321767f87db830c2e574bc1fc58fd7b4e43135d76ca029d47628b41	cc2de4ae3321767f87db830c2e574bc1fc58fd7b4e43135d76ca029d47628b41	retain-pristine
src/core/softpc/base/cvidc/acc_efi.h	base/cvidc/acc_efi.h	source-or-header	identical-original	not-directly-selected	1223e330518775a04b49d913c8fbdff86d2eec0c8308218640d7fa9215c72142	1223e330518775a04b49d913c8fbdff86d2eec0c8308218640d7fa9215c72142	63c2aca6d8f5764f5f9fc25b47f1cc51ae940c94f5e09e1e47a9c1606f0a9ad7	63c2aca6d8f5764f5f9fc25b47f1cc51ae940c94f5e09e1e47a9c1606f0a9ad7	retain-pristine
src/core/softpc/base/cvidc/access_c.h	base/cvidc/access_c.h	source-or-header	identical-original	not-directly-selected	cc53344d9ce5df3d47fc7dee463862e8fa769dd59fe885ce7dc4fcd0040b53c2	cc53344d9ce5df3d47fc7dee463862e8fa769dd59fe885ce7dc4fcd0040b53c2	9c1b97e2df4db2f3f2c010070729e25eb6245825138841e13d11372ba707b332	9c1b97e2df4db2f3f2c010070729e25eb6245825138841e13d11372ba707b332	retain-pristine
src/core/softpc/base/cvidc/accessfn.c	base/cvidc/accessfn.c	source-or-header	identical-original	literal-reference	326046c10f56b4da4eb4d7fe8b7e2052a46955a229cd94f717ab3ff6b52a1a37	326046c10f56b4da4eb4d7fe8b7e2052a46955a229cd94f717ab3ff6b52a1a37	49222ec6ad2a5bffd6ed96bebf21cf6958f425c05dd62f5bd0f196ffd12b4dc6	49222ec6ad2a5bffd6ed96bebf21cf6958f425c05dd62f5bd0f196ffd12b4dc6	retain-pristine
src/core/softpc/base/cvidc/add_c.h	base/cvidc/add_c.h	source-or-header	identical-original	not-directly-selected	bdfdef60fa4638fd94c3e45818d694059ba9954032eca0d48f2f53531700b16c	bdfdef60fa4638fd94c3e45818d694059ba9954032eca0d48f2f53531700b16c	40470aef97ab102bda93be2f59a592539fc8d235b08c782be5aa1f353e64a07d	40470aef97ab102bda93be2f59a592539fc8d235b08c782be5aa1f353e64a07d	retain-pristine
src/core/softpc/base/cvidc/adjust_c.h	base/cvidc/adjust_c.h	source-or-header	identical-original	not-directly-selected	18bb94f5513c4a2f4dcaec3f288db019233ed37efa0791b1fad8f0144a3c8b79	18bb94f5513c4a2f4dcaec3f288db019233ed37efa0791b1fad8f0144a3c8b79	a9363caed2293cb0dcce7f8447b4aeffbb52a4843cf86255ff5c6b1bf8e54218	a9363caed2293cb0dcce7f8447b4aeffbb52a4843cf86255ff5c6b1bf8e54218	retain-pristine
src/core/softpc/base/cvidc/axphst_c.h	base/cvidc/axphst_c.h	source-or-header	identical-original	not-directly-selected	4c92e15b0a17c025cf37e87bd2955cce9f06ff9a4ee288f03c66b5644be68399	4c92e15b0a17c025cf37e87bd2955cce9f06ff9a4ee288f03c66b5644be68399	82757d3bbb413976961151725b7f1d3c7bf5a4f120ed90a923243e650864dc83	82757d3bbb413976961151725b7f1d3c7bf5a4f120ed90a923243e650864dc83	retain-pristine
src/core/softpc/base/cvidc/bldr_c.h	base/cvidc/bldr_c.h	source-or-header	identical-original	not-directly-selected	d978314db9d215d2287927bb580dbf4a80cecd5f565ea4dbbf8f7523c11e0ca5	d978314db9d215d2287927bb580dbf4a80cecd5f565ea4dbbf8f7523c11e0ca5	748d4bb45b891badf94eb70215eb30bb6cabc1509a736efc10c94a60be0aedc7	748d4bb45b891badf94eb70215eb30bb6cabc1509a736efc10c94a60be0aedc7	retain-pristine
src/core/softpc/base/cvidc/bodge_c.h	base/cvidc/bodge_c.h	source-or-header	identical-original	not-directly-selected	42135d53da8eb4733cbfbc6fe1ea2408f7b3595ad957e5b929a16d97941d6eea	42135d53da8eb4733cbfbc6fe1ea2408f7b3595ad957e5b929a16d97941d6eea	36a0413269830ded63570e7ec9d2f9ff41cfbf0e3322f143a4196b0e39a05690	36a0413269830ded63570e7ec9d2f9ff41cfbf0e3322f143a4196b0e39a05690	retain-pristine
src/core/softpc/base/cvidc/bound_c.h	base/cvidc/bound_c.h	source-or-header	identical-original	not-directly-selected	8b0d1f2e0c5d4e9f5224ed6cb4ead97998253645e10fe5566af9a7b5e449a83d	8b0d1f2e0c5d4e9f5224ed6cb4ead97998253645e10fe5566af9a7b5e449a83d	4ca5fd7d3166f4076ebb5c24087f207173aa2a5b122a0feebfb619d351db96cc	4ca5fd7d3166f4076ebb5c24087f207173aa2a5b122a0feebfb619d351db96cc	retain-pristine
src/core/softpc/base/cvidc/bpi_c.h	base/cvidc/bpi_c.h	source-or-header	identical-original	not-directly-selected	33d2ec9594b2134ab81aab6a37c4397651a390f6b0fd4b5f9aea98f66aaea911	33d2ec9594b2134ab81aab6a37c4397651a390f6b0fd4b5f9aea98f66aaea911	5d9668506b673c9baf66bd7d10e34e321221f9b94fd03b58cf08032fa72307b8	5d9668506b673c9baf66bd7d10e34e321221f9b94fd03b58cf08032fa72307b8	retain-pristine
src/core/softpc/base/cvidc/bswap_c.h	base/cvidc/bswap_c.h	source-or-header	identical-original	not-directly-selected	99c5aa2603e3730857fd2a9404ef71f66231d3dbb5ca8732b61a265aed184cd2	99c5aa2603e3730857fd2a9404ef71f66231d3dbb5ca8732b61a265aed184cd2	343b05a660a9d814c8d20e2abc3f7edd4c1ad01b3c5eaffb20c1dfea3633135c	343b05a660a9d814c8d20e2abc3f7edd4c1ad01b3c5eaffb20c1dfea3633135c	retain-pristine
src/core/softpc/base/cvidc/btest_c.h	base/cvidc/btest_c.h	source-or-header	identical-original	not-directly-selected	7de5938d9b167251bd61e326d7f2142381f7fac36cf942195f8cc3b10ac3f595	7de5938d9b167251bd61e326d7f2142381f7fac36cf942195f8cc3b10ac3f595	b7b431b912363a48100704635247dd30d9ed66cb60ea04126208490802170c18	b7b431b912363a48100704635247dd30d9ed66cb60ea04126208490802170c18	retain-pristine
src/core/softpc/base/cvidc/buffer_c.h	base/cvidc/buffer_c.h	source-or-header	identical-original	not-directly-selected	76e130306d75308a614f40d3a0507f1b546c12ce41c0c95ee87cd8834d5ba305	76e130306d75308a614f40d3a0507f1b546c12ce41c0c95ee87cd8834d5ba305	d15f26f1efdd0d38aa5e61b12b70dd037bf2a2eca7d31157e2595c89956acabb	d15f26f1efdd0d38aa5e61b12b70dd037bf2a2eca7d31157e2595c89956acabb	retain-pristine
src/core/softpc/base/cvidc/c2cpug_c.h	base/cvidc/c2cpug_c.h	source-or-header	identical-original	not-directly-selected	6cd353c8cb0576c532e0cddc5f7b27ba6a7c58c4e5197851db857c18d1ce1d9f	6cd353c8cb0576c532e0cddc5f7b27ba6a7c58c4e5197851db857c18d1ce1d9f	55f237b8f54046a986feffa089434dc65281e749f73a0c9fb2af0343a6aa85cc	55f237b8f54046a986feffa089434dc65281e749f73a0c9fb2af0343a6aa85cc	retain-pristine
src/core/softpc/base/cvidc/c2cpusad.h	base/cvidc/c2cpusad.h	source-or-header	identical-original	not-directly-selected	6f73c73102647669a8db411c8a6a2ac6412fe2ccbb3daa6331b7b8fd2717260b	6f73c73102647669a8db411c8a6a2ac6412fe2ccbb3daa6331b7b8fd2717260b	687d17e22c699c9e0f76f8d45bcaf82315667ea79aa3c0cea31e9715befa2be1	687d17e22c699c9e0f76f8d45bcaf82315667ea79aa3c0cea31e9715befa2be1	retain-pristine
src/core/softpc/base/cvidc/c2cput_c.h	base/cvidc/c2cput_c.h	source-or-header	identical-original	not-directly-selected	675216d270ea83bb20f5a3323de6c04c280f363f921cb4b037fc5786a26aa49d	675216d270ea83bb20f5a3323de6c04c280f363f921cb4b037fc5786a26aa49d	0e8e710a79882dca40303cf51a887c5d90b59ed0eca4c3c3f038c9d680ce10cb	0e8e710a79882dca40303cf51a887c5d90b59ed0eca4c3c3f038c9d680ce10cb	retain-pristine
src/core/softpc/base/cvidc/ccpudefs.inc	base/cvidc/ccpudefs.inc	source-or-header	identical-original	not-directly-selected	de75d67c7168f04ae82715b4dd56663093589d3fdd36bd828c6267bd6d041a6d	de75d67c7168f04ae82715b4dd56663093589d3fdd36bd828c6267bd6d041a6d	3bbae8a2d8d9c19377d31d521b5ae6222c405b77b52d30a6e9ae72a27b5ff0c4	3bbae8a2d8d9c19377d31d521b5ae6222c405b77b52d30a6e9ae72a27b5ff0c4	retain-pristine
src/core/softpc/base/cvidc/chain2_c.h	base/cvidc/chain2_c.h	source-or-header	identical-original	not-directly-selected	7eff1bb184ecc203b3413fe8bf55cdfb861e4a06dfb8cde973bc94c5f5e964b2	7eff1bb184ecc203b3413fe8bf55cdfb861e4a06dfb8cde973bc94c5f5e964b2	dd5d36573fa0bcb3526bcbd34a738daad17849ac833a0717253b836f0e751e09	dd5d36573fa0bcb3526bcbd34a738daad17849ac833a0717253b836f0e751e09	retain-pristine
src/core/softpc/base/cvidc/chain4_c.h	base/cvidc/chain4_c.h	source-or-header	identical-original	not-directly-selected	1a4c090b70fb28da21119a6ccf19371f9b5479256b18231b11437de15d5785fa	1a4c090b70fb28da21119a6ccf19371f9b5479256b18231b11437de15d5785fa	b321f9f83d489342cc898db3f30e7495ee15a8494421efa01403cdd7cb0230d3	b321f9f83d489342cc898db3f30e7495ee15a8494421efa01403cdd7cb0230d3	retain-pristine
src/core/softpc/base/cvidc/cmp_c.h	base/cvidc/cmp_c.h	source-or-header	identical-original	not-directly-selected	3658654df938ad4dfd3ed511515a916bce9bf3135da465f4fb541c9e52e13fb6	3658654df938ad4dfd3ed511515a916bce9bf3135da465f4fb541c9e52e13fb6	8246f74fa212d4351323e954e2eaacf68db7018715b7ee4dd22cee688483ce26	8246f74fa212d4351323e954e2eaacf68db7018715b7ee4dd22cee688483ce26	retain-pristine
src/core/softpc/base/cvidc/contxt_c.h	base/cvidc/contxt_c.h	source-or-header	identical-original	not-directly-selected	30eb579c995b281e873c6501fda356027b8b782867c65ecd8b73ff420c906c6c	30eb579c995b281e873c6501fda356027b8b782867c65ecd8b73ff420c906c6c	49a99de4e9329181d39d60bda6bb29bd72ee46591af5a3c0c7835f96c3035c00	49a99de4e9329181d39d60bda6bb29bd72ee46591af5a3c0c7835f96c3035c00	retain-pristine
src/core/softpc/base/cvidc/conv_c.h	base/cvidc/conv_c.h	source-or-header	identical-original	not-directly-selected	3db1fdfe05ad4f7b2b8f743e23dcce7e0a74ab89fba3ec2cb7ee21ad6a66b0bb	3db1fdfe05ad4f7b2b8f743e23dcce7e0a74ab89fba3ec2cb7ee21ad6a66b0bb	6a0753a71dc95baa37eba3df59ec8a3214be3310b97517f96400895f17788766	6a0753a71dc95baa37eba3df59ec8a3214be3310b97517f96400895f17788766	retain-pristine
src/core/softpc/base/cvidc/copies_c.h	base/cvidc/copies_c.h	source-or-header	identical-original	not-directly-selected	f6f31a25c46bf20ac74bf07801d45274117eb3f2f5b73d3f876fe6add94cb6f4	f6f31a25c46bf20ac74bf07801d45274117eb3f2f5b73d3f876fe6add94cb6f4	a963ed2cff468ea3721f1acfe68a37786122ab7d487892931b51bce1dbdc49dc	a963ed2cff468ea3721f1acfe68a37786122ab7d487892931b51bce1dbdc49dc	retain-pristine
src/core/softpc/base/cvidc/cpnote_c.h	base/cvidc/cpnote_c.h	source-or-header	identical-original	not-directly-selected	311dacbcceec63f138d6aa05b004091772c31f73f9d9e54650b0287b2cfdfae1	311dacbcceec63f138d6aa05b004091772c31f73f9d9e54650b0287b2cfdfae1	40620cf11d487d17901ebb1b5aa50682486fcdfac8a9c7ef11c85bf894499519	40620cf11d487d17901ebb1b5aa50682486fcdfac8a9c7ef11c85bf894499519	retain-pristine
src/core/softpc/base/cvidc/cpu_c.h	base/cvidc/cpu_c.h	source-or-header	identical-original	not-directly-selected	8cd25a965f1866a6d8e64621712c00d2c5cb83f47c053c7aac8cb72ce6620f15	8cd25a965f1866a6d8e64621712c00d2c5cb83f47c053c7aac8cb72ce6620f15	6ca4805792ac5808a8fb9f6f9c7e25df351cf3f16cb1b9d9927bfbc0cfeaccab	6ca4805792ac5808a8fb9f6f9c7e25df351cf3f16cb1b9d9927bfbc0cfeaccab	retain-pristine
src/core/softpc/base/cvidc/cpu4gen.h	base/cvidc/cpu4gen.h	source-or-header	identical-original	not-directly-selected	c7775bb2a65b0c398b3d326b17bbc183526b7ba19736942f0db5d77dd6625127	c7775bb2a65b0c398b3d326b17bbc183526b7ba19736942f0db5d77dd6625127	fea434fa9725fc199e9415cd2c1b7b370fee714626b79a791b26f7849ecd5993	fea434fa9725fc199e9415cd2c1b7b370fee714626b79a791b26f7849ecd5993	retain-pristine
src/core/softpc/base/cvidc/cpuint_c.h	base/cvidc/cpuint_c.h	source-or-header	identical-original	not-directly-selected	814357a9371e97b0db7f39943b0e55c9b76507371440614802ed7745e9d9f67b	814357a9371e97b0db7f39943b0e55c9b76507371440614802ed7745e9d9f67b	a2515719ef6dfff3c313f9d7582424c48d1e3731dab21b8e7e7c2ddb814243ff	a2515719ef6dfff3c313f9d7582424c48d1e3731dab21b8e7e7c2ddb814243ff	retain-pristine
src/core/softpc/base/cvidc/cpumod_c.h	base/cvidc/cpumod_c.h	source-or-header	identical-original	not-directly-selected	181a1204e685459661b200aa1ba804c3496105d5ed5ca28110aa0365f2d08785	181a1204e685459661b200aa1ba804c3496105d5ed5ca28110aa0365f2d08785	258079107a14fd1d255b8c1831041d1f5add60a88892e0c17b6835c4b7469939	258079107a14fd1d255b8c1831041d1f5add60a88892e0c17b6835c4b7469939	retain-pristine
src/core/softpc/base/cvidc/cpureg_c.h	base/cvidc/cpureg_c.h	source-or-header	identical-original	not-directly-selected	40122f36ce134bb1b98556d595bf11f3cabc9b30551c370c50f2a95cd865ae73	40122f36ce134bb1b98556d595bf11f3cabc9b30551c370c50f2a95cd865ae73	f3d9166b5b45e1a37da1516e55e2976f8360c38a6adf826206caec455e1c77b2	f3d9166b5b45e1a37da1516e55e2976f8360c38a6adf826206caec455e1c77b2	retain-pristine
src/core/softpc/base/cvidc/dec_c.h	base/cvidc/dec_c.h	source-or-header	identical-original	not-directly-selected	7a4b90358d04a45c0c13ccc6668b6293fdb82a7aadb2aabb9b5b8ecc822f3f86	7a4b90358d04a45c0c13ccc6668b6293fdb82a7aadb2aabb9b5b8ecc822f3f86	be5502f69fb510a7e287b36fc82e7811795dd6afa06dfb3d345a80bb596c2c25	be5502f69fb510a7e287b36fc82e7811795dd6afa06dfb3d345a80bb596c2c25	retain-pristine
src/core/softpc/base/cvidc/ea_c.h	base/cvidc/ea_c.h	source-or-header	identical-original	not-directly-selected	fe7a96f39e7b35f7926e441d6d602df86af4cbaded124ee9f9612dfae651994d	fe7a96f39e7b35f7926e441d6d602df86af4cbaded124ee9f9612dfae651994d	c33d3a9abb662c3e94b831385def2d08c067ab2d08f946d27bfe9e82898c4273	c33d3a9abb662c3e94b831385def2d08c067ab2d08f946d27bfe9e82898c4273	retain-pristine
src/core/softpc/base/cvidc/enter_c.h	base/cvidc/enter_c.h	source-or-header	identical-original	not-directly-selected	4ec3493a0ca6966e91092a317f94190b1df6326aed29902c33c8dc870f1032f5	4ec3493a0ca6966e91092a317f94190b1df6326aed29902c33c8dc870f1032f5	0e40bd1b7dcd73ab1c7271a5d9db86e6c06c4e80edef67c670f0252429ec4e60	0e40bd1b7dcd73ab1c7271a5d9db86e6c06c4e80edef67c670f0252429ec4e60	retain-pristine
src/core/softpc/base/cvidc/ev_glue.c	base/cvidc/ev_glue.c	source-or-header	normalized-identical-original	literal-reference	eacb7b5f1257ab42d0eaf69468f3970f8a491473145a497e3b40a28affc21626	a12ddfd55dbd3b4426ff20075c46a665c6a30c6a955f24f6ab4872fb4895e935	27202a9591bbdd951cccb2770240cbaf3ad7017198b9e454c61a85794c0b031b	27202a9591bbdd951cccb2770240cbaf3ad7017198b9e454c61a85794c0b031b	retain-pristine
src/core/softpc/base/cvidc/ev_stubs.c	base/cvidc/ev_stubs.c	source-or-header	normalized-identical-original	not-directly-selected	15a1ba020093ff4635872487cbf76cca3f3a7870c43c5c4facb0779374a1f148	b289023dddb237935d44129c5968e2b225a86e95f0ca84274e132fd9b41735bd	72e426047d32b339bd77474c5a074080323914ef6f69cab993bd6ff9bace50f8	72e426047d32b339bd77474c5a074080323914ef6f69cab993bd6ff9bace50f8	retain-pristine
src/core/softpc/base/cvidc/evid_c.h	base/cvidc/evid_c.h	source-or-header	identical-original	not-directly-selected	efd4bbf01556bb661a47131c75f05e321a41c00e407ec6177b66e80718df8710	efd4bbf01556bb661a47131c75f05e321a41c00e407ec6177b66e80718df8710	97b13acab4e80a245ede4889b3b84e1718c10c3293f54f1df2b4863e5432f09a	97b13acab4e80a245ede4889b3b84e1718c10c3293f54f1df2b4863e5432f09a	retain-pristine
src/core/softpc/base/cvidc/evidfunc.c	base/cvidc/evidfunc.c	source-or-header	identical-original	literal-reference	c932fe38359660386fc8a61c3dad1691385f5080b32a7e30a16f53664384d4ed	c932fe38359660386fc8a61c3dad1691385f5080b32a7e30a16f53664384d4ed	206afa61a13aba945947c83b3375abc77ebe0e8f39730293fa532de998230091	206afa61a13aba945947c83b3375abc77ebe0e8f39730293fa532de998230091	retain-pristine
src/core/softpc/base/cvidc/evidfunc.h	base/cvidc/evidfunc.h	source-or-header	direct-original-diff	not-directly-selected	04ca796eef1edeb58bfbaf62c355fe2250811705498dbd0f5d7ece32241249ca	887703f1d48d16ed578ffc33789cf126697b206a62219f5ca41aef795c414ecb	91b836204ab4a3b8427dea81cef3298f5e8f990192733efc8fd98d0546026291	ac791501b6a2b0eefd2d36de099f8de1b61c8a713c0ae9b6844e16b187578492	overlay
src/core/softpc/base/cvidc/evidgen.h	base/cvidc/evidgen.h	source-or-header	direct-original-diff	not-directly-selected	05914f8aee930689d366b979bc3d8ac582402b0d844766b816d62e899e60d3f8	867a2c65cbc1b0980ac6a07002072fcfb638e4c24ebe8e513f4c93f3d1c6fe6c	9376def91e2c96a6d125ae76fc5e2b104632b7dbafd8d4024f61a41aac52692b	22dce47e05fb67920ac435906aa0fe5c67c1e5f8c063724a0532e4e84c753c37	overlay
src/core/softpc/base/cvidc/flags_c.h	base/cvidc/flags_c.h	source-or-header	identical-original	not-directly-selected	3b1a17ff4f053c314e313f56db3dc8c075d2e0631402b6a0260c485c50fbc026	3b1a17ff4f053c314e313f56db3dc8c075d2e0631402b6a0260c485c50fbc026	820d7906946263adb4287ba60a243baef4b291b98261d49ddede4ca60782b043	820d7906946263adb4287ba60a243baef4b291b98261d49ddede4ca60782b043	retain-pristine
src/core/softpc/base/cvidc/flagtb_c.h	base/cvidc/flagtb_c.h	source-or-header	identical-original	not-directly-selected	05e9ed0cc6e86605a12a83a55293ecd1b3dfaafaadbd12e3c26f848ad2c22a6e	05e9ed0cc6e86605a12a83a55293ecd1b3dfaafaadbd12e3c26f848ad2c22a6e	a3043d017527c69e93a951796a63fa9296b72f4f315a8c1db82f88a13f24b6e0	a3043d017527c69e93a951796a63fa9296b72f4f315a8c1db82f88a13f24b6e0	retain-pristine
src/core/softpc/base/cvidc/fm_c.h	base/cvidc/fm_c.h	source-or-header	identical-original	not-directly-selected	e8f877260ef1f968714a8ecaa3684b2fa4d041c0ff7dc1c9e7b564ba1036486d	e8f877260ef1f968714a8ecaa3684b2fa4d041c0ff7dc1c9e7b564ba1036486d	b357580c3794dadaa0ffdbf5357a3e728413f95cb6fc7316abc27361041d1d6d	b357580c3794dadaa0ffdbf5357a3e728413f95cb6fc7316abc27361041d1d6d	retain-pristine
src/core/softpc/base/cvidc/fmevid_c.h	base/cvidc/fmevid_c.h	source-or-header	identical-original	not-directly-selected	aa6cbf061e3438ba61789305e72b88ac37ec064f69080e96b90da2be2d83613b	aa6cbf061e3438ba61789305e72b88ac37ec064f69080e96b90da2be2d83613b	7097a672627c60955d815189dfc157866641819ad806c8eed16f1287e4e2e4cb	7097a672627c60955d815189dfc157866641819ad806c8eed16f1287e4e2e4cb	retain-pristine
src/core/softpc/base/cvidc/fpu_c.h	base/cvidc/fpu_c.h	source-or-header	identical-original	not-directly-selected	4a3f2226e9d1ca9fa2e0a806d1d40719e94f97e98b6f22936147240f568ab244	4a3f2226e9d1ca9fa2e0a806d1d40719e94f97e98b6f22936147240f568ab244	ad8ab13b1cd851567538ffe42b8f21d02c3b6791cb8d7892b38196d41d04d47a	ad8ab13b1cd851567538ffe42b8f21d02c3b6791cb8d7892b38196d41d04d47a	retain-pristine
src/core/softpc/base/cvidc/frag_c.h	base/cvidc/frag_c.h	source-or-header	identical-original	not-directly-selected	599cfc4449c0f7737f0ebc9eb95cb8845244a72551e5e653bc7c74ee8b559578	599cfc4449c0f7737f0ebc9eb95cb8845244a72551e5e653bc7c74ee8b559578	e356fb73d128db9ba6e64f4b7a34218c0a04e6d146f8e61752d06e27a1285ee2	e356fb73d128db9ba6e64f4b7a34218c0a04e6d146f8e61752d06e27a1285ee2	retain-pristine
src/core/softpc/base/cvidc/gdebug.h	base/cvidc/gdebug.h	source-or-header	identical-original	not-directly-selected	b58a5ab1aea71e08802816aeeecdd3ffbf105dd02fe9f11d05f395be928e6ca8	b58a5ab1aea71e08802816aeeecdd3ffbf105dd02fe9f11d05f395be928e6ca8	cad5d305eb72af23237ea253603d8fdda68a38b534033a8b4cd81a566f6aa17b	cad5d305eb72af23237ea253603d8fdda68a38b534033a8b4cd81a566f6aa17b	retain-pristine
src/core/softpc/base/cvidc/gdinit_c.h	base/cvidc/gdinit_c.h	source-or-header	identical-original	not-directly-selected	2d3923e7afa152715ebb0503e93f1c5afa89aaf4594213a1af0ed134469465e6	2d3923e7afa152715ebb0503e93f1c5afa89aaf4594213a1af0ed134469465e6	5f44b5f9884a73f68df4ce0314d511e869bc79e55aa0417bca742397a4c4d3ed	5f44b5f9884a73f68df4ce0314d511e869bc79e55aa0417bca742397a4c4d3ed	retain-pristine
src/core/softpc/base/cvidc/gdmain_c.h	base/cvidc/gdmain_c.h	source-or-header	identical-original	not-directly-selected	6d16138cbd11cc2dff28ecc87cc9ae8481724e8b7e5bf9dadadaeb443630d505	6d16138cbd11cc2dff28ecc87cc9ae8481724e8b7e5bf9dadadaeb443630d505	a6023754b3c64d8f93cfae5e482ff3ce79fb18a70757c0b854f74a01ade1f4f5	a6023754b3c64d8f93cfae5e482ff3ce79fb18a70757c0b854f74a01ade1f4f5	retain-pristine
src/core/softpc/base/cvidc/gdpvar.h	base/cvidc/gdpvar.h	source-or-header	identical-original	not-directly-selected	557c5d1d0effd1f8b1a18e0df5415924d63773edbc7ee762a624720229c24042	557c5d1d0effd1f8b1a18e0df5415924d63773edbc7ee762a624720229c24042	ff591b907da8dd4d4a33a92525fefc173ece38b76080f9f0a7d5ccf10be49317	ff591b907da8dd4d4a33a92525fefc173ece38b76080f9f0a7d5ccf10be49317	retain-pristine
src/core/softpc/base/cvidc/gicvid_c.h	base/cvidc/gicvid_c.h	source-or-header	identical-original	not-directly-selected	2dcff6f2ed59c96e2992d6ae1c0bb9e182f4a67f3c743035cfc12a282762f6a9	2dcff6f2ed59c96e2992d6ae1c0bb9e182f4a67f3c743035cfc12a282762f6a9	8d369bb4fb029caf7b93dc252566bdcf0c8444e86be77d67f8602879b6658d13	8d369bb4fb029caf7b93dc252566bdcf0c8444e86be77d67f8602879b6658d13	retain-pristine
src/core/softpc/base/cvidc/gldc_c.h	base/cvidc/gldc_c.h	source-or-header	identical-original	not-directly-selected	0c3b62314b6867b9929f1aec01961d66c86c2aa932af986cacfc662898c27f1f	0c3b62314b6867b9929f1aec01961d66c86c2aa932af986cacfc662898c27f1f	62bc14b0f7ff370957729b9b00c16f5350abeede239e8b695f14fe4e9ef20504	62bc14b0f7ff370957729b9b00c16f5350abeede239e8b695f14fe4e9ef20504	retain-pristine
src/core/softpc/base/cvidc/hpphst_c.h	base/cvidc/hpphst_c.h	source-or-header	identical-original	not-directly-selected	ff55f89a97e6f3b1ec155829f8b8608f56b90e3284fb1be3d30b8e8046125bc7	ff55f89a97e6f3b1ec155829f8b8608f56b90e3284fb1be3d30b8e8046125bc7	478ffbeb43b68293beb79e9e60f25e62ed86b6d1c998d5d105625d0be03876f0	478ffbeb43b68293beb79e9e60f25e62ed86b6d1c998d5d105625d0be03876f0	retain-pristine
src/core/softpc/base/cvidc/idmain_c.h	base/cvidc/idmain_c.h	source-or-header	identical-original	not-directly-selected	1c1be6c62915a5d7ad7b7f3bbfcce45ec6a18959bcbe78246ba19b820a962a71	1c1be6c62915a5d7ad7b7f3bbfcce45ec6a18959bcbe78246ba19b820a962a71	3ca9e17e384d6197cec27e4abdec3a3f727d10c0b91d6115473bdf50227471f1	3ca9e17e384d6197cec27e4abdec3a3f727d10c0b91d6115473bdf50227471f1	retain-pristine
src/core/softpc/base/cvidc/inc_c.h	base/cvidc/inc_c.h	source-or-header	identical-original	not-directly-selected	2c9c5ae87d0738bbcd682c0a5e5b86494e9b3555aac71594e57032eeb8173c84	2c9c5ae87d0738bbcd682c0a5e5b86494e9b3555aac71594e57032eeb8173c84	9733ee6824d2205af4e893be7da9af64f72e6facf630c94f18aa7832f6d307dc	9733ee6824d2205af4e893be7da9af64f72e6facf630c94f18aa7832f6d307dc	retain-pristine
src/core/softpc/base/cvidc/inst_c.h	base/cvidc/inst_c.h	source-or-header	identical-original	not-directly-selected	5769c2a8776dfa91149f5875b9d23163205a08b0abbed5a003f74c17aacef7f7	5769c2a8776dfa91149f5875b9d23163205a08b0abbed5a003f74c17aacef7f7	56c574b62d87f35ead0e391519b7168096a5c29bacf66fe0da604a9e3b870b60	56c574b62d87f35ead0e391519b7168096a5c29bacf66fe0da604a9e3b870b60	retain-pristine
src/core/softpc/base/cvidc/io_c.h	base/cvidc/io_c.h	source-or-header	identical-original	not-directly-selected	cf0ee3beea5bb6dd847aa6aa92f3127b0c6f095bfd66142252c401bebe6b8396	cf0ee3beea5bb6dd847aa6aa92f3127b0c6f095bfd66142252c401bebe6b8396	7451fbd7f58fe20db22d607d96ddb38c7a72eb46b79a3df18ff799152ec60252	7451fbd7f58fe20db22d607d96ddb38c7a72eb46b79a3df18ff799152ec60252	retain-pristine
src/core/softpc/base/cvidc/j_c_lang.c	base/cvidc/j_c_lang.c	source-or-header	direct-original-diff	literal-reference	b209e9ccb0b686c4fcc4bf57ace3f3cde79ce01fda5568168958e4eb32002b2b	a6e112c6cf3250e2b7f5e75551cec34e2b0e9f1c9f268f05ce1a8f41b60e5923	da23bd1770f8b1024a5f8a8cc319cca0e21b0828b9f919847434341b9765d68c	22c2921a6f1502f734ba42e119e63a76a12744b3ead210d36df7174f42ab0ab0	overlay
src/core/softpc/base/cvidc/j_c_lang.h	base/cvidc/j_c_lang.h	source-or-header	direct-original-diff	not-directly-selected	da6c2d65d85fb7a6aa4f0341db1247b85092fe38a08f2a2ecfc81d90ec70ab98	24f207c966e47150f1b1be512ed73a4ff8c331009a212e4ceda76b822944dda1	5a30190d01cda63433083bce213fa8fc13c431c8a3c8ea8f784d51ea2ec3e2a0	bcd4b67cb13ffa8e54e72ffb4ba90800e3e67418f03614a614861647f8306502	overlay
src/core/softpc/base/cvidc/lc_c.h	base/cvidc/lc_c.h	source-or-header	identical-original	not-directly-selected	d64684ce271144aa8e65463d3299ef1ff0f27837a21f720de6508d0f05a5e130	d64684ce271144aa8e65463d3299ef1ff0f27837a21f720de6508d0f05a5e130	5e18c760dafb61e48cd99ca64d9ab1d24351d82e4a0418a71a48ef5ba3f53535	5e18c760dafb61e48cd99ca64d9ab1d24351d82e4a0418a71a48ef5ba3f53535	retain-pristine
src/core/softpc/base/cvidc/light_c.h	base/cvidc/light_c.h	source-or-header	identical-original	not-directly-selected	491fbbaa1acac663f79f7a5a848aa40e86778ccc9006df80f5619f9ab8a9c47d	491fbbaa1acac663f79f7a5a848aa40e86778ccc9006df80f5619f9ab8a9c47d	59b76f3c39f38ec83fd6a0d4a619b147c1fbc07a7e2464b23e68356955840bb6	59b76f3c39f38ec83fd6a0d4a619b147c1fbc07a7e2464b23e68356955840bb6	retain-pristine
src/core/softpc/base/cvidc/logic_c.h	base/cvidc/logic_c.h	source-or-header	identical-original	not-directly-selected	61969c5792b71a99b49aee9e0a5b09db737b543611e0be9923f86f38012b18e1	61969c5792b71a99b49aee9e0a5b09db737b543611e0be9923f86f38012b18e1	be1dfd9c3e87a517b797467f47c970187b92642bdfb5a6caaf0b84efb557cbb0	be1dfd9c3e87a517b797467f47c970187b92642bdfb5a6caaf0b84efb557cbb0	retain-pristine
src/core/softpc/base/cvidc/lxs_c.h	base/cvidc/lxs_c.h	source-or-header	identical-original	not-directly-selected	06312f9ae7a7080525eaea432405b4ebf4d4d6a8a8e049f52c134aaee6423666	06312f9ae7a7080525eaea432405b4ebf4d4d6a8a8e049f52c134aaee6423666	20ead14b80b9baa8b1a9ec43daefaa74ee36200e4e3ad4c3ad06fdac186554fb	20ead14b80b9baa8b1a9ec43daefaa74ee36200e4e3ad4c3ad06fdac186554fb	retain-pristine
src/core/softpc/base/cvidc/makefile	base/cvidc/makefile	source-or-header	identical-original	not-directly-selected	26957856e8a7f42a1740419cf3451497129f1d8284301d42f1a89ee13dd5a459	26957856e8a7f42a1740419cf3451497129f1d8284301d42f1a89ee13dd5a459	c2bb9c1032d59215b0fd01949e38d746a3d41d978f9dc727b3b20ac847ea64c2	c2bb9c1032d59215b0fd01949e38d746a3d41d978f9dc727b3b20ac847ea64c2	retain-pristine
src/core/softpc/base/cvidc/mark_c.h	base/cvidc/mark_c.h	source-or-header	identical-original	not-directly-selected	e06a0659134fd760752119dcf16a6a7ab0d68f9cb9230488abee10573b3c71dd	e06a0659134fd760752119dcf16a6a7ab0d68f9cb9230488abee10573b3c71dd	7c3c37a8e999ee528af96acc12c9fb744a0339c34ad6d0d136cadca11ee4068f	7c3c37a8e999ee528af96acc12c9fb744a0339c34ad6d0d136cadca11ee4068f	retain-pristine
src/core/softpc/base/cvidc/misc_c.h	base/cvidc/misc_c.h	source-or-header	identical-original	not-directly-selected	ef97191d02794b940d4d888debe84815617d48fe994fa442891df3e1fee0617b	ef97191d02794b940d4d888debe84815617d48fe994fa442891df3e1fee0617b	5740ce683037997c84f70d67568f760e8ae9737117423854e6f00d508437d4bd	5740ce683037997c84f70d67568f760e8ae9737117423854e6f00d508437d4bd	retain-pristine
src/core/softpc/base/cvidc/move_c.h	base/cvidc/move_c.h	source-or-header	identical-original	not-directly-selected	731326922805d1259ac2ac4caea119e3e9931f600278b82966b4647d5d08035a	731326922805d1259ac2ac4caea119e3e9931f600278b82966b4647d5d08035a	322ce036e4defc7138ba3ce4d2fbb15ba006b801c4e9273d92016db6bbe39ca0	322ce036e4defc7138ba3ce4d2fbb15ba006b801c4e9273d92016db6bbe39ca0	retain-pristine
src/core/softpc/base/cvidc/muldiv_c.h	base/cvidc/muldiv_c.h	source-or-header	identical-original	not-directly-selected	df2e2f0d1efd938b635b3fa8aba582df81510ac0d9e6720b90d65e3c0bafb2f5	df2e2f0d1efd938b635b3fa8aba582df81510ac0d9e6720b90d65e3c0bafb2f5	0d01fd2172ca645abcd0332a12f212bebe1005044584497b4ff791b0ba9c2115	0d01fd2172ca645abcd0332a12f212bebe1005044584497b4ff791b0ba9c2115	retain-pristine
src/core/softpc/base/cvidc/nano_c.h	base/cvidc/nano_c.h	source-or-header	identical-original	not-directly-selected	6f932e3d8e663ae3703bd8ff07407523d9d2041a0a1e9fc2dc7f1335adb3811f	6f932e3d8e663ae3703bd8ff07407523d9d2041a0a1e9fc2dc7f1335adb3811f	73aec9bf67df602681b3b52a337589456af22fa8dc6749e965f802963f64cb26	73aec9bf67df602681b3b52a337589456af22fa8dc6749e965f802963f64cb26	retain-pristine
src/core/softpc/base/cvidc/nanoa_c.h	base/cvidc/nanoa_c.h	source-or-header	identical-original	not-directly-selected	bb31a4c32db6d2974841a6f9d59f05b3524f00e384a6565903aa7098da3b0acc	bb31a4c32db6d2974841a6f9d59f05b3524f00e384a6565903aa7098da3b0acc	3326896f14b6a79b34ce18261c4a17d0ad9004b2a5d4a3cd25be65f9cd0aee92	3326896f14b6a79b34ce18261c4a17d0ad9004b2a5d4a3cd25be65f9cd0aee92	retain-pristine
src/core/softpc/base/cvidc/nanob_c.h	base/cvidc/nanob_c.h	source-or-header	identical-original	not-directly-selected	dad9cf8f222669c79b0dae480ef5d740dc9428ac48fd58fcc3dee0fbf9978d52	dad9cf8f222669c79b0dae480ef5d740dc9428ac48fd58fcc3dee0fbf9978d52	3fc3c5d241f0a7a7e0334695bed1ce24dc275b436d6936750bc0119ffb5b56e9	3fc3c5d241f0a7a7e0334695bed1ce24dc275b436d6936750bc0119ffb5b56e9	retain-pristine
src/core/softpc/base/cvidc/nanoc_c.h	base/cvidc/nanoc_c.h	source-or-header	identical-original	not-directly-selected	7e92ec8459da354d4144a4a2334de6028f60817104fc6f7763b56b23597798b1	7e92ec8459da354d4144a4a2334de6028f60817104fc6f7763b56b23597798b1	f9e6ef60c73fce64282f47278e5a0141610089e1ba98e48e7464d4b7a54a42ed	f9e6ef60c73fce64282f47278e5a0141610089e1ba98e48e7464d4b7a54a42ed	retain-pristine
src/core/softpc/base/cvidc/nanod_c.h	base/cvidc/nanod_c.h	source-or-header	identical-original	not-directly-selected	1eb0d068d2d4aee74081415afc5393d77228ecbdaacccce2d5b8f819bd8bc24b	1eb0d068d2d4aee74081415afc5393d77228ecbdaacccce2d5b8f819bd8bc24b	60d912a8b6114b107c85e8bf5d7f3fecab8dbe4959d59ed679c6aca9b988b99e	60d912a8b6114b107c85e8bf5d7f3fecab8dbe4959d59ed679c6aca9b988b99e	retain-pristine
src/core/softpc/base/cvidc/nanoe_c.h	base/cvidc/nanoe_c.h	source-or-header	identical-original	not-directly-selected	57e8831780cde35f843857cd6ee4fb0398d6973f56a7600f202fb159b7b2155e	57e8831780cde35f843857cd6ee4fb0398d6973f56a7600f202fb159b7b2155e	0f3f6d1cab8bb98a6e6036fb7fe29021115f14ca1d9c9b0873693fa7a6d0bd1b	0f3f6d1cab8bb98a6e6036fb7fe29021115f14ca1d9c9b0873693fa7a6d0bd1b	retain-pristine
src/core/softpc/base/cvidc/page_c.h	base/cvidc/page_c.h	source-or-header	identical-original	not-directly-selected	8a90aa33098f8f67fe278427d7869ef4a43fc8843e3f538abfac7c5e91cac7d0	8a90aa33098f8f67fe278427d7869ef4a43fc8843e3f538abfac7c5e91cac7d0	7a1af4ff2577ce1dd8e21b967febdb92be54b31544e930e93e89f0dcc7d055e9	7a1af4ff2577ce1dd8e21b967febdb92be54b31544e930e93e89f0dcc7d055e9	retain-pristine
src/core/softpc/base/cvidc/parser.h	base/cvidc/parser.h	source-or-header	identical-original	not-directly-selected	7b91c7b142b73780530c65c92fc570b12122caaf1506a3c0ee2205c089b2a11c	7b91c7b142b73780530c65c92fc570b12122caaf1506a3c0ee2205c089b2a11c	acdbb9e363f976d49d1ade02b19e7cc1c5845f3907cab19dd348aebe71fc3f79	acdbb9e363f976d49d1ade02b19e7cc1c5845f3907cab19dd348aebe71fc3f79	retain-pristine
src/core/softpc/base/cvidc/pigger_c.h	base/cvidc/pigger_c.h	source-or-header	identical-original	not-directly-selected	61c86d668bddaf998101a0da469115325ad822f751d4b964dcaad35ea4e7de9f	61c86d668bddaf998101a0da469115325ad822f751d4b964dcaad35ea4e7de9f	c45f6c7e03049d8108a432277e8ceb08fec600f0e9046f39e045a132eafde31c	c45f6c7e03049d8108a432277e8ceb08fec600f0e9046f39e045a132eafde31c	retain-pristine
src/core/softpc/base/cvidc/pm_c.h	base/cvidc/pm_c.h	source-or-header	identical-original	not-directly-selected	b6ba5208f758247bd755e351e8fa140ad731abf7b7e5bcd41566a7a8c5bb72e8	b6ba5208f758247bd755e351e8fa140ad731abf7b7e5bcd41566a7a8c5bb72e8	6f258739f96b630fae03865f512c633ec4011490a8549e4c55d4a28a397c78a3	6f258739f96b630fae03865f512c633ec4011490a8549e4c55d4a28a397c78a3	retain-pristine
src/core/softpc/base/cvidc/ports_c.h	base/cvidc/ports_c.h	source-or-header	identical-original	not-directly-selected	3b1a90cf411e5dfcbcda8e18a6d4ad448b6707f02bedc390d2fe057716df8332	3b1a90cf411e5dfcbcda8e18a6d4ad448b6707f02bedc390d2fe057716df8332	a46549ed6354938dec7453d3e04d10086b85df2c46c0a78e5f458e72355c80f9	a46549ed6354938dec7453d3e04d10086b85df2c46c0a78e5f458e72355c80f9	retain-pristine
src/core/softpc/base/cvidc/ppchst_c.h	base/cvidc/ppchst_c.h	source-or-header	identical-original	not-directly-selected	6b438b02a5ce3ee09f3195f65f776921b5eccc55e66d6ade6ca9b1c2ed584cd3	6b438b02a5ce3ee09f3195f65f776921b5eccc55e66d6ade6ca9b1c2ed584cd3	6e55bc1e62cc49bd7ec7acc46bfc1fe8c46be3bc5eb73290dbffe4f58d02dd0d	6e55bc1e62cc49bd7ec7acc46bfc1fe8c46be3bc5eb73290dbffe4f58d02dd0d	retain-pristine
src/core/softpc/base/cvidc/prof_c.h	base/cvidc/prof_c.h	source-or-header	identical-original	not-directly-selected	d890526d7af3f3bdee03547e9a77d60164cb6a421a96580c552ff299b8c5aed2	d890526d7af3f3bdee03547e9a77d60164cb6a421a96580c552ff299b8c5aed2	67698327cdbaa6c38b03815e63943e6bad546ad4ff3c091b42fd3d7b1745841c	67698327cdbaa6c38b03815e63943e6bad546ad4ff3c091b42fd3d7b1745841c	retain-pristine
src/core/softpc/base/cvidc/prot_c.h	base/cvidc/prot_c.h	source-or-header	identical-original	not-directly-selected	732094541e77808ea4b94a7695d3e7b11f83d30fe174fe654ba439f76ded7c40	732094541e77808ea4b94a7695d3e7b11f83d30fe174fe654ba439f76ded7c40	5a5a91e8bf55d46bcb1b1b541c115cf3e9a9ed3fe346405ec2957f2945319109	5a5a91e8bf55d46bcb1b1b541c115cf3e9a9ed3fe346405ec2957f2945319109	retain-pristine
src/core/softpc/base/cvidc/pti_c.h	base/cvidc/pti_c.h	source-or-header	identical-original	not-directly-selected	f9a501635caf055b045c15bf9a7f8f6764a50299db59495ab5c4e692d31835b3	f9a501635caf055b045c15bf9a7f8f6764a50299db59495ab5c4e692d31835b3	f48fadca20b5955a8c2015c17392821a74cc6c46f5d9a0b1799e4c43e2753eb5	f48fadca20b5955a8c2015c17392821a74cc6c46f5d9a0b1799e4c43e2753eb5	retain-pristine
src/core/softpc/base/cvidc/pxcptn_c.h	base/cvidc/pxcptn_c.h	source-or-header	identical-original	not-directly-selected	4ba08855422f5a69c5347d363363156da77ce8d77497bcd8f302d916a2745f6a	4ba08855422f5a69c5347d363363156da77ce8d77497bcd8f302d916a2745f6a	4fba33fd9afa5dffc4314f4e54d6bbb30dc4d1fa87a37e2aae75e4efa28e0a71	4fba33fd9afa5dffc4314f4e54d6bbb30dc4d1fa87a37e2aae75e4efa28e0a71	retain-pristine
src/core/softpc/base/cvidc/rdwr_c.h	base/cvidc/rdwr_c.h	source-or-header	identical-original	not-directly-selected	78f25d584c2a5a2b7af065d122291159590b40c10b70d22f1bf48e3f22d35be6	78f25d584c2a5a2b7af065d122291159590b40c10b70d22f1bf48e3f22d35be6	0f3d8bac92df93a14b76176c68edb92dc370b1c535b59559ba95daa2db77d7e1	0f3d8bac92df93a14b76176c68edb92dc370b1c535b59559ba95daa2db77d7e1	retain-pristine
src/core/softpc/base/cvidc/read_c.h	base/cvidc/read_c.h	source-or-header	identical-original	not-directly-selected	4aaa6945ad478284f3efdf71b5f4f38cbd1e0b4b79b3a5b588e01e3b353abe57	4aaa6945ad478284f3efdf71b5f4f38cbd1e0b4b79b3a5b588e01e3b353abe57	81265daa8beca7f7fce22293de8b752bde7e54bd8e6adafc6f8ee72d79de1428	81265daa8beca7f7fce22293de8b752bde7e54bd8e6adafc6f8ee72d79de1428	retain-pristine
src/core/softpc/base/cvidc/rotate_c.h	base/cvidc/rotate_c.h	source-or-header	identical-original	not-directly-selected	a31c2ffc77400dcb50d4211ab80ebb7c99f972ed41bdb48fe2e8e293c079a0d4	a31c2ffc77400dcb50d4211ab80ebb7c99f972ed41bdb48fe2e8e293c079a0d4	88b2567d8e50176186c7c39d15b09cdf288b26250c9408942fdc6fc410cc8fab	88b2567d8e50176186c7c39d15b09cdf288b26250c9408942fdc6fc410cc8fab	retain-pristine
src/core/softpc/base/cvidc/sas_c.h	base/cvidc/sas_c.h	source-or-header	identical-original	not-directly-selected	0f9683a8b850161a763859d1ad3783d7e7b18d9f14a1c7b37402e85575976e10	0f9683a8b850161a763859d1ad3783d7e7b18d9f14a1c7b37402e85575976e10	3d2e417dbcb6f02734814562a5a4a08fd384fcb4d619c4501934901d7b331e23	3d2e417dbcb6f02734814562a5a4a08fd384fcb4d619c4501934901d7b331e23	retain-pristine
src/core/softpc/base/cvidc/sas4gen.h	base/cvidc/sas4gen.h	source-or-header	identical-original	not-directly-selected	ecda9cc4909ec3b945f90441a1ec441adaf807dcf6f419523c80c334e87067a0	ecda9cc4909ec3b945f90441a1ec441adaf807dcf6f419523c80c334e87067a0	ed612b8a1b4a4ec48d813ae2b174b89ae82306e65deb93e4e199bf71339e9c40	ed612b8a1b4a4ec48d813ae2b174b89ae82306e65deb93e4e199bf71339e9c40	retain-pristine
src/core/softpc/base/cvidc/sascdef.c	base/cvidc/sascdef.c	source-or-header	direct-original-diff	literal-reference	ccc1d916e3d933953579b7a3161b94416f203e69bdd2fa716acce7862aa85542	84ee9572f45ad66ad2a23a9dca01407e6e0d4fc25fdd2474a1bde8a53cbe8474	17dbb08828caf8641c7bc25e40074bc46b81db76bbdf585c983a855ae277d068	cfb7b82ff9d1c16e81cdc50b983aa55d7b7c92445be550f8e0fb4766672f4794	overlay
src/core/softpc/base/cvidc/segreg_c.h	base/cvidc/segreg_c.h	source-or-header	identical-original	not-directly-selected	7535415ef1cb3ba8ec8ff2cc279982fec90ebfd2e42b65fe1ce278a1290da368	7535415ef1cb3ba8ec8ff2cc279982fec90ebfd2e42b65fe1ce278a1290da368	e28b197d1af8eab590655344f4cb53a8f0e6148197158c38c6afb31fb25519b3	e28b197d1af8eab590655344f4cb53a8f0e6148197158c38c6afb31fb25519b3	retain-pristine
src/core/softpc/base/cvidc/sevid000.c	base/cvidc/sevid000.c	source-or-header	identical-original	cvid-glob	251bdd0925969a79d3ff98f5e19a249e99849d0db0c3c908ae5005040e8e7758	251bdd0925969a79d3ff98f5e19a249e99849d0db0c3c908ae5005040e8e7758	fc5ce70d76ff1f244cde83b8d3f5d973f3993f1d893e3d8dda40fd686cf6893d	fc5ce70d76ff1f244cde83b8d3f5d973f3993f1d893e3d8dda40fd686cf6893d	retain-pristine
src/core/softpc/base/cvidc/sevid001.c	base/cvidc/sevid001.c	source-or-header	identical-original	cvid-glob	963affcefa6e16b2754365787ada8c2a7944b8890d96807d1a98df44ccae2c84	963affcefa6e16b2754365787ada8c2a7944b8890d96807d1a98df44ccae2c84	cd7c1fc8c400f73ff97056e939ea41528329a92d128a713549db0da72d2d965b	cd7c1fc8c400f73ff97056e939ea41528329a92d128a713549db0da72d2d965b	retain-pristine
src/core/softpc/base/cvidc/sevid002.c	base/cvidc/sevid002.c	source-or-header	identical-original	cvid-glob	12b47548aec0a692c2371d7fb90f9625a840e6f4109ad1fcc1e4a14b3bd9ee53	12b47548aec0a692c2371d7fb90f9625a840e6f4109ad1fcc1e4a14b3bd9ee53	6a11cfe8ec2fd0b06a0bec467678c22cdaee9cc2dbb5dee803f61905838b984d	6a11cfe8ec2fd0b06a0bec467678c22cdaee9cc2dbb5dee803f61905838b984d	retain-pristine
src/core/softpc/base/cvidc/sevid003.c	base/cvidc/sevid003.c	source-or-header	identical-original	cvid-glob	a975eb71ef1b8ee0d3ff544de2cd9c0091e2188305c0d3c8882b03670688a65a	a975eb71ef1b8ee0d3ff544de2cd9c0091e2188305c0d3c8882b03670688a65a	03324d8ca48d4c3b3c9c9eff1aa08851349ccaf5cdc2aaad632b750562b9ab79	03324d8ca48d4c3b3c9c9eff1aa08851349ccaf5cdc2aaad632b750562b9ab79	retain-pristine
src/core/softpc/base/cvidc/sevid004.c	base/cvidc/sevid004.c	source-or-header	identical-original	cvid-glob	92f4f394a1325293279cdaf520dc493b25be739a5c91c35078735fabdea9fbfa	92f4f394a1325293279cdaf520dc493b25be739a5c91c35078735fabdea9fbfa	15e8032d1982758cc8a3e1ea94604c4686876f0f59dfb79631a3e2fabe3ee567	15e8032d1982758cc8a3e1ea94604c4686876f0f59dfb79631a3e2fabe3ee567	retain-pristine
src/core/softpc/base/cvidc/sevid005.c	base/cvidc/sevid005.c	source-or-header	identical-original	cvid-glob	b6edd25cf46622ba0ab6c68504bb760034dc8b35250e011e882e69d1e1c24f73	b6edd25cf46622ba0ab6c68504bb760034dc8b35250e011e882e69d1e1c24f73	56f2cc8a9762275a69e365979dca9cdd027ff4a5729d9dcf93f72eba002247a5	56f2cc8a9762275a69e365979dca9cdd027ff4a5729d9dcf93f72eba002247a5	retain-pristine
src/core/softpc/base/cvidc/sevid006.c	base/cvidc/sevid006.c	source-or-header	identical-original	cvid-glob	7391b56d3ea5a52fa7b6845a773ed3a45e47822a874cc93a6ed0b2c9abc80688	7391b56d3ea5a52fa7b6845a773ed3a45e47822a874cc93a6ed0b2c9abc80688	a2bc3a230f5ea80661fc6c61b62db582e3aa8f8d7a3de3ece148164c34cebe2a	a2bc3a230f5ea80661fc6c61b62db582e3aa8f8d7a3de3ece148164c34cebe2a	retain-pristine
src/core/softpc/base/cvidc/sevid007.c	base/cvidc/sevid007.c	source-or-header	identical-original	cvid-glob	820322a3f21f6a7a59591b1f49d1b867994584ebb0ef8d30fcc2fbc8635bbcec	820322a3f21f6a7a59591b1f49d1b867994584ebb0ef8d30fcc2fbc8635bbcec	d81ad341b671640c4fd4a4d2af4fe8f012d2d53e4611ac597e002c7eea654fe0	d81ad341b671640c4fd4a4d2af4fe8f012d2d53e4611ac597e002c7eea654fe0	retain-pristine
src/core/softpc/base/cvidc/sevid008.c	base/cvidc/sevid008.c	source-or-header	identical-original	cvid-glob	d397c21f6d57ae0975c9a7598dc6fb23e4fb9b7bfabd55bd9af9e194d6d192c7	d397c21f6d57ae0975c9a7598dc6fb23e4fb9b7bfabd55bd9af9e194d6d192c7	6d95cb884480d196589e5c129c9fa7c1cc11914f971c387aba81ce96eb8330ce	6d95cb884480d196589e5c129c9fa7c1cc11914f971c387aba81ce96eb8330ce	retain-pristine
src/core/softpc/base/cvidc/sevid009.c	base/cvidc/sevid009.c	source-or-header	identical-original	cvid-glob	40b6e072787a1835f01f3c370cd6a3c77e3b425cdfe357acad2ea6e882c0e75d	40b6e072787a1835f01f3c370cd6a3c77e3b425cdfe357acad2ea6e882c0e75d	04956ca08c03ba25c088c66a3015459b68e8aed4b4e50c89e0735e1bb7cdc935	04956ca08c03ba25c088c66a3015459b68e8aed4b4e50c89e0735e1bb7cdc935	retain-pristine
src/core/softpc/base/cvidc/sevid010.c	base/cvidc/sevid010.c	source-or-header	identical-original	cvid-glob	9e358896b05a47cf71c71404ff826b632d6418fafdac9d44f352a73c7e1a2134	9e358896b05a47cf71c71404ff826b632d6418fafdac9d44f352a73c7e1a2134	f8c4378079d1140f2fcace07739386730e8802ed717e3424eabddfe0d79990da	f8c4378079d1140f2fcace07739386730e8802ed717e3424eabddfe0d79990da	retain-pristine
src/core/softpc/base/cvidc/sevid011.c	base/cvidc/sevid011.c	source-or-header	identical-original	cvid-glob	4b7a1d3ee1245aaa7eb05576931844cabd4c5f65a0813f0660e9c153a012068d	4b7a1d3ee1245aaa7eb05576931844cabd4c5f65a0813f0660e9c153a012068d	885ac150c92e3fc6d940b4d9b894c67ada59e5973831b01d68a48e36a6d675b0	885ac150c92e3fc6d940b4d9b894c67ada59e5973831b01d68a48e36a6d675b0	retain-pristine
src/core/softpc/base/cvidc/sevid012.c	base/cvidc/sevid012.c	source-or-header	identical-original	cvid-glob	e7716013ee563a964cd62a46c37d85fe773504a485735b69161b85d4f47a4907	e7716013ee563a964cd62a46c37d85fe773504a485735b69161b85d4f47a4907	38c84c2d9bd0ed6a8b21ff9dc5025302e9ddb76c866039b27479813ed27bb129	38c84c2d9bd0ed6a8b21ff9dc5025302e9ddb76c866039b27479813ed27bb129	retain-pristine
src/core/softpc/base/cvidc/sevid013.c	base/cvidc/sevid013.c	source-or-header	identical-original	cvid-glob	6bb1612cb8904bf35907fa25298f51ba05ec367e5a3960697d66dba6caeb56ad	6bb1612cb8904bf35907fa25298f51ba05ec367e5a3960697d66dba6caeb56ad	5b344713a40af09e80e61081694a50035a3fb35f9689abdc22c2587ca7260dcd	5b344713a40af09e80e61081694a50035a3fb35f9689abdc22c2587ca7260dcd	retain-pristine
src/core/softpc/base/cvidc/sevid014.c	base/cvidc/sevid014.c	source-or-header	identical-original	cvid-glob	0eff2012fcfea4439aaf58ebf1bb3b65814529ffe398bd0a28df59277f74a373	0eff2012fcfea4439aaf58ebf1bb3b65814529ffe398bd0a28df59277f74a373	e5bcd12b8b477ef0e27742a4b5b10cc583cd3b11300346054e3577ff34ceb9f5	e5bcd12b8b477ef0e27742a4b5b10cc583cd3b11300346054e3577ff34ceb9f5	retain-pristine
src/core/softpc/base/cvidc/sevid015.c	base/cvidc/sevid015.c	source-or-header	identical-original	cvid-glob	30fb185728d9f4334140a73e4117fc448853b3587070f6ec23f8cd4c172020b0	30fb185728d9f4334140a73e4117fc448853b3587070f6ec23f8cd4c172020b0	31cda8e903dd9b904439aed0803283cdaa1614845d75868ecf06e136b292a9ea	31cda8e903dd9b904439aed0803283cdaa1614845d75868ecf06e136b292a9ea	retain-pristine
src/core/softpc/base/cvidc/sevid016.c	base/cvidc/sevid016.c	source-or-header	identical-original	cvid-glob	e13a03dc8accb3746873c1482d19a168eaeb48641e5a509c0c20bba8ed5e9b3f	e13a03dc8accb3746873c1482d19a168eaeb48641e5a509c0c20bba8ed5e9b3f	2c57959b9b1d3a61de121ba9e35ef54f143c1fbb32f00eb3328296e41dbf207a	2c57959b9b1d3a61de121ba9e35ef54f143c1fbb32f00eb3328296e41dbf207a	retain-pristine
src/core/softpc/base/cvidc/sevid017.c	base/cvidc/sevid017.c	source-or-header	identical-original	cvid-glob	110e8fd11ce828d7a3dfc7c51adcefb07faca83219a6a3d742d7f63bdc810706	110e8fd11ce828d7a3dfc7c51adcefb07faca83219a6a3d742d7f63bdc810706	f26d51250764861d5cf672d741586fca308130740d5d19e71314b85b2b21e6e3	f26d51250764861d5cf672d741586fca308130740d5d19e71314b85b2b21e6e3	retain-pristine
src/core/softpc/base/cvidc/sevid018.c	base/cvidc/sevid018.c	source-or-header	identical-original	cvid-glob	df9f565cbac31789e833c9fb6a26c5b8a9ee12ce3cb2f366f61037deca6415da	df9f565cbac31789e833c9fb6a26c5b8a9ee12ce3cb2f366f61037deca6415da	99bd55011304a1a08c6d5084ec08099b7a4633f1d6a193a8924837980a3e2dfe	99bd55011304a1a08c6d5084ec08099b7a4633f1d6a193a8924837980a3e2dfe	retain-pristine
src/core/softpc/base/cvidc/sevid019.c	base/cvidc/sevid019.c	source-or-header	direct-original-diff	cvid-glob	a99e5d02d1eb5fc97d775fb7de8f29a9520c42fd0054dda36997df76010e3926	4c3a5cd67165db676418868a2895d266ef61bfa9fed7e4389d0fbbf6b10b1c9c	c26c9f9639b79e17a7072c18f57b346cffe955f1abdfba8fdef942a02ff97bbf	9677de479496fb220baac053af84d1ed3a7343b56210c4d73596490e5c5498eb	overlay
src/core/softpc/base/cvidc/sevid020.c	base/cvidc/sevid020.c	source-or-header	direct-original-diff	cvid-glob	66b9102189e67f2acf3cb5a3f499be23e3d37ddd815551214c035e9840d114c5	6b57139c8273fa06bffd397cd4787ba0f4aab55bd63ef220aeb62b32238148fa	f422d947221899d7b988f555e7f90952a2b346c57cda6cfc64ae9361cbb1becb	a27d77a8adfd5d0ab3cbfae0b2811b45f8ac1fb07e872d156a7dec4bcdf5aa4b	overlay
src/core/softpc/base/cvidc/sevid021.c	base/cvidc/sevid021.c	source-or-header	identical-original	cvid-glob	b5664ea8ab2f2834c6f2db3d3abbc2924942cb6073319cf5fb977130d7a9fa71	b5664ea8ab2f2834c6f2db3d3abbc2924942cb6073319cf5fb977130d7a9fa71	7da985587a6b07990854c1303795ea860a54339afa2eababbda0c59e2349d7aa	7da985587a6b07990854c1303795ea860a54339afa2eababbda0c59e2349d7aa	retain-pristine
src/core/softpc/base/cvidc/sevid022.c	base/cvidc/sevid022.c	source-or-header	identical-original	cvid-glob	77a85b38f42c0ecc7c7387b5b3226b782dc2ee3e103c0738f7aa5013146aefe7	77a85b38f42c0ecc7c7387b5b3226b782dc2ee3e103c0738f7aa5013146aefe7	a637a3f9e1bc98b67953e09acfd3766ff90989f6cd45f510576f574a5007369d	a637a3f9e1bc98b67953e09acfd3766ff90989f6cd45f510576f574a5007369d	retain-pristine
src/core/softpc/base/cvidc/sevid023.c	base/cvidc/sevid023.c	source-or-header	identical-original	cvid-glob	1837409d26c2cc54acbb134fa4745f591561c14a4213c9a8ae96d1c41d5d2b28	1837409d26c2cc54acbb134fa4745f591561c14a4213c9a8ae96d1c41d5d2b28	efd2b76d61a8d8c1513dd3f591adfe6e0c9b78b2c0f719810f4e136b3cd0357c	efd2b76d61a8d8c1513dd3f591adfe6e0c9b78b2c0f719810f4e136b3cd0357c	retain-pristine
src/core/softpc/base/cvidc/sevid024.c	base/cvidc/sevid024.c	source-or-header	identical-original	cvid-glob	4ad77d2524c8c611c05ed4236dbac059d3ca7dfa99e54626328b9f4a122c6e0d	4ad77d2524c8c611c05ed4236dbac059d3ca7dfa99e54626328b9f4a122c6e0d	3d910a679ce586e6ededefb9cadd935f89ca4d97300b0825db41466ecb995ec5	3d910a679ce586e6ededefb9cadd935f89ca4d97300b0825db41466ecb995ec5	retain-pristine
src/core/softpc/base/cvidc/sevid025.c	base/cvidc/sevid025.c	source-or-header	identical-original	cvid-glob	d4ad0c77d8bf42f2d7f6fec7d41d935a55cabbeeff8b2acc0b96403ab9b42d20	d4ad0c77d8bf42f2d7f6fec7d41d935a55cabbeeff8b2acc0b96403ab9b42d20	1f4c179cac183dca44c7bb18f92d3cc3d92fd34155d38910137d273a3528a578	1f4c179cac183dca44c7bb18f92d3cc3d92fd34155d38910137d273a3528a578	retain-pristine
src/core/softpc/base/cvidc/sevid026.c	base/cvidc/sevid026.c	source-or-header	identical-original	cvid-glob	87888ea0f560c394bd4bda0e3cdaec3ca230c7312e996137e1f7876fa3296510	87888ea0f560c394bd4bda0e3cdaec3ca230c7312e996137e1f7876fa3296510	f83b0a5b8823851591eaba929acaa19a8ac1c205d7c53a7a3dc940007658a57e	f83b0a5b8823851591eaba929acaa19a8ac1c205d7c53a7a3dc940007658a57e	retain-pristine
src/core/softpc/base/cvidc/sevid027.c	base/cvidc/sevid027.c	source-or-header	identical-original	cvid-glob	d2a0c33b5bb891f16a7f77b1da7f29f315cc22bd87f914fa94940ca11c42d321	d2a0c33b5bb891f16a7f77b1da7f29f315cc22bd87f914fa94940ca11c42d321	1e85e683435a0394516b5653e15bc80a2fb02db2b6ce203a9efec5bbef64c56e	1e85e683435a0394516b5653e15bc80a2fb02db2b6ce203a9efec5bbef64c56e	retain-pristine
src/core/softpc/base/cvidc/sevid028.c	base/cvidc/sevid028.c	source-or-header	identical-original	cvid-glob	01efe06a1524295b616ab46a6a5ee85cbd54b51de4a400078bc0f52fd132fca4	01efe06a1524295b616ab46a6a5ee85cbd54b51de4a400078bc0f52fd132fca4	df102a3139ebf7a90bbd7f17611c22c7ddb709fa2b94d3f3293ed28fd2184e5b	df102a3139ebf7a90bbd7f17611c22c7ddb709fa2b94d3f3293ed28fd2184e5b	retain-pristine
src/core/softpc/base/cvidc/sevid029.c	base/cvidc/sevid029.c	source-or-header	identical-original	cvid-glob	e619c8e03538b26537ac4852eac52ca4116c320416a08bac6d10bb5030601524	e619c8e03538b26537ac4852eac52ca4116c320416a08bac6d10bb5030601524	d35229a8e37fe447987cbbf8309603e28a7ce309f4eeb7d90ea3b021f089d970	d35229a8e37fe447987cbbf8309603e28a7ce309f4eeb7d90ea3b021f089d970	retain-pristine
src/core/softpc/base/cvidc/sevid030.c	base/cvidc/sevid030.c	source-or-header	identical-original	cvid-glob	2633dc348e48b4a46c39cf4f5107293e8e123a5154513de8a148eed0312f8ad6	2633dc348e48b4a46c39cf4f5107293e8e123a5154513de8a148eed0312f8ad6	807f8c316173eafa797614638789fdbab781480baf0d5f40d6969ab7da8cf02f	807f8c316173eafa797614638789fdbab781480baf0d5f40d6969ab7da8cf02f	retain-pristine
src/core/softpc/base/cvidc/sf_c.h	base/cvidc/sf_c.h	source-or-header	identical-original	not-directly-selected	acaced67533f691ceac18c04e6af7f3e73dd4c43dbc939494fd5d16d0c31413f	acaced67533f691ceac18c04e6af7f3e73dd4c43dbc939494fd5d16d0c31413f	0487dd67360cc68db17ae6f5e4e28bf2dd866537d3cd2258067e041f9ad3f615	0487dd67360cc68db17ae6f5e4e28bf2dd866537d3cd2258067e041f9ad3f615	retain-pristine
src/core/softpc/base/cvidc/shift_c.h	base/cvidc/shift_c.h	source-or-header	identical-original	not-directly-selected	d7e3aff851e4ac66138f40f41504c1e15b043fbf8a1164a6b7461db9f40ca086	d7e3aff851e4ac66138f40f41504c1e15b043fbf8a1164a6b7461db9f40ca086	559cda4f37c33845c71b8ad8fd442e51cf4ecc6c5f7d0ed7cae3be31c47a0d02	559cda4f37c33845c71b8ad8fd442e51cf4ecc6c5f7d0ed7cae3be31c47a0d02	retain-pristine
src/core/softpc/base/cvidc/simple_c.h	base/cvidc/simple_c.h	source-or-header	identical-original	not-directly-selected	569a34be63d1922a0fec5965ceca4d86940aea547b77391c795b087fe22802fc	569a34be63d1922a0fec5965ceca4d86940aea547b77391c795b087fe22802fc	7b05b93ae9a96d4f71ed780e71046afd9a4c12367caf34e63e2a3e7721a4ad6a	7b05b93ae9a96d4f71ed780e71046afd9a4c12367caf34e63e2a3e7721a4ad6a	retain-pristine
src/core/softpc/base/cvidc/sinit011.c	base/cvidc/sinit011.c	source-or-header	identical-original	cvid-glob	0c2f460f7930d5c64b96e8db2cf71f62587cf1436d4bbe8b5aa098d532e69b3c	0c2f460f7930d5c64b96e8db2cf71f62587cf1436d4bbe8b5aa098d532e69b3c	4773aa268e1889a44b7eaf9c3023d5f2a237f64d3726e386ec873eb676b524d8	4773aa268e1889a44b7eaf9c3023d5f2a237f64d3726e386ec873eb676b524d8	retain-pristine
src/core/softpc/base/cvidc/sinit012.c	base/cvidc/sinit012.c	source-or-header	identical-original	cvid-glob	e179ed0d6de8662c5d48d9e5b235dba11c4cdfaeba816bdf31fee3636fa0255c	e179ed0d6de8662c5d48d9e5b235dba11c4cdfaeba816bdf31fee3636fa0255c	8e4c46e223467399de1aa7cc1eca649fd3e706f1727bd5fd94e491e43841e943	8e4c46e223467399de1aa7cc1eca649fd3e706f1727bd5fd94e491e43841e943	retain-pristine
src/core/softpc/base/cvidc/sinit013.c	base/cvidc/sinit013.c	source-or-header	identical-original	cvid-glob	9ba333037caf483ac33aed794c6ef5ef0df9c77efdd7328677f3a921aaf49926	9ba333037caf483ac33aed794c6ef5ef0df9c77efdd7328677f3a921aaf49926	0f072e118a4a2f4aa10ccf32e4f97a6f85d5cecb4b35708dcb5b7ceb4c31401a	0f072e118a4a2f4aa10ccf32e4f97a6f85d5cecb4b35708dcb5b7ceb4c31401a	retain-pristine
src/core/softpc/base/cvidc/sources	base/cvidc/sources	source-or-header	identical-original	not-directly-selected	b8eec6c3ef6a25d99d47c7987cb1ff5c07caa255cc95a4fc111462e8598495cc	b8eec6c3ef6a25d99d47c7987cb1ff5c07caa255cc95a4fc111462e8598495cc	dfc04bd8b676787e5c56dc40a79b75e9788631090b6b92909a90ac49b90fe3f1	dfc04bd8b676787e5c56dc40a79b75e9788631090b6b92909a90ac49b90fe3f1	retain-pristine
src/core/softpc/base/cvidc/stack_c.h	base/cvidc/stack_c.h	source-or-header	identical-original	not-directly-selected	9420545b764138c9582639753064d2b65723539e8258b62023e56395166736f4	9420545b764138c9582639753064d2b65723539e8258b62023e56395166736f4	1c55c0b4b46f7858aae711174152d2dd41b413a5bd029f010c777ed8cfb827b2	1c55c0b4b46f7858aae711174152d2dd41b413a5bd029f010c777ed8cfb827b2	retain-pristine
src/core/softpc/base/cvidc/string_c.h	base/cvidc/string_c.h	source-or-header	identical-original	not-directly-selected	5708bd3d42e2aa3f21085e4e8e477184f7b069757dd690598a2b259cf117cf4e	5708bd3d42e2aa3f21085e4e8e477184f7b069757dd690598a2b259cf117cf4e	93c853903179d14e454ac60458cc4174f543acaed5ba09145bf74efba182b2cb	93c853903179d14e454ac60458cc4174f543acaed5ba09145bf74efba182b2cb	retain-pristine
src/core/softpc/base/cvidc/strint_c.h	base/cvidc/strint_c.h	source-or-header	identical-original	not-directly-selected	554636db8bef72089516e17b9e4d4259c25095dd10f021adaab62690d6a6aa88	554636db8bef72089516e17b9e4d4259c25095dd10f021adaab62690d6a6aa88	3b5c44a50b4edff904aa450eccc9f0f71a7b08f64640570a0c843b49885fff8e	3b5c44a50b4edff904aa450eccc9f0f71a7b08f64640570a0c843b49885fff8e	retain-pristine
src/core/softpc/base/cvidc/strsub_c.h	base/cvidc/strsub_c.h	source-or-header	identical-original	not-directly-selected	e5db3a9dc7997f4ac92a49845c34d3f5f1f9444d51e204daf3aa59a98131e88b	e5db3a9dc7997f4ac92a49845c34d3f5f1f9444d51e204daf3aa59a98131e88b	2cea6f90a2d3a02665ead7ff58cb419111a1aa3776554a6c6d438286aa60f713	2cea6f90a2d3a02665ead7ff58cb419111a1aa3776554a6c6d438286aa60f713	retain-pristine
src/core/softpc/base/cvidc/stub_c.h	base/cvidc/stub_c.h	source-or-header	identical-original	not-directly-selected	f2fb630c8fb554e0aa7e42c231f971bad8d5d813b02fb346b722341763ce5421	f2fb630c8fb554e0aa7e42c231f971bad8d5d813b02fb346b722341763ce5421	5a1d24f80901bcbbdd32dbf8e9ec6e738c618ed41204dbc1cf9344592a707f30	5a1d24f80901bcbbdd32dbf8e9ec6e738c618ed41204dbc1cf9344592a707f30	retain-pristine
src/core/softpc/base/cvidc/sub_c.h	base/cvidc/sub_c.h	source-or-header	identical-original	not-directly-selected	0a7c443052ff007a112c6eeb894ef7bb8b36c8eeca268bde207f9236fd2ea1a6	0a7c443052ff007a112c6eeb894ef7bb8b36c8eeca268bde207f9236fd2ea1a6	91e99697a5d0619301e77e0ab5042effa0ac523efca6a869c29cee79a4fb4fc5	91e99697a5d0619301e77e0ab5042effa0ac523efca6a869c29cee79a4fb4fc5	retain-pristine
src/core/softpc/base/cvidc/sunhst_c.h	base/cvidc/sunhst_c.h	source-or-header	identical-original	not-directly-selected	9d229f03011454c5b08835a3df36a88cb25c33b154b07191869c929e190161ac	9d229f03011454c5b08835a3df36a88cb25c33b154b07191869c929e190161ac	f741ab7bd4e31cab6f3c4f0fa56dcf16296acea8fe097c0d4a5ac87c14c23953	f741ab7bd4e31cab6f3c4f0fa56dcf16296acea8fe097c0d4a5ac87c14c23953	retain-pristine
src/core/softpc/base/cvidc/task_c.h	base/cvidc/task_c.h	source-or-header	identical-original	not-directly-selected	6b68909ce0cae83346ad342d45d78181da5bc89b8fb81e2760a7590665a2d11b	6b68909ce0cae83346ad342d45d78181da5bc89b8fb81e2760a7590665a2d11b	97a0a7571ded98113ed8e4991b5839c8d94576e65f0d6fe0548114a2c82b2186	97a0a7571ded98113ed8e4991b5839c8d94576e65f0d6fe0548114a2c82b2186	retain-pristine
src/core/softpc/base/cvidc/test_c.h	base/cvidc/test_c.h	source-or-header	identical-original	not-directly-selected	2eee5d31833f95fbfae772124d899daddb3af370d550ed2cf5333825740b6917	2eee5d31833f95fbfae772124d899daddb3af370d550ed2cf5333825740b6917	d00afd6d0372f4942636404f557bf956e3b9f4e2d1219b0e9326a4d62e9a2832	d00afd6d0372f4942636404f557bf956e3b9f4e2d1219b0e9326a4d62e9a2832	retain-pristine
src/core/softpc/base/cvidc/trace_c.h	base/cvidc/trace_c.h	source-or-header	identical-original	not-directly-selected	6fa3aac92e55d2cc6463086460835f86fb1bd87ad006880f1fa2081d2f462e57	6fa3aac92e55d2cc6463086460835f86fb1bd87ad006880f1fa2081d2f462e57	d6ddcd73a3759ec8655e02c78a2b0772b4a627a90674da27359a3cc62af2e5f7	d6ddcd73a3759ec8655e02c78a2b0772b4a627a90674da27359a3cc62af2e5f7	retain-pristine
src/core/softpc/base/cvidc/unchn_c.h	base/cvidc/unchn_c.h	source-or-header	identical-original	not-directly-selected	2c5e37ab6d10f385120cefb2144301fabe8cb74f560ba8b0b140314ce9852cbb	2c5e37ab6d10f385120cefb2144301fabe8cb74f560ba8b0b140314ce9852cbb	a943bc7518ff02a96d699222d7e03217faeff4227715ed86d9146bedd391ddc0	a943bc7518ff02a96d699222d7e03217faeff4227715ed86d9146bedd391ddc0	retain-pristine
src/core/softpc/base/cvidc/univer_c.h	base/cvidc/univer_c.h	source-or-header	identical-original	not-directly-selected	95963b89f5b99a06fe1c3ea85a0916500bc582881ad5bf2db508f75bcb07638e	95963b89f5b99a06fe1c3ea85a0916500bc582881ad5bf2db508f75bcb07638e	2f06800e509d55fc5f377ca5bfd0e820de57e132acb307938728a01e5943a932	2f06800e509d55fc5f377ca5bfd0e820de57e132acb307938728a01e5943a932	retain-pristine
src/core/softpc/base/cvidc/vglfunc.c	base/cvidc/vglfunc.c	source-or-header	direct-original-diff	literal-reference	bd983751d39f6a222041cb66a9e69c6538e88dfff155973a20deb1b4bdf4bf8c	22385f8a0f196c79b2f27b89ee33f7ae9d955304385d226522e2c06fa8726805	b21fdfb9274a33627f9966d5243cb219d0adb4c7ff9ffa94649596d099cf9d39	fed92cfc2de446f1d5a288a83dd3ce6ff803ed3f91ff0b6d0a7cff2e9d93fa14	overlay
src/core/softpc/base/cvidc/vglob.c	base/cvidc/vglob.c	source-or-header	identical-original	not-directly-selected	e3b0c44298fc1c149afbf4c8996fb92427ae41e4649b934ca495991b7852b855	e3b0c44298fc1c149afbf4c8996fb92427ae41e4649b934ca495991b7852b855	e3b0c44298fc1c149afbf4c8996fb92427ae41e4649b934ca495991b7852b855	e3b0c44298fc1c149afbf4c8996fb92427ae41e4649b934ca495991b7852b855	retain-pristine
src/core/softpc/base/cvidc/vglob_c.h	base/cvidc/vglob_c.h	source-or-header	identical-original	not-directly-selected	cc795d6480e57f9aaae793a88615d2242c91f1074481284106f1d919ff4df8a0	cc795d6480e57f9aaae793a88615d2242c91f1074481284106f1d919ff4df8a0	b77ae41dcda5cc30c8101fc8ba15fc8a130bf598282e88092dc12307c2633f9a	b77ae41dcda5cc30c8101fc8ba15fc8a130bf598282e88092dc12307c2633f9a	retain-pristine
src/core/softpc/base/cvidc/xchg_c.h	base/cvidc/xchg_c.h	source-or-header	identical-original	not-directly-selected	0154055071207581f4178b5d7c69d217e14eac20acf686be6f49f75d7406c66d	0154055071207581f4178b5d7c69d217e14eac20acf686be6f49f75d7406c66d	0bf6a3286284c798346f68f739082e962b98b80dc52b81ac4e724fc1c425e8b9	0bf6a3286284c798346f68f739082e962b98b80dc52b81ac4e724fc1c425e8b9	retain-pristine
src/core/softpc/base/cvidc/xfer_c.h	base/cvidc/xfer_c.h	source-or-header	identical-original	not-directly-selected	7c2318c2353401b6f5086e40a4d88f570a58116427555329eaee18637049d8c3	7c2318c2353401b6f5086e40a4d88f570a58116427555329eaee18637049d8c3	f65c56422d7b06ab922b1ec916032eb4c1badc819288db4c8e85647accbe07da	f65c56422d7b06ab922b1ec916032eb4c1badc819288db4c8e85647accbe07da	retain-pristine
src/core/softpc/base/cvidc/xlat_c.h	base/cvidc/xlat_c.h	source-or-header	identical-original	not-directly-selected	bbd1284454566de2244d42a3a0f19785784c33f4d1396a169f2af202adaa33f0	bbd1284454566de2244d42a3a0f19785784c33f4d1396a169f2af202adaa33f0	95e8b054a4eee35f4e6b5491fc9f7ee1aaf02c1f03ab39128fcadfbde473aacd	95e8b054a4eee35f4e6b5491fc9f7ee1aaf02c1f03ab39128fcadfbde473aacd	retain-pristine
src/core/softpc/base/dirs	base/dirs	resource-or-build-input	identical-original	not-directly-selected	4324bd4e10b617faf08b6f9da81f754daf16c3875db6f2c45246c66ac841d1d1	4324bd4e10b617faf08b6f9da81f754daf16c3875db6f2c45246c66ac841d1d1	4dc04530b2c0490a3391bc83dce5357f8d729776ba6a768e03d3c3abe21eac61	4dc04530b2c0490a3391bc83dce5357f8d729776ba6a768e03d3c3abe21eac61	retain-pristine
src/core/softpc/base/disks/diskbios.c	base/disks/diskbios.c	source-or-header	identical-original	literal-reference	d05908d6199675e65ebcf0f2b2c864169e80276639fb8de25b007c5e66751cdc	d05908d6199675e65ebcf0f2b2c864169e80276639fb8de25b007c5e66751cdc	3a81690da0d2d4df8f53b3b3b2fc934194f0d6db6bed3f64d5c6d514da06615e	3a81690da0d2d4df8f53b3b3b2fc934194f0d6db6bed3f64d5c6d514da06615e	retain-pristine
src/core/softpc/base/disks/fdisk.c	base/disks/fdisk.c	source-or-header	normalized-identical-original	literal-reference	a499f84c1c24063eb2a31a4f9370a7a7c8acb3b0c7bba0d0ae62e6ad10289f0a	f95a9a26a9ef201e9552f2459a6ba85080e17fb8ccae3fb6280c63eb2fa78607	09948d250bf369788a02f55617cd9a31aea0c22faddd9df35907dca18e061917	09948d250bf369788a02f55617cd9a31aea0c22faddd9df35907dca18e061917	retain-pristine
src/core/softpc/base/disks/fla.c	base/disks/fla.c	source-or-header	identical-original	literal-reference	b8c5f0420eac7f14f662799b995b37e86d14dc252271b7bf4ae309ba6650fb5d	b8c5f0420eac7f14f662799b995b37e86d14dc252271b7bf4ae309ba6650fb5d	5b920aaaa54b9945152dc966b0d17fc3bbdec31e471c20b9d5e87d30e953af3b	5b920aaaa54b9945152dc966b0d17fc3bbdec31e471c20b9d5e87d30e953af3b	retain-pristine
src/core/softpc/base/disks/floppy.c	base/disks/floppy.c	source-or-header	normalized-identical-original	literal-reference	070a6dd26059b9ff4eeae8e00dbcd886d99f29e450ee4162a1ffe0e7b0703183	35efd26857a3f5c7960b0890a6ec3fd778dfde7dc8e74959fd3a8e3d41db424c	dd5b34094f3dda7657bb4918bf05f6ce4e2da02c1be6a2059a7a0eaac731f6ea	dd5b34094f3dda7657bb4918bf05f6ce4e2da02c1be6a2059a7a0eaac731f6ea	retain-pristine
src/core/softpc/base/disks/floppy_i.c	base/disks/floppy_i.c	source-or-header	normalized-identical-original	literal-reference	c4f9b6b2679c43efb6ef8a8eac7b8f4341fb72350377adcf847cf441cae76ab4	22b503047688d4d1f2d4b99ffba29e71612a165bbc9069976ce7a8b8d62ba042	989c11b777263ea3c4663d8ffbeb541425c4659aab62ca9e36e7315d14721857	989c11b777263ea3c4663d8ffbeb541425c4659aab62ca9e36e7315d14721857	retain-pristine
src/core/softpc/base/disks/gfi.c	base/disks/gfi.c	source-or-header	identical-original	literal-reference	0b332182c606cfef8b0788b50866b9e13acd389445a52f60f3cb65caf8f916e6	0b332182c606cfef8b0788b50866b9e13acd389445a52f60f3cb65caf8f916e6	0ee59af40b2ea7ad94fa20109ea953e945815d2bf917094084dd8346397b1e5a	0ee59af40b2ea7ad94fa20109ea953e945815d2bf917094084dd8346397b1e5a	retain-pristine
src/core/softpc/base/disks/gfi_ibm.c	base/disks/gfi_ibm.c	source-or-header	identical-original	not-directly-selected	234d4fdac97c117a01ee642242dbab691e6809d0a3d25e63df4604d5fbbd955f	234d4fdac97c117a01ee642242dbab691e6809d0a3d25e63df4604d5fbbd955f	f453ec292066c50dda78f37f622d95c00882ff087aae092880df4a719f1d5507	f453ec292066c50dda78f37f622d95c00882ff087aae092880df4a719f1d5507	retain-pristine
src/core/softpc/base/disks/gfi_mpty.c	base/disks/gfi_mpty.c	source-or-header	identical-original	literal-reference	9e56716b323db2e45afb5d780c0a84693311d7baf33e91518593f754d58843bb	9e56716b323db2e45afb5d780c0a84693311d7baf33e91518593f754d58843bb	567150d15c6aa5684603a2028591bcef022e1dec6482ee54ceb2e10b218320a4	567150d15c6aa5684603a2028591bcef022e1dec6482ee54ceb2e10b218320a4	retain-pristine
src/core/softpc/base/disks/gfi_sflp.c	base/disks/gfi_sflp.c	source-or-header	identical-original	not-directly-selected	396c621a6c6abf135fdec730a0be91c8bc5582de51687ed006ca5df97d354dc5	396c621a6c6abf135fdec730a0be91c8bc5582de51687ed006ca5df97d354dc5	cb5bf2247f1d4f617b23ef15bec0a6dc64cf671ab96169a38308a885375c0342	cb5bf2247f1d4f617b23ef15bec0a6dc64cf671ab96169a38308a885375c0342	retain-pristine
src/core/softpc/base/inc/acc_efi.h	base/inc/acc_efi.h	source-or-header	identical-original	not-directly-selected	1223e330518775a04b49d913c8fbdff86d2eec0c8308218640d7fa9215c72142	1223e330518775a04b49d913c8fbdff86d2eec0c8308218640d7fa9215c72142	63c2aca6d8f5764f5f9fc25b47f1cc51ae940c94f5e09e1e47a9c1606f0a9ad7	63c2aca6d8f5764f5f9fc25b47f1cc51ae940c94f5e09e1e47a9c1606f0a9ad7	retain-pristine
src/core/softpc/base/inc/base_def.h	base/inc/base_def.h	source-or-header	identical-original	not-directly-selected	084991cfc23dc79529cc67a43488ec114be882fb62a9f95b879e1b6995f7afae	084991cfc23dc79529cc67a43488ec114be882fb62a9f95b879e1b6995f7afae	a7e8e47bc5fd5cf08b979fba476355f53d1c180139edf221816ccdb1d3cdfa48	a7e8e47bc5fd5cf08b979fba476355f53d1c180139edf221816ccdb1d3cdfa48	retain-pristine
src/core/softpc/base/inc/bios.h	base/inc/bios.h	source-or-header	normalized-identical-original	not-directly-selected	ec030ce83c976b8208a17ccdaafe470cfbee8ae83be28227bdc71375705aae49	a181e9ddddf9cbeeff03b63f733d282455b2f21b578c6c9cf772bf726b41d064	4043f404a96e8cc89e7692ee462617791ff87e3c606fbedb08a8f209bbd92ffd	4043f404a96e8cc89e7692ee462617791ff87e3c606fbedb08a8f209bbd92ffd	retain-pristine
src/core/softpc/base/inc/build_id.h	base/inc/build_id.h	source-or-header	identical-original	not-directly-selected	72c5484bf3eecc5a6c8a98c64e256c7a4d98e06c3a6172c8d9638be64b6dc3e6	72c5484bf3eecc5a6c8a98c64e256c7a4d98e06c3a6172c8d9638be64b6dc3e6	34f75a7fff549deabfa07f3b1ca3ac7a9ada912f0907a777924e62a4a95f8032	34f75a7fff549deabfa07f3b1ca3ac7a9ada912f0907a777924e62a4a95f8032	retain-pristine
src/core/softpc/base/inc/cdrom.h	base/inc/cdrom.h	source-or-header	identical-original	not-directly-selected	9da2a1531ac1eb2e0d2d9b57ec7e85328fd6402a83a3e562494b175f27101569	9da2a1531ac1eb2e0d2d9b57ec7e85328fd6402a83a3e562494b175f27101569	6d6b1f5e7d3c6be714190d001f70cd008e57379584b0c5e349d5a16902c49a1e	6d6b1f5e7d3c6be714190d001f70cd008e57379584b0c5e349d5a16902c49a1e	retain-pristine
src/core/softpc/base/inc/cdrom_fn.h	base/inc/cdrom_fn.h	source-or-header	identical-original	not-directly-selected	50376ae1cb7e4ff4ddb8ac8bd4af2e74c9ae3c86246c93e3380befb1fb65ea99	50376ae1cb7e4ff4ddb8ac8bd4af2e74c9ae3c86246c93e3380befb1fb65ea99	518352c91f65cf16e8e7d18065c0f34953bba8fd0587da44e1b20a63326f56a0	518352c91f65cf16e8e7d18065c0f34953bba8fd0587da44e1b20a63326f56a0	retain-pristine
src/core/softpc/base/inc/cga.h	base/inc/cga.h	source-or-header	identical-original	not-directly-selected	683848966f4b5cb5667b9ae0ae140d9e08adcb62060bc77695db844c34b71b0b	683848966f4b5cb5667b9ae0ae140d9e08adcb62060bc77695db844c34b71b0b	330107226975527e5099d0ae047dfb60e609245b73bed4340ee466b1c9d8c36a	330107226975527e5099d0ae047dfb60e609245b73bed4340ee466b1c9d8c36a	retain-pristine
src/core/softpc/base/inc/chkmallc.h	base/inc/chkmallc.h	source-or-header	identical-original	not-directly-selected	a73066eace8bb5104696355c34d741205779cb53472595b58812798210d513e7	a73066eace8bb5104696355c34d741205779cb53472595b58812798210d513e7	b7abdd00a6a713e66c1377471341ff8726c1d33512f20ddca767c7b2d1067993	b7abdd00a6a713e66c1377471341ff8726c1d33512f20ddca767c7b2d1067993	retain-pristine
src/core/softpc/base/inc/ckmalloc.h	base/inc/ckmalloc.h	source-or-header	direct-original-diff	not-directly-selected	ee7003d8ab2e180adbb84f38a16f6e437e5eb0e6c29f0b56ba97152aa69d1b31	49d55eba11bc663e678544a40536d1a799261c1cf67eb25b779a8c23465c81e3	169ef2e55828c3366223cf8c77edc1e0fcaa5a729302f774b18c47bca0e6bdfd	654b8470bd4836584b855b831bbef02d92ebba2e6c2406ceb5dfdc27bdf31020	overlay
src/core/softpc/base/inc/cmos.h	base/inc/cmos.h	source-or-header	identical-original	not-directly-selected	ef4dae92c641b3dbeb7aaab67c3f49e1da9d01d2473d2b96fbece0121b235f99	ef4dae92c641b3dbeb7aaab67c3f49e1da9d01d2473d2b96fbece0121b235f99	13d6f888b369902647f86639fdaec543ef2b2c135324ee6fe13af89a5107f210	13d6f888b369902647f86639fdaec543ef2b2c135324ee6fe13af89a5107f210	retain-pristine
src/core/softpc/base/inc/cmosbios.h	base/inc/cmosbios.h	source-or-header	identical-original	not-directly-selected	ecd73c3bcc3b6dced9c22b04e9acbb524ab20c3d5ce96bf464e5e6af9fd19ee3	ecd73c3bcc3b6dced9c22b04e9acbb524ab20c3d5ce96bf464e5e6af9fd19ee3	3d83b5696c4841f6b70b1934843094814976bad68b73313d8298e5dbe9ba2c7e	3d83b5696c4841f6b70b1934843094814976bad68b73313d8298e5dbe9ba2c7e	retain-pristine
src/core/softpc/base/inc/cntlbop.h	base/inc/cntlbop.h	source-or-header	identical-original	not-directly-selected	b14316fbd29fee3d582cd88c0b869e46ea01c41964fc1a4bfca87742db2a09cb	b14316fbd29fee3d582cd88c0b869e46ea01c41964fc1a4bfca87742db2a09cb	9fcc4698f5e8898ffc94ebff48b70937614a889ff2719bc3402c99377d5cbeb2	9fcc4698f5e8898ffc94ebff48b70937614a889ff2719bc3402c99377d5cbeb2	retain-pristine
src/core/softpc/base/inc/config.h	base/inc/config.h	source-or-header	identical-original	not-directly-selected	6c12b5c1bd7102c46d3e5b86795dcce8610e7b9adaead907ba031e9f9bf40034	6c12b5c1bd7102c46d3e5b86795dcce8610e7b9adaead907ba031e9f9bf40034	dbfa54d8e6ac2142977dd2125ee452d727709df1f6c08dffe977702c28dbfd00	dbfa54d8e6ac2142977dd2125ee452d727709df1f6c08dffe977702c28dbfd00	retain-pristine
src/core/softpc/base/inc/cpu.h	base/inc/cpu.h	source-or-header	identical-original	not-directly-selected	c368cceafa5739f4592ecc1e62e4f6d02b788b0772dbd0a8f7e09c8c7c1cecbe	c368cceafa5739f4592ecc1e62e4f6d02b788b0772dbd0a8f7e09c8c7c1cecbe	041e1f540f99e0a11e5cf25b278d3c1523f6405bae9744055deb53c0ebfa0659	041e1f540f99e0a11e5cf25b278d3c1523f6405bae9744055deb53c0ebfa0659	retain-pristine
src/core/softpc/base/inc/cpu_vid.h	base/inc/cpu_vid.h	source-or-header	direct-original-diff	not-directly-selected	dc5ddae364dbbd4c379ec91ff0339ae7867d8c496880d8c726f586612ad30bd8	f7b5efebebd8bf8c6ad5c56adb74c8217490b2b92f113b1e850401fd5f029500	4b070f9a3fc25012e3ef8e3e3a22e5d338710e742a1e6fbb7f8b2d775b1fa724	51052487bf89991d45fccadd108c80ef0f593818bedade09bbadbbf148758a49	overlay
src/core/softpc/base/inc/cpu2.h	base/inc/cpu2.h	source-or-header	identical-original	not-directly-selected	7e9cb73f825974421128e93c90a0096ad10518b6f48e47824e4b5d140638d216	7e9cb73f825974421128e93c90a0096ad10518b6f48e47824e4b5d140638d216	ba3afb57972a23d406002e3aa57f71dffee0e8949f7cb1eb82643ccae8491f9f	ba3afb57972a23d406002e3aa57f71dffee0e8949f7cb1eb82643ccae8491f9f	retain-pristine
src/core/softpc/base/inc/cpu3.h	base/inc/cpu3.h	source-or-header	identical-original	not-directly-selected	ad167e9ff54476da9bc31c724d284073fb5c8796aa4417c66524aecb9e33bc0a	ad167e9ff54476da9bc31c724d284073fb5c8796aa4417c66524aecb9e33bc0a	96b201e9a1a1ce01e77c8a5d920c05969d725b6efdb4e78e149ac985b6c97371	96b201e9a1a1ce01e77c8a5d920c05969d725b6efdb4e78e149ac985b6c97371	retain-pristine
src/core/softpc/base/inc/cpu4.h	base/inc/cpu4.h	source-or-header	identical-original	not-directly-selected	c1296168c866527a931bfa4b7cefe21f54acc96a6f242b0a60d6cdba4cdba725	c1296168c866527a931bfa4b7cefe21f54acc96a6f242b0a60d6cdba4cdba725	4b6d6f5c3a5429797d1b0b2695ffa9081ce8d876e2039b66dd2021446020d419	4b6d6f5c3a5429797d1b0b2695ffa9081ce8d876e2039b66dd2021446020d419	retain-pristine
src/core/softpc/base/inc/d_inst.h	base/inc/d_inst.h	source-or-header	identical-original	not-directly-selected	5c26efcce64e3a2bd0f6d64ca53775e6c6a4f016873e15cbfda98148439edfa3	5c26efcce64e3a2bd0f6d64ca53775e6c6a4f016873e15cbfda98148439edfa3	6b030744fd2b4aa45e29abcb42122db7489b609b08f6ab6890360b088b21203c	6b030744fd2b4aa45e29abcb42122db7489b609b08f6ab6890360b088b21203c	retain-pristine
src/core/softpc/base/inc/d_oper.h	base/inc/d_oper.h	source-or-header	identical-original	not-directly-selected	035d342c10eeed78180ed8881ef14b32477e93a12ce1c2cb35381554f598e90f	035d342c10eeed78180ed8881ef14b32477e93a12ce1c2cb35381554f598e90f	35ca46ffa1d99c3179d48848783c616c1560c0504162fa7152376907a29221a3	35ca46ffa1d99c3179d48848783c616c1560c0504162fa7152376907a29221a3	retain-pristine
src/core/softpc/base/inc/dasm.h	base/inc/dasm.h	source-or-header	identical-original	not-directly-selected	bb18cfba18fc1f8379feef143161e3e62462354cb101a95ac5e8f6e434c0dbe0	bb18cfba18fc1f8379feef143161e3e62462354cb101a95ac5e8f6e434c0dbe0	1c99b80a509638b086f86fbcbc4c68adc76b8d12233323770c4b71b7d9974d43	1c99b80a509638b086f86fbcbc4c68adc76b8d12233323770c4b71b7d9974d43	retain-pristine
src/core/softpc/base/inc/debug.h	base/inc/debug.h	source-or-header	identical-original	not-directly-selected	59246b3c18bf6dfcd79b4e61bf961bc0382800deb4d968c198ceb415c284f21b	59246b3c18bf6dfcd79b4e61bf961bc0382800deb4d968c198ceb415c284f21b	95efa01545854e01c327b0e94e6ebbd7de0142c7b4d75a74a44d546113d840e5	95efa01545854e01c327b0e94e6ebbd7de0142c7b4d75a74a44d546113d840e5	retain-pristine
src/core/softpc/base/inc/decode.h	base/inc/decode.h	source-or-header	identical-original	not-directly-selected	d9ecc3cc6097818f6ab37478612778163fc1b647cf76c3159f30978534dab027	d9ecc3cc6097818f6ab37478612778163fc1b647cf76c3159f30978534dab027	520a957a5800aa19671d0f01e4200aa9bfd5b1829e204464d31940ee9e95cc00	520a957a5800aa19671d0f01e4200aa9bfd5b1829e204464d31940ee9e95cc00	retain-pristine
src/core/softpc/base/inc/dfa.h	base/inc/dfa.h	source-or-header	identical-original	not-directly-selected	c34cb343b608e1cb0cbb53f8ea0f5f4f50289d7565dd5bc36bb02fd963b0d309	c34cb343b608e1cb0cbb53f8ea0f5f4f50289d7565dd5bc36bb02fd963b0d309	7a47b120722818b3a963fe6aa6a49b3b1a8ec6130e64b47d80b8fb5ccb938971	7a47b120722818b3a963fe6aa6a49b3b1a8ec6130e64b47d80b8fb5ccb938971	retain-pristine
src/core/softpc/base/inc/disk_geo.h	base/inc/disk_geo.h	source-or-header	identical-original	not-directly-selected	8d750f2d279e825004ac24bab65ed8ea6fe94fe385963835fe479ba8a7956c30	8d750f2d279e825004ac24bab65ed8ea6fe94fe385963835fe479ba8a7956c30	c69d323282632f1f83fda47ce603d02ae1f75f8807f9998a69e0090813c4ae48	c69d323282632f1f83fda47ce603d02ae1f75f8807f9998a69e0090813c4ae48	retain-pristine
src/core/softpc/base/inc/dma.h	base/inc/dma.h	source-or-header	identical-original	not-directly-selected	d69831cddb3de18bebe1532c659608b404686374324b3eeebed5607e15a774e4	d69831cddb3de18bebe1532c659608b404686374324b3eeebed5607e15a774e4	33a47aaebf811fda3e81897d9a9563861be107d8304101afe65892c13c5707d4	33a47aaebf811fda3e81897d9a9563861be107d8304101afe65892c13c5707d4	retain-pristine
src/core/softpc/base/inc/dpmi.h	base/inc/dpmi.h	source-or-header	identical-original	not-directly-selected	147472a572fe13d6a11307c28ef023b79b495087290b1c8124367b04f4891b46	147472a572fe13d6a11307c28ef023b79b495087290b1c8124367b04f4891b46	0dbd80a9226e83a8c636cbde3af0a0991ce6cd7e2bf9834e214a444c48919ec3	0dbd80a9226e83a8c636cbde3af0a0991ce6cd7e2bf9834e214a444c48919ec3	retain-pristine
src/core/softpc/base/inc/dsktrace.h	base/inc/dsktrace.h	source-or-header	identical-original	not-directly-selected	f5e99686a7c84d8a1b1b25db57c35d459c88c1b6dec395c332f027647474d082	f5e99686a7c84d8a1b1b25db57c35d459c88c1b6dec395c332f027647474d082	31ffc49f9e4a8a77ecddb2fd456941616140d89f67e878cfa27d19e2cd606ce1	31ffc49f9e4a8a77ecddb2fd456941616140d89f67e878cfa27d19e2cd606ce1	retain-pristine
src/core/softpc/base/inc/dterm.h	base/inc/dterm.h	source-or-header	identical-original	not-directly-selected	1a31bf16bf46b520110fd0d5e3562034f2c0d1f5e474ea030f98148c1c686924	1a31bf16bf46b520110fd0d5e3562034f2c0d1f5e474ea030f98148c1c686924	9469d3621b111022309a1f5251de398c4985fe76c2a71d49b40d4a5f2e8404f8	9469d3621b111022309a1f5251de398c4985fe76c2a71d49b40d4a5f2e8404f8	retain-pristine
src/core/softpc/base/inc/egacpu.h	base/inc/egacpu.h	source-or-header	direct-original-diff	not-directly-selected	2dc482b6704c84fe4a87960058a575cb5cf8e541c3e11f6cf11e9eadc1ed5c28	4a53a9d1c7fb984deb2c5b0fd629442ee8a35272ad90323624d55daa65886194	f3b37a1134e11136cff440fb4cd8036e8bffa1fa118ad5cd35fafd2d8bbc0939	238ba7b9bd06a16892675d1bbfb26baa62d5f39d195e694573340be84dc27c5d	overlay
src/core/softpc/base/inc/egagraph.h	base/inc/egagraph.h	source-or-header	identical-original	not-directly-selected	20c58d8fb126135214410b44cda85a9fb57c7644088e820ce979ad37e7681a39	20c58d8fb126135214410b44cda85a9fb57c7644088e820ce979ad37e7681a39	5fd5884b78b05ff6857c481c41e51db7d8b82b60d0989b920edaeca3f508b0fc	5fd5884b78b05ff6857c481c41e51db7d8b82b60d0989b920edaeca3f508b0fc	retain-pristine
src/core/softpc/base/inc/egamode.h	base/inc/egamode.h	source-or-header	identical-original	not-directly-selected	56c76d5816dd61ebc92666504e7c530a85f30a201c9d0d317056bfc3d0d4c807	56c76d5816dd61ebc92666504e7c530a85f30a201c9d0d317056bfc3d0d4c807	6b21837883dcf6549c661c8709f4682a565ce53138449d7ae465192d89882132	6b21837883dcf6549c661c8709f4682a565ce53138449d7ae465192d89882132	retain-pristine
src/core/softpc/base/inc/egaports.h	base/inc/egaports.h	source-or-header	normalized-identical-original	not-directly-selected	50a843a646883ce2a4f669a81435a90a2e6bdf53a1919a7b42e1dcc8e3ef74ed	9258473bc4f8c375852c51ea8d7eb71a0163e503bd371f779b78eeb6227146af	b3db5b3f241ed517f347c0b4e61db695ba2b42d8b0ca38a8f18f96027a4e7617	b3db5b3f241ed517f347c0b4e61db695ba2b42d8b0ca38a8f18f96027a4e7617	retain-pristine
src/core/softpc/base/inc/egaread.h	base/inc/egaread.h	source-or-header	identical-original	not-directly-selected	d7a32e28259b5c25146a9e83feeae102be6815d937209a23c5ccf292aa1c0dac	d7a32e28259b5c25146a9e83feeae102be6815d937209a23c5ccf292aa1c0dac	4f462a3c11b05395b68642c2b3bd3cf1eb244222d11647d83fc109f2d92cd6f9	4f462a3c11b05395b68642c2b3bd3cf1eb244222d11647d83fc109f2d92cd6f9	retain-pristine
src/core/softpc/base/inc/egatrace.h	base/inc/egatrace.h	source-or-header	identical-original	not-directly-selected	b7ea3a46cbf438275e2eddb68aaf7d9b744ea2a1b60e123fce833ab85b553e87	b7ea3a46cbf438275e2eddb68aaf7d9b744ea2a1b60e123fce833ab85b553e87	66791f7ee2d62efe422779545c3c2c00bf7d95b60f0abfb7929da8d9575572ee	66791f7ee2d62efe422779545c3c2c00bf7d95b60f0abfb7929da8d9575572ee	retain-pristine
src/core/softpc/base/inc/egavideo.h	base/inc/egavideo.h	source-or-header	identical-original	not-directly-selected	5b47f5e3566927332de3c3f9474ba3595151758c0a8ff8fd6c9cc860f2f8e6cd	5b47f5e3566927332de3c3f9474ba3595151758c0a8ff8fd6c9cc860f2f8e6cd	a99075b5bc1d92005af382d12272d7d33283b9ef48d6a46856ecf63898801ac1	a99075b5bc1d92005af382d12272d7d33283b9ef48d6a46856ecf63898801ac1	retain-pristine
src/core/softpc/base/inc/emm.h	base/inc/emm.h	source-or-header	direct-original-diff	not-directly-selected	f75ae8c295da1068b7113c8db4ba6a75afa3dc326ae8d59e75cf9ea19ece2827	d92cc144f50e60de5042f76c67574a3fdc22b0ad38411d92d1459d4a02b17789	abd1e197ab7c9e8ef9b0a252f2916a6d095da62433c3fad7c49610147e02b450	1c905afe50123d594af64e36ea15ac3a87c744fddb9643981201922efd7d7638	overlay
src/core/softpc/base/inc/equip.h	base/inc/equip.h	source-or-header	identical-original	not-directly-selected	9530d21a819d9e3ff63d9fd8173f2c0df049cc48aa9ee49a740bad6db921e8aa	9530d21a819d9e3ff63d9fd8173f2c0df049cc48aa9ee49a740bad6db921e8aa	38bea3eb858f7aabea254a66bd655b479654bcd1b3327f8b5def7d9097d91fca	38bea3eb858f7aabea254a66bd655b479654bcd1b3327f8b5def7d9097d91fca	retain-pristine
src/core/softpc/base/inc/error.h	base/inc/error.h	source-or-header	identical-original	not-directly-selected	1adf0532f1ef298d7491e01714624e394ea795a308695bc1b05376a9b16ca7a3	1adf0532f1ef298d7491e01714624e394ea795a308695bc1b05376a9b16ca7a3	87cb68525d7ba71e35aa1e101086a8466b1894a45762a853732348446ce51af0	87cb68525d7ba71e35aa1e101086a8466b1894a45762a853732348446ce51af0	retain-pristine
src/core/softpc/base/inc/fdisk.h	base/inc/fdisk.h	source-or-header	identical-original	not-directly-selected	ab53ed73a6f2caf33d84a6011eff8ac1b098372e3e4012c3dfa6c4ad90a78386	ab53ed73a6f2caf33d84a6011eff8ac1b098372e3e4012c3dfa6c4ad90a78386	8b42817851b204f25f4b28d772ca98a10d5453a89fda26c72596a1137acc55cb	8b42817851b204f25f4b28d772ca98a10d5453a89fda26c72596a1137acc55cb	retain-pristine
src/core/softpc/base/inc/fla.h	base/inc/fla.h	source-or-header	identical-original	not-directly-selected	8c4947414bf23f36a15455ae03031d8ac907d4b55569f5e114790c45820f2f9e	8c4947414bf23f36a15455ae03031d8ac907d4b55569f5e114790c45820f2f9e	437d732ca0b0cdab9817210ab915401a0f0906b1271fac405073f4f340924a3e	437d732ca0b0cdab9817210ab915401a0f0906b1271fac405073f4f340924a3e	retain-pristine
src/core/softpc/base/inc/flexlmif.h	base/inc/flexlmif.h	source-or-header	identical-original	not-directly-selected	ba27db4f84cc7707fe35cf96c3c8f0d99ad22adb99dfc755f5ddfe750b34d0e6	ba27db4f84cc7707fe35cf96c3c8f0d99ad22adb99dfc755f5ddfe750b34d0e6	6d91568885d5c4007646b747dae55e2ab9e571da09528a158488f41b56c14036	6d91568885d5c4007646b747dae55e2ab9e571da09528a158488f41b56c14036	retain-pristine
src/core/softpc/base/inc/floppy.h	base/inc/floppy.h	source-or-header	identical-original	not-directly-selected	500e1a6e48950dc2c184a70c39b9606723133c6ab06affac898da89e24fbaca8	500e1a6e48950dc2c184a70c39b9606723133c6ab06affac898da89e24fbaca8	f59399016c789f1f7021c945ee12a1d834e6fa8299c97da049482b58e2b449e6	f59399016c789f1f7021c945ee12a1d834e6fa8299c97da049482b58e2b449e6	retain-pristine
src/core/softpc/base/inc/ga_defs.h	base/inc/ga_defs.h	source-or-header	identical-original	not-directly-selected	853220f9c349fe6c9ca3a0c05a21cc7ea3e97b5e8f8f65cbb846890f87d500b3	853220f9c349fe6c9ca3a0c05a21cc7ea3e97b5e8f8f65cbb846890f87d500b3	2d6bde278e808061914f7a5e4036e65867a379c33e9965ee29b1f7e349dffa56	2d6bde278e808061914f7a5e4036e65867a379c33e9965ee29b1f7e349dffa56	retain-pristine
src/core/softpc/base/inc/ga_mark.h	base/inc/ga_mark.h	source-or-header	identical-original	not-directly-selected	ef6896bc3d419ec7cd6c4946ebfc8862fef20b30ffb8bdd0e291aa9f95799a9d	ef6896bc3d419ec7cd6c4946ebfc8862fef20b30ffb8bdd0e291aa9f95799a9d	d655defa5ab5a1742da7aaf0b1af4273a04b12aee7e09f66d71383df35d9c2c1	d655defa5ab5a1742da7aaf0b1af4273a04b12aee7e09f66d71383df35d9c2c1	retain-pristine
src/core/softpc/base/inc/gendrvr.h	base/inc/gendrvr.h	source-or-header	identical-original	not-directly-selected	f6750f0da3fab360f5348981440747be5dc612ce81eabec6913557f59b5f0185	f6750f0da3fab360f5348981440747be5dc612ce81eabec6913557f59b5f0185	38efc4e361f7ebb34985ba2d974c2891d86b872d3a87d4744fc5514a41a180ae	38efc4e361f7ebb34985ba2d974c2891d86b872d3a87d4744fc5514a41a180ae	retain-pristine
src/core/softpc/base/inc/get_env.h	base/inc/get_env.h	source-or-header	identical-original	not-directly-selected	d8a5457cbb151b35aa588c2e93a517b3f71f606aa7522bea3e3bffa4c10944f5	d8a5457cbb151b35aa588c2e93a517b3f71f606aa7522bea3e3bffa4c10944f5	418817cd0c865aec0707b9f36b6a999760100139c9cf6d64c507d4432ad8365a	418817cd0c865aec0707b9f36b6a999760100139c9cf6d64c507d4432ad8365a	retain-pristine
src/core/softpc/base/inc/getptis.h	base/inc/getptis.h	source-or-header	identical-original	not-directly-selected	e3d1d37fcc3b148e5e27c041ea9c14609a5a5b98d76a23b90d76a0a7a057102c	e3d1d37fcc3b148e5e27c041ea9c14609a5a5b98d76a23b90d76a0a7a057102c	e18ddac7f944b5f2fba7716ebdeb62ea0dee5d935828c00efa010191000e2995	e18ddac7f944b5f2fba7716ebdeb62ea0dee5d935828c00efa010191000e2995	retain-pristine
src/core/softpc/base/inc/gfi.h	base/inc/gfi.h	source-or-header	identical-original	not-directly-selected	ae7b3dc66f9d618a841068e0e730c79751a7e496e223cf1d01ef0c4505e54a9d	ae7b3dc66f9d618a841068e0e730c79751a7e496e223cf1d01ef0c4505e54a9d	59743a44ceca3f693f6b1dfca43572f5deab122f76cafbdf424bd5081891a746	59743a44ceca3f693f6b1dfca43572f5deab122f76cafbdf424bd5081891a746	retain-pristine
src/core/softpc/base/inc/gfiempty.h	base/inc/gfiempty.h	source-or-header	identical-original	not-directly-selected	2990b990982a7381bb75662cf11c2378b958a912d188b4544d88be93cf9e6d0d	2990b990982a7381bb75662cf11c2378b958a912d188b4544d88be93cf9e6d0d	cb6e601e98c11e5da5ab19f4bbb1aafe2c4b7d48a072d1e503379a999ae6196f	cb6e601e98c11e5da5ab19f4bbb1aafe2c4b7d48a072d1e503379a999ae6196f	retain-pristine
src/core/softpc/base/inc/gfirflop.h	base/inc/gfirflop.h	source-or-header	identical-original	not-directly-selected	9e033d9d00afa92aa71b157b043df550f5bb1d62aed97aa8d77e29c46e3372ec	9e033d9d00afa92aa71b157b043df550f5bb1d62aed97aa8d77e29c46e3372ec	45c51e7e9c114eb8345ff12439a9a0970f42c48f54d829585ca8b42dcd4248f8	45c51e7e9c114eb8345ff12439a9a0970f42c48f54d829585ca8b42dcd4248f8	retain-pristine
src/core/softpc/base/inc/gfisflop.h	base/inc/gfisflop.h	source-or-header	identical-original	not-directly-selected	43fc7ed066c97d1c0264e08b6bcb1b3a8445f000d5a2132dcc415ebf1b0c88c4	43fc7ed066c97d1c0264e08b6bcb1b3a8445f000d5a2132dcc415ebf1b0c88c4	b0911871bc72cecd91d764b9dedd2fcfb2805b0273b62e242750913029e011ac	b0911871bc72cecd91d764b9dedd2fcfb2805b0273b62e242750913029e011ac	retain-pristine
src/core/softpc/base/inc/gfitest.h	base/inc/gfitest.h	source-or-header	identical-original	not-directly-selected	a6c81d867eeced198c856c04e95f5606b10281149d22e39a1c6d21083b0cd75a	a6c81d867eeced198c856c04e95f5606b10281149d22e39a1c6d21083b0cd75a	169a1ec5d00306d50a316637d04228908a505354c72c34f091d77a4b41858f86	169a1ec5d00306d50a316637d04228908a505354c72c34f091d77a4b41858f86	retain-pristine
src/core/softpc/base/inc/gfx_upd.h	base/inc/gfx_upd.h	source-or-header	identical-original	not-directly-selected	a8577d81b26da6831e8d5dd496e41ebd40a947c3d641c39c77304d509ba2be61	a8577d81b26da6831e8d5dd496e41ebd40a947c3d641c39c77304d509ba2be61	732b656a21ca1783c1fa76a7d2f14d52afd6cd39f053a6068e4e39b17594b820	732b656a21ca1783c1fa76a7d2f14d52afd6cd39f053a6068e4e39b17594b820	retain-pristine
src/core/softpc/base/inc/gisp_sas.h	base/inc/gisp_sas.h	source-or-header	identical-original	not-directly-selected	2413fd0f1b4a4d9cb0238a4c811d088d2d0d1b0c0eaa423956400bd8256558e3	2413fd0f1b4a4d9cb0238a4c811d088d2d0d1b0c0eaa423956400bd8256558e3	62625cd1f6becd0543c4f06d885c1e1cec679db860b8aef83c8e4b6316888265	62625cd1f6becd0543c4f06d885c1e1cec679db860b8aef83c8e4b6316888265	retain-pristine
src/core/softpc/base/inc/gispsvga.h	base/inc/gispsvga.h	source-or-header	identical-original	not-directly-selected	27cf2b856a23d0fb84e1162959043377dade1414d063349acaf952cf741bf60e	27cf2b856a23d0fb84e1162959043377dade1414d063349acaf952cf741bf60e	66ca5969e4cfc7a293616c7e81d54789e8ab9e99d36e0961fc4625520d95d335	66ca5969e4cfc7a293616c7e81d54789e8ab9e99d36e0961fc4625520d95d335	retain-pristine
src/core/softpc/base/inc/gmi.h	base/inc/gmi.h	source-or-header	direct-original-diff	not-directly-selected	46938dba9605394d6ea95ecff1f566afbdbddbf5190128d9c718ea353ed3606f	828d5e4399c5cc396367373e96c4d6785ac0026f50467176f30a977afe01919a	b2d35025dbe137f7223a9ec9a57094e13cf7951a970d5d260298a13902f07f32	c1069b2d55044d66a29c843068a7b9d0d940fdc057a55dcbb4abfe2faa936541	overlay
src/core/softpc/base/inc/gore.h	base/inc/gore.h	source-or-header	identical-original	not-directly-selected	ef1880d39bc72f79dae1b4a14103e99765cfb78968304142388a83e0ab3049f2	ef1880d39bc72f79dae1b4a14103e99765cfb78968304142388a83e0ab3049f2	87a63b0f5f1cfb502c7bbbcc4266967c7ce885a6dfe3f56886f68fda5225f6f7	87a63b0f5f1cfb502c7bbbcc4266967c7ce885a6dfe3f56886f68fda5225f6f7	retain-pristine
src/core/softpc/base/inc/gvi.h	base/inc/gvi.h	source-or-header	identical-original	not-directly-selected	c4dfbf2bb2d6e8d79e9fd607f6ab50b149a5edb2768b25d2475002e2e9940716	c4dfbf2bb2d6e8d79e9fd607f6ab50b149a5edb2768b25d2475002e2e9940716	9cb09a24256fe3abcd168e43f9d14eb79b9e57f38bf4ffcc38fc6365a811b2b7	9cb09a24256fe3abcd168e43f9d14eb79b9e57f38bf4ffcc38fc6365a811b2b7	retain-pristine
src/core/softpc/base/inc/harness.h	base/inc/harness.h	source-or-header	identical-original	not-directly-selected	8f989d1fb417baf5a51a7eae1c1b0f810876bcded3af3ec801ec051f27ad7a77	8f989d1fb417baf5a51a7eae1c1b0f810876bcded3af3ec801ec051f27ad7a77	29bbc6589da09e101203c6d5d8f9db6e7eb5fa686f7633a7a1d9263564f780f4	29bbc6589da09e101203c6d5d8f9db6e7eb5fa686f7633a7a1d9263564f780f4	retain-pristine
src/core/softpc/base/inc/haw.h	base/inc/haw.h	source-or-header	identical-original	not-directly-selected	e1efd15347a661c2aa26c60c9d125ab6916e931af39faa7f5ef22ec9440a7c5c	e1efd15347a661c2aa26c60c9d125ab6916e931af39faa7f5ef22ec9440a7c5c	da68640fde127fa6585a3b91f105f8287046e0c68700af5f8c130f6e0b615ef8	da68640fde127fa6585a3b91f105f8287046e0c68700af5f8c130f6e0b615ef8	retain-pristine
src/core/softpc/base/inc/herc.h	base/inc/herc.h	source-or-header	identical-original	not-directly-selected	cbe8cf0aa83fd197e97485c9d102b936a20c50dea2bba1f2292ddd035a26769f	cbe8cf0aa83fd197e97485c9d102b936a20c50dea2bba1f2292ddd035a26769f	f2bfe0e5722351acbfc318744d8bd596e7089c8dea5766dda9dbea97532d94db	f2bfe0e5722351acbfc318744d8bd596e7089c8dea5766dda9dbea97532d94db	retain-pristine
src/core/softpc/base/inc/hfx.h	base/inc/hfx.h	source-or-header	identical-original	not-directly-selected	88f2ba15861dbb20e502b88b650c37aa3f5a569368665105b24c11e89b6bb758	88f2ba15861dbb20e502b88b650c37aa3f5a569368665105b24c11e89b6bb758	7e47b029b5baa7b72cbcf178d93a48b0b237a71e0f1ba4fdcc4e8e11bd8b1c37	7e47b029b5baa7b72cbcf178d93a48b0b237a71e0f1ba4fdcc4e8e11bd8b1c37	retain-pristine
src/core/softpc/base/inc/hg_cpu.h	base/inc/hg_cpu.h	source-or-header	identical-original	not-directly-selected	81ae1604f915ac0d7ca8e0ad9a07b0ae280f7b0029edd2260c6cba142276b7a0	81ae1604f915ac0d7ca8e0ad9a07b0ae280f7b0029edd2260c6cba142276b7a0	dde78496d30fbfc357c77e078bc5c6ec1f0394e1583a222d0119899df68d5c26	dde78496d30fbfc357c77e078bc5c6ec1f0394e1583a222d0119899df68d5c26	retain-pristine
src/core/softpc/base/inc/hg_sas.h	base/inc/hg_sas.h	source-or-header	identical-original	not-directly-selected	4198ab0c46fca85740de31d45161981a828ea41842f3928d5cf6cc85ac086bbd	4198ab0c46fca85740de31d45161981a828ea41842f3928d5cf6cc85ac086bbd	17cbdf0b69618aa90e9f8335474bfbcf14c3a1212938b808ea87d9361ad5e72d	17cbdf0b69618aa90e9f8335474bfbcf14c3a1212938b808ea87d9361ad5e72d	retain-pristine
src/core/softpc/base/inc/hg_stat.h	base/inc/hg_stat.h	source-or-header	identical-original	not-directly-selected	b628d6dd29dbf4b1f039f0362922ade1dc1e4588c5271b95f45a7addd080e9ea	b628d6dd29dbf4b1f039f0362922ade1dc1e4588c5271b95f45a7addd080e9ea	f6f7b5d9f7fb83e0cf764b6d1202002e4766d6a3d42fd8b9e99ccd92c3e4200b	f6f7b5d9f7fb83e0cf764b6d1202002e4766d6a3d42fd8b9e99ccd92c3e4200b	retain-pristine
src/core/softpc/base/inc/host.h	base/inc/host.h	source-or-header	direct-original-diff	not-directly-selected	22c1b555e429f3df096b2d18aa6ab66fe9b42495b9f16d307639095ed239cb14	7777d03c1ab2be0f278941a5d0085847c209da5b7984e05fdbcb8aa2885a495b	208f70d210b15b8e6704f839e6fd258349397dadb71576c3c05d8cd1d6cd81d6	6bc7e20dad104382a776432b1602196b3adae5163b0a042f9581c226812a0935	overlay
src/core/softpc/base/inc/host_cfg.h	base/inc/host_cfg.h	source-or-header	identical-original	not-directly-selected	b51660d37cc8249d10c74800eea996836c807e108ba627bbaf799078ae9098f6	b51660d37cc8249d10c74800eea996836c807e108ba627bbaf799078ae9098f6	d0e982cf589385736381051892273468c781e149d532569dfa6dc8066113ae90	d0e982cf589385736381051892273468c781e149d532569dfa6dc8066113ae90	retain-pristine
src/core/softpc/base/inc/host_com.h	base/inc/host_com.h	source-or-header	direct-original-diff	not-directly-selected	a34112dcd19c4645a0eac7ba1c97909bb785710316fdea773754005b66900b41	d7085b215a923dc8df3a9dd44bdc3739d3035ac2fe8978f282b6a3cafd97b68b	0de237ccd4dee47423ba652f637dad5b92b6bada9805c4b37925b6dfe01994e6	43ffe58566ce6882afbb3bc08afc3600599aa89253efbe8333cf48fc2da45611	overlay
src/core/softpc/base/inc/host_fio.h	base/inc/host_fio.h	source-or-header	identical-original	not-directly-selected	28c33ad38e38f45a0b66268b8f4f90c6269f0a0fbf428c78063b6bee2e4af388	28c33ad38e38f45a0b66268b8f4f90c6269f0a0fbf428c78063b6bee2e4af388	ea2d721c1bf7f635cddbb13b1c4d21bb60d8bde11cff4692ff312aba54b48241	ea2d721c1bf7f635cddbb13b1c4d21bb60d8bde11cff4692ff312aba54b48241	retain-pristine
src/core/softpc/base/inc/host_gwi.h	base/inc/host_gwi.h	source-or-header	identical-original	not-directly-selected	aea6e4658c2880f6494b3ea7a2ec81f42f740aadc83e8563d8aa8a7a5433bb67	aea6e4658c2880f6494b3ea7a2ec81f42f740aadc83e8563d8aa8a7a5433bb67	da5972167183e66ae3fa0ed6afb7cdf8c6b0b9b714ff2352e2ab8976958a5764	da5972167183e66ae3fa0ed6afb7cdf8c6b0b9b714ff2352e2ab8976958a5764	retain-pristine
src/core/softpc/base/inc/host_hun.h	base/inc/host_hun.h	source-or-header	identical-original	not-directly-selected	b2ef5f35b0828ada5881db818e59d7578dfa080e2321aa98f0bb6f315aef3936	b2ef5f35b0828ada5881db818e59d7578dfa080e2321aa98f0bb6f315aef3936	a5200ec757566644a651c1c34eadbc452f8c63650b3b8330240a57035f1d128b	a5200ec757566644a651c1c34eadbc452f8c63650b3b8330240a57035f1d128b	retain-pristine
src/core/softpc/base/inc/host_lpt.h	base/inc/host_lpt.h	source-or-header	identical-original	not-directly-selected	8fdfe8fbd8e8dd4a9746a50851410a051f640365e3d59d9ed8024dfb397da820	8fdfe8fbd8e8dd4a9746a50851410a051f640365e3d59d9ed8024dfb397da820	49256e73615c351f020c287ba4d4a8d17849c8a807675902ceb53b94ff8e70c0	49256e73615c351f020c287ba4d4a8d17849c8a807675902ceb53b94ff8e70c0	retain-pristine
src/core/softpc/base/inc/host_msw.h	base/inc/host_msw.h	source-or-header	identical-original	not-directly-selected	cf1ec4ebdc5ea03737bb97c8d0f5d82f52158e02927edb65e0e0eee5f9da4636	cf1ec4ebdc5ea03737bb97c8d0f5d82f52158e02927edb65e0e0eee5f9da4636	59298dd50a515bf00982b26f3bebc28fdb3cf879e5e471a29467af4cd74faacf	59298dd50a515bf00982b26f3bebc28fdb3cf879e5e471a29467af4cd74faacf	retain-pristine
src/core/softpc/base/inc/host_nls.h	base/inc/host_nls.h	source-or-header	identical-original	not-directly-selected	59a01bea1d8b7960f22093a61b4e0b1554393406b339dd182ef5dff5b9e88bfc	59a01bea1d8b7960f22093a61b4e0b1554393406b339dd182ef5dff5b9e88bfc	7c1ea6f8a70ec25be4c6f7075ca1f541a46a76ee0d575c1b69672283cc00c332	7c1ea6f8a70ec25be4c6f7075ca1f541a46a76ee0d575c1b69672283cc00c332	retain-pristine
src/core/softpc/base/inc/host_pth.h	base/inc/host_pth.h	source-or-header	identical-original	not-directly-selected	82a1cb3e1d14f3561f048a82967c5129048146778db3bc79881c28a95df98d95	82a1cb3e1d14f3561f048a82967c5129048146778db3bc79881c28a95df98d95	445fe03338aad7e81c41734549e6d2cbb164b7735f4c5a3dcb43ad24bbb0f1bb	445fe03338aad7e81c41734549e6d2cbb164b7735f4c5a3dcb43ad24bbb0f1bb	retain-pristine
src/core/softpc/base/inc/host_sas.h	base/inc/host_sas.h	source-or-header	identical-original	not-directly-selected	42f3e8b6a7ad9f4628ae35cd133b6747a19b840c0d3ead23d2d1567874c4e717	42f3e8b6a7ad9f4628ae35cd133b6747a19b840c0d3ead23d2d1567874c4e717	373434adf823c6d0513f74b7a45a3de28e42e06759b711fa3e7aa58508f77534	373434adf823c6d0513f74b7a45a3de28e42e06759b711fa3e7aa58508f77534	retain-pristine
src/core/softpc/base/inc/host_sig.h	base/inc/host_sig.h	source-or-header	identical-original	not-directly-selected	c3090a8b6b8f9f270d8d4276b88c4b5157c928a38b27ec79cccef4186d6a108b	c3090a8b6b8f9f270d8d4276b88c4b5157c928a38b27ec79cccef4186d6a108b	592f0301b185f402d12075269a7b2862527b5d26c02173c7c4f3d08274635033	592f0301b185f402d12075269a7b2862527b5d26c02173c7c4f3d08274635033	retain-pristine
src/core/softpc/base/inc/host_str.h	base/inc/host_str.h	source-or-header	identical-original	not-directly-selected	6f4937cffde44e3db9ccf0950fcd13b8a5bcf871cbaca778650853d746294e95	6f4937cffde44e3db9ccf0950fcd13b8a5bcf871cbaca778650853d746294e95	091b9ed085f4d8e5c0bb75aa4da2bac005e846d3f71bbba1a753c49b97a32c32	091b9ed085f4d8e5c0bb75aa4da2bac005e846d3f71bbba1a753c49b97a32c32	retain-pristine
src/core/softpc/base/inc/host_uis.h	base/inc/host_uis.h	source-or-header	identical-original	not-directly-selected	929e79db4ec85a73286a04100c74415091bf7ce3f9ee890e374edeae47c103df	929e79db4ec85a73286a04100c74415091bf7ce3f9ee890e374edeae47c103df	8194b84e2979f5f30c680757538a2386c38b107ad2c731105be9d702d3b88db6	8194b84e2979f5f30c680757538a2386c38b107ad2c731105be9d702d3b88db6	retain-pristine
src/core/softpc/base/inc/hosthunt.h	base/inc/hosthunt.h	source-or-header	identical-original	not-directly-selected	2af5ffe292725c250f8ce2df821b4c8b9996d89958f144dcacd8d405ca633fe2	2af5ffe292725c250f8ce2df821b4c8b9996d89958f144dcacd8d405ca633fe2	0f1b6f3627856a39e316e446179f9c4891548d7a00d4504788b9a62312c4aa9e	0f1b6f3627856a39e316e446179f9c4891548d7a00d4504788b9a62312c4aa9e	retain-pristine
src/core/softpc/base/inc/hunter.h	base/inc/hunter.h	source-or-header	identical-original	not-directly-selected	92958f20ad0e03e8423eb190f0793813e02a752b1820e94aff01049573475edf	92958f20ad0e03e8423eb190f0793813e02a752b1820e94aff01049573475edf	9754994fd0e3148355d8cac7522964304b6e18f25339846c12f5c8e9472053b2	9754994fd0e3148355d8cac7522964304b6e18f25339846c12f5c8e9472053b2	retain-pristine
src/core/softpc/base/inc/hwvga.h	base/inc/hwvga.h	source-or-header	identical-original	not-directly-selected	5230bef1d6b5773f92fa6fe1f4c9d7b19e05c171be1491e9cab52016ab820b72	5230bef1d6b5773f92fa6fe1f4c9d7b19e05c171be1491e9cab52016ab820b72	d4a4ff456f62009e05fc6e38119fa9d6e7f63a5f86a3e51467f9524e74c828b8	d4a4ff456f62009e05fc6e38119fa9d6e7f63a5f86a3e51467f9524e74c828b8	retain-pristine
src/core/softpc/base/inc/ica.h	base/inc/ica.h	source-or-header	direct-original-diff	not-directly-selected	95f20ead3adc6c750f6c84bb01a566ae8058e2f894d193371a708d77c8e57b73	21109fa7e6b8d6a8ecfe8e733a16805829560e218be11e46e5a33dac28820316	b78a8d68837ab8ad871e41af871cbf3cc51183551455425e911d181a0f9e8bc3	d1150951adaf947372595a235e7d0771462b55938c279831cab3d2c091c0bdd1	overlay
src/core/softpc/base/inc/idetect.h	base/inc/idetect.h	source-or-header	identical-original	not-directly-selected	204aa44f2d86e2a38eccbfc0bfbcf838252b101b2b085992cc9fbf744d41b799	204aa44f2d86e2a38eccbfc0bfbcf838252b101b2b085992cc9fbf744d41b799	cf61543bdde4374e5f0f5b6bdb623a9ffd8ea1eb5ac83a4b2ae1a30cf174ab1b	cf61543bdde4374e5f0f5b6bdb623a9ffd8ea1eb5ac83a4b2ae1a30cf174ab1b	retain-pristine
src/core/softpc/base/inc/ios.h	base/inc/ios.h	source-or-header	direct-original-diff	not-directly-selected	744110081367aad78e282fe76f6dcce333b00d4e53d6ff1e63ba319b9f732b3c	ae58169de7aa969000f7cf4374d3d850b55d352c3d4c6edcf52dec0e985620a4	e4754b2578a4521c3a71ece7336cfb526d0d5cc9533c3795b5549390d2b8acdf	13ef65cd3022ac991ec666953c0c5dc172c5288570a700dad4493f3d7fe2f61e	overlay
src/core/softpc/base/inc/ipx.h	base/inc/ipx.h	source-or-header	identical-original	not-directly-selected	617b31c65dc4aa4ba02947eafac27459710c04f609401a6af19c46cea1bb178c	617b31c65dc4aa4ba02947eafac27459710c04f609401a6af19c46cea1bb178c	8efda83fb3d3e778dd9605a13ae5331cb01b29049562e8385e679a4033c0114f	8efda83fb3d3e778dd9605a13ae5331cb01b29049562e8385e679a4033c0114f	retain-pristine
src/core/softpc/base/inc/j_c_lang.h	base/inc/j_c_lang.h	source-or-header	identical-original	not-directly-selected	1c0727f420986a3cde9992af5cf3c4c7b084029f3a3a4c04ad7549e7b01235a4	1c0727f420986a3cde9992af5cf3c4c7b084029f3a3a4c04ad7549e7b01235a4	e2fe73839b66848da13d207c815e1c8d44ddc1a2ba1c35a4d971f568cd383b6b	e2fe73839b66848da13d207c815e1c8d44ddc1a2ba1c35a4d971f568cd383b6b	retain-pristine
src/core/softpc/base/inc/jcgensyn.h	base/inc/jcgensyn.h	source-or-header	identical-original	not-directly-selected	6f207de257898856faa00baf78e381b15303e3ff57900af0ca4f651015cdbe15	6f207de257898856faa00baf78e381b15303e3ff57900af0ca4f651015cdbe15	e886606fd78c6b4700ca769cd5fabc1468f280712d302d42b32a1f266cc81a26	e886606fd78c6b4700ca769cd5fabc1468f280712d302d42b32a1f266cc81a26	retain-pristine
src/core/softpc/base/inc/jformate.h	base/inc/jformate.h	source-or-header	identical-original	not-directly-selected	a3fa4f16ff4f2e96f9f0d03cf69cf24e404ed3b428dda3a3f8466945a651ca5c	a3fa4f16ff4f2e96f9f0d03cf69cf24e404ed3b428dda3a3f8466945a651ca5c	a215a4e98f969fe91f45752ba919010ddc5c8a63db75463adec5332cdb00fb10	a215a4e98f969fe91f45752ba919010ddc5c8a63db75463adec5332cdb00fb10	retain-pristine
src/core/softpc/base/inc/keyba.h	base/inc/keyba.h	source-or-header	normalized-identical-original	not-directly-selected	8db262b08a0355281259a1488c7f1585ecb638ae9472a86614e3e084446b0ded	619a9be301eb3a4ca8632d2f2459413e8285c4796e3de35e20aba2488aa7a0b9	01ef832da45e84515ef8ddf6f84ad1735c7d6ba5ae082e28e88969807d82b483	01ef832da45e84515ef8ddf6f84ad1735c7d6ba5ae082e28e88969807d82b483	retain-pristine
src/core/softpc/base/inc/keyboard.h	base/inc/keyboard.h	source-or-header	identical-original	not-directly-selected	1fe1d02140170eef068a61e8feec7f2e6bafc2d235ca6d2b345f898827f8ad9e	1fe1d02140170eef068a61e8feec7f2e6bafc2d235ca6d2b345f898827f8ad9e	45bf878943fa5a6f6334f69360dfb8cc50fc9fc419c98adde669cd2fd57acab6	45bf878943fa5a6f6334f69360dfb8cc50fc9fc419c98adde669cd2fd57acab6	retain-pristine
src/core/softpc/base/inc/keycaps.h	base/inc/keycaps.h	source-or-header	identical-original	not-directly-selected	aeeafe559ee28ae484897740af13b51de2105e5b17a1d3bae78a01d7bb6514e2	aeeafe559ee28ae484897740af13b51de2105e5b17a1d3bae78a01d7bb6514e2	ee45282808eaf4f9e1a8f087b122a141ed01b7e5861651407508c85ffd09fec1	ee45282808eaf4f9e1a8f087b122a141ed01b7e5861651407508c85ffd09fec1	retain-pristine
src/core/softpc/base/inc/kybdmtx.h	base/inc/kybdmtx.h	source-or-header	identical-original	not-directly-selected	04a7c5cfcbc08fcaef296feb55edcf779d616ba7fd0ab8fc8110ed2442a03c37	04a7c5cfcbc08fcaef296feb55edcf779d616ba7fd0ab8fc8110ed2442a03c37	7826264487816769a23780786c7a00bee7d77faa6485ef028852224519c9a207	7826264487816769a23780786c7a00bee7d77faa6485ef028852224519c9a207	retain-pristine
src/core/softpc/base/inc/lm_attr.h	base/inc/lm_attr.h	source-or-header	identical-original	not-directly-selected	f0daa6a32aff8415e2921b57012752535e40751ac1a88b1f371a82e1ad4763f6	f0daa6a32aff8415e2921b57012752535e40751ac1a88b1f371a82e1ad4763f6	153d8697694a9262cd32c8bcb64b65ae660d9418c7b66c460d1d619183b13232	153d8697694a9262cd32c8bcb64b65ae660d9418c7b66c460d1d619183b13232	retain-pristine
src/core/softpc/base/inc/lm_clien.h	base/inc/lm_clien.h	source-or-header	identical-original	not-directly-selected	dcf42ddb359e55b9368c5d4e4b8f7a4ed075af40e26328b0434e3565406a8c6b	dcf42ddb359e55b9368c5d4e4b8f7a4ed075af40e26328b0434e3565406a8c6b	b7484d6e77b3f1a67b0ca6599af5a64f7bb5967e441af2c3d2e0814b719dc986	b7484d6e77b3f1a67b0ca6599af5a64f7bb5967e441af2c3d2e0814b719dc986	retain-pristine
src/core/softpc/base/inc/lm_code.h	base/inc/lm_code.h	source-or-header	identical-original	not-directly-selected	981cee8585698990b8d7c69f3fd256a01219c2033fa81830c4b6887e33545f2f	981cee8585698990b8d7c69f3fd256a01219c2033fa81830c4b6887e33545f2f	8aad351d1c942b51a3fef955fcb58e08c1e719d39015efe9549a50a59a40afd4	8aad351d1c942b51a3fef955fcb58e08c1e719d39015efe9549a50a59a40afd4	retain-pristine
src/core/softpc/base/inc/loader.h	base/inc/loader.h	source-or-header	identical-original	not-directly-selected	c195ab5835bc1f5fda5d84e4539c9adece36417ffc5663fb5b789f971eb6bae3	c195ab5835bc1f5fda5d84e4539c9adece36417ffc5663fb5b789f971eb6bae3	22101d446a9030f4972e3bb777e61fe2a8014dace3daa1438cba9c8fae9fb5b5	22101d446a9030f4972e3bb777e61fe2a8014dace3daa1438cba9c8fae9fb5b5	retain-pristine
src/core/softpc/base/inc/lock.h	base/inc/lock.h	source-or-header	identical-original	not-directly-selected	bfca88d9c901515a44ea12290d10da19bdbcfb66227cc497aaf78d93950a022d	bfca88d9c901515a44ea12290d10da19bdbcfb66227cc497aaf78d93950a022d	6d9c48ebc190e13018cc3c85db8064425ed3b6d4710dbf592fc81fcf771079e4	6d9c48ebc190e13018cc3c85db8064425ed3b6d4710dbf592fc81fcf771079e4	retain-pristine
src/core/softpc/base/inc/low_intp.h	base/inc/low_intp.h	source-or-header	identical-original	not-directly-selected	71f6bbc11d7020b985a36ae68419ec42f6779b897be564771de00ede350fb644	71f6bbc11d7020b985a36ae68419ec42f6779b897be564771de00ede350fb644	ccc64d4dec705d910978d989adae0450a391c72372525718c938ac7ab4c43304	ccc64d4dec705d910978d989adae0450a391c72372525718c938ac7ab4c43304	retain-pristine
src/core/softpc/base/inc/lq2500.h	base/inc/lq2500.h	source-or-header	identical-original	not-directly-selected	42758f3a5e16744fac7a14a04fa60d4b77467d8d92d8c1ecaadfc3283b02eb5d	42758f3a5e16744fac7a14a04fa60d4b77467d8d92d8c1ecaadfc3283b02eb5d	4da25ddfe0575db2276cc07b46029b308e6a6aa19f366425d3474ea7e1f39aa4	4da25ddfe0575db2276cc07b46029b308e6a6aa19f366425d3474ea7e1f39aa4	retain-pristine
src/core/softpc/base/inc/m_errorp.h	base/inc/m_errorp.h	source-or-header	identical-original	not-directly-selected	ca61755977b972853bda02c4f659554e14efd7b7abab238f0b30e51dbd9b3d66	ca61755977b972853bda02c4f659554e14efd7b7abab238f0b30e51dbd9b3d66	55c5f697cdda03755b07055a3eb3dc59aed868a07909b168cb7b99620ce2df15	55c5f697cdda03755b07055a3eb3dc59aed868a07909b168cb7b99620ce2df15	retain-pristine
src/core/softpc/base/inc/m_fs.h	base/inc/m_fs.h	source-or-header	identical-original	not-directly-selected	b6206bbaab8b425286721c07e1c7082dfdc0e3ff103d7d753420bcb7ef2f398e	b6206bbaab8b425286721c07e1c7082dfdc0e3ff103d7d753420bcb7ef2f398e	11a241a4d45486ef2d532d11b5b8162bc4e3d1519c18f6aebe739deae26028e0	11a241a4d45486ef2d532d11b5b8162bc4e3d1519c18f6aebe739deae26028e0	retain-pristine
src/core/softpc/base/inc/m_keybdp.h	base/inc/m_keybdp.h	source-or-header	identical-original	not-directly-selected	b8d73e0606df03677d2b6ac550bb598e7022085df88ec43d81859b5a3f5f7672	b8d73e0606df03677d2b6ac550bb598e7022085df88ec43d81859b5a3f5f7672	41bab95b408ba445fa3f9fe84b63179858ae71b89b3b441b6e0764c8e18c4edd	41bab95b408ba445fa3f9fe84b63179858ae71b89b3b441b6e0764c8e18c4edd	retain-pristine
src/core/softpc/base/inc/m_lpcmp.h	base/inc/m_lpcmp.h	source-or-header	identical-original	not-directly-selected	157ac9a370fc9c2e7586dbea939d39c6f0ca1ef32f91f1f2a26e441fa9fb4628	157ac9a370fc9c2e7586dbea939d39c6f0ca1ef32f91f1f2a26e441fa9fb4628	82896878eda3d56b53aa84d22a5db1e0954b1a1edca17bec10c873505cbc1d64	82896878eda3d56b53aa84d22a5db1e0954b1a1edca17bec10c873505cbc1d64	retain-pristine
src/core/softpc/base/inc/make_dis.h	base/inc/make_dis.h	source-or-header	identical-original	not-directly-selected	aa42e79db75fcda7b0971580a86c095bf8aa49bf13e8ce6acad98f24ca9c4aa6	aa42e79db75fcda7b0971580a86c095bf8aa49bf13e8ce6acad98f24ca9c4aa6	c18fecf8bfec7e40f63f45d537df9c89222e71d85d7cfbb1cff93f5f000d39d0	c18fecf8bfec7e40f63f45d537df9c89222e71d85d7cfbb1cff93f5f000d39d0	retain-pristine
src/core/softpc/base/inc/mark_ima.h	base/inc/mark_ima.h	source-or-header	identical-original	not-directly-selected	9af24af31e9c5da70bb8c25fe0aca758815fa186c185282e754535839b6e80f8	9af24af31e9c5da70bb8c25fe0aca758815fa186c185282e754535839b6e80f8	4ea2688356f23079f0241e1f47ce4e323cc5dfb9553f0df0d9a712aac57479d9	4ea2688356f23079f0241e1f47ce4e323cc5dfb9553f0df0d9a712aac57479d9	retain-pristine
src/core/softpc/base/inc/mda.h	base/inc/mda.h	source-or-header	identical-original	not-directly-selected	751acb35ec7364ee370077bc909c6a4cf2d4472d18e3259e29f43c7665079a52	751acb35ec7364ee370077bc909c6a4cf2d4472d18e3259e29f43c7665079a52	b8bb5efcfb5081c03141a5f5885cba1efb651e4bace139d89b8564d88a1811d7	b8bb5efcfb5081c03141a5f5885cba1efb651e4bace139d89b8564d88a1811d7	retain-pristine
src/core/softpc/base/inc/mouse.h	base/inc/mouse.h	source-or-header	identical-original	not-directly-selected	f63c726698057991eeff3b172c4b4bdd7e5948e00bffe15782c37293a21132ce	f63c726698057991eeff3b172c4b4bdd7e5948e00bffe15782c37293a21132ce	fd72231359fdc73b36fc5c2232373a785be3211c2bcf0cd7e8808e8a3cc45eab	fd72231359fdc73b36fc5c2232373a785be3211c2bcf0cd7e8808e8a3cc45eab	retain-pristine
src/core/softpc/base/inc/mouse_io.h	base/inc/mouse_io.h	source-or-header	identical-original	not-directly-selected	6387d3317faaa0ab35c3652abc52283601a996bcb0f3019234a2cdb246a6662a	6387d3317faaa0ab35c3652abc52283601a996bcb0f3019234a2cdb246a6662a	4bb16f7cf26925dab3471b25e4f845b0f529a56a821d5b37d12fef3f45589e3c	4bb16f7cf26925dab3471b25e4f845b0f529a56a821d5b37d12fef3f45589e3c	retain-pristine
src/core/softpc/base/inc/mouse16b.h	base/inc/mouse16b.h	source-or-header	identical-original	not-directly-selected	ef535eea17068630110026351373b0e5514ae2464a92474633dbe8140318b250	ef535eea17068630110026351373b0e5514ae2464a92474633dbe8140318b250	30569c98783db9e3eaa37bac25d03a0e9f0021ea3bf44a359a889356fb1af382	30569c98783db9e3eaa37bac25d03a0e9f0021ea3bf44a359a889356fb1af382	retain-pristine
src/core/softpc/base/inc/ms_windo.h	base/inc/ms_windo.h	source-or-header	identical-original	not-directly-selected	f76510e61219069b0864434a6920a8639c4f7d2905d0ab9df22e0663ed27e52d	f76510e61219069b0864434a6920a8639c4f7d2905d0ab9df22e0663ed27e52d	c07a56045911abc00f113d597094774b52f8ee94b9c937a8d8e7d75105a73ecc	c07a56045911abc00f113d597094774b52f8ee94b9c937a8d8e7d75105a73ecc	retain-pristine
src/core/softpc/base/inc/msw_dbg.h	base/inc/msw_dbg.h	source-or-header	identical-original	not-directly-selected	3726b678c5bd4e98484c423b685b178d28c074625ce1de934d946f07021848e7	3726b678c5bd4e98484c423b685b178d28c074625ce1de934d946f07021848e7	147133fd311320a2f802986db8705a6108d07fdefc706405f855aa8ffcfb2be0	147133fd311320a2f802986db8705a6108d07fdefc706405f855aa8ffcfb2be0	retain-pristine
src/core/softpc/base/inc/msw_keyb.h	base/inc/msw_keyb.h	source-or-header	identical-original	not-directly-selected	e39f2af151f2f67f17610d2834254a3cf7063f51ed6faf3e90c25ef799847785	e39f2af151f2f67f17610d2834254a3cf7063f51ed6faf3e90c25ef799847785	95920352a71114798f9e1ac5b696c6bffcba68e6b67b190f5b5a080e1ad7213b	95920352a71114798f9e1ac5b696c6bffcba68e6b67b190f5b5a080e1ad7213b	retain-pristine
src/core/softpc/base/inc/msw_snd.h	base/inc/msw_snd.h	source-or-header	identical-original	not-directly-selected	3cb956d90427a1212e64c08bee246cf11c261545d5ac2d7f5764a8d7d27fb7dc	3cb956d90427a1212e64c08bee246cf11c261545d5ac2d7f5764a8d7d27fb7dc	f8ea23f7cbebbdf74dfec04df9e784d274622c933dc20c9481e567121d34ab90	f8ea23f7cbebbdf74dfec04df9e784d274622c933dc20c9481e567121d34ab90	retain-pristine
src/core/softpc/base/inc/novell.h	base/inc/novell.h	source-or-header	identical-original	not-directly-selected	4fb1d6008cbaea0c3b36985743ec00bbf0441fa3aeea1fbefb17c6a598a0bcbf	4fb1d6008cbaea0c3b36985743ec00bbf0441fa3aeea1fbefb17c6a598a0bcbf	e9dca62110a7c0a020fd1e8f76d6aeda70f1ab47a4dfc5fa741b69201b666926	e9dca62110a7c0a020fd1e8f76d6aeda70f1ab47a4dfc5fa741b69201b666926	retain-pristine
src/core/softpc/base/inc/ppi.h	base/inc/ppi.h	source-or-header	identical-original	not-directly-selected	7967ae65e76cb00e58f350e87cd115b6ed7a97c81ff96e3b528f9740d3378612	7967ae65e76cb00e58f350e87cd115b6ed7a97c81ff96e3b528f9740d3378612	0c6435f03a41c668e8d0f7c19f4d8a495208d7c91972284c8a702b21b429e39b	0c6435f03a41c668e8d0f7c19f4d8a495208d7c91972284c8a702b21b429e39b	retain-pristine
src/core/softpc/base/inc/printer.h	base/inc/printer.h	source-or-header	identical-original	not-directly-selected	c4c064dd442805e2942a799d8c90b46d6f26e4fbe5bba58799f53bbbebb42092	c4c064dd442805e2942a799d8c90b46d6f26e4fbe5bba58799f53bbbebb42092	8576edd34f1c8c382ce9a50052303e9997040f73c74ed6cc33c171ca96626f35	8576edd34f1c8c382ce9a50052303e9997040f73c74ed6cc33c171ca96626f35	retain-pristine
src/core/softpc/base/inc/profile.h	base/inc/profile.h	source-or-header	identical-original	not-directly-selected	67a8fc100d29da9b908f2fb4f8b437963bb64193732279a6c31751895e86d14d	67a8fc100d29da9b908f2fb4f8b437963bb64193732279a6c31751895e86d14d	d492594dd4956967621122d73c39f6e79b283038ea0aa669e426188391bb3a87	d492594dd4956967621122d73c39f6e79b283038ea0aa669e426188391bb3a87	retain-pristine
src/core/softpc/base/inc/quick_ev.h	base/inc/quick_ev.h	source-or-header	identical-original	not-directly-selected	c59fec315058b2cc03394d02d9c3756350357f7eb8cb48a541e56aae1b7939a2	c59fec315058b2cc03394d02d9c3756350357f7eb8cb48a541e56aae1b7939a2	f4ed45b1e75bc32a7f19191b48de63799e7177ac2785dd4f2da59e35d37c40a9	f4ed45b1e75bc32a7f19191b48de63799e7177ac2785dd4f2da59e35d37c40a9	retain-pristine
src/core/softpc/base/inc/rom.h	base/inc/rom.h	source-or-header	identical-original	not-directly-selected	2075310f9ca8a1a94d9606cd79af36328615412b6912e17f50e2b46081685a5a	2075310f9ca8a1a94d9606cd79af36328615412b6912e17f50e2b46081685a5a	76922cc1a7c066a69310ccbf09984ff921ac1e47ac2f5ef23cfaf29282cf5c7f	76922cc1a7c066a69310ccbf09984ff921ac1e47ac2f5ef23cfaf29282cf5c7f	retain-pristine
src/core/softpc/base/inc/rommap.h	base/inc/rommap.h	source-or-header	identical-original	not-directly-selected	b3e37f197c8bf67333bc72ea5035dcc529d714330ece237abdf0bc06a1152105	b3e37f197c8bf67333bc72ea5035dcc529d714330ece237abdf0bc06a1152105	a8541506a6bab27492879b4bd59883ccd00d11f1dedbc916f458fa25bf2631c7	a8541506a6bab27492879b4bd59883ccd00d11f1dedbc916f458fa25bf2631c7	retain-pristine
src/core/softpc/base/inc/rs232.h	base/inc/rs232.h	source-or-header	identical-original	not-directly-selected	80ddf84cdde4d7e5544210a489a103b2850a38f9f3a285199eb07ac8de4e7779	80ddf84cdde4d7e5544210a489a103b2850a38f9f3a285199eb07ac8de4e7779	2b5fa0a5a43a469badcb5ee5c02cf26f211f3f42497b22a84e02838d7b5fc844	2b5fa0a5a43a469badcb5ee5c02cf26f211f3f42497b22a84e02838d7b5fc844	retain-pristine
src/core/softpc/base/inc/rtc_bios.h	base/inc/rtc_bios.h	source-or-header	identical-original	not-directly-selected	ef200bc2174e6bda4010095c1e7615e55a57eeaaa6a7f37f2484afa435414f13	ef200bc2174e6bda4010095c1e7615e55a57eeaaa6a7f37f2484afa435414f13	8d3c042f83e3754de16d88302f1edaea79ee1e87db4273f69492329622ee5939	8d3c042f83e3754de16d88302f1edaea79ee1e87db4273f69492329622ee5939	retain-pristine
src/core/softpc/base/inc/sas.h	base/inc/sas.h	source-or-header	identical-original	literal-reference	63832958d3a6b9ef2f9f209e5ada4af8067fab3b5cdb6f317c5663cbd2b5f2ef	63832958d3a6b9ef2f9f209e5ada4af8067fab3b5cdb6f317c5663cbd2b5f2ef	bb3448626c9e45edb2642cb1b399cc921408d618336fd5d673b0127bb321b2f1	bb3448626c9e45edb2642cb1b399cc921408d618336fd5d673b0127bb321b2f1	retain-pristine
src/core/softpc/base/inc/sasp.h	base/inc/sasp.h	source-or-header	identical-original	not-directly-selected	a13cd318423c15af70ffdfcda84aa0ee9abbcc691fa921d8d06fbf0e0a329ec3	a13cd318423c15af70ffdfcda84aa0ee9abbcc691fa921d8d06fbf0e0a329ec3	3ae99fc5a1e47a67f6d4c6327a0d3e3306861c444cafbff65537c6665e36de3a	3ae99fc5a1e47a67f6d4c6327a0d3e3306861c444cafbff65537c6665e36de3a	retain-pristine
src/core/softpc/base/inc/smeg.h	base/inc/smeg.h	source-or-header	identical-original	not-directly-selected	2e0bca83b80f59054c6bec10ebe391dc47cf19573426dc3253494ec427266b7e	2e0bca83b80f59054c6bec10ebe391dc47cf19573426dc3253494ec427266b7e	e39153b4f406836a9dc964b3eba6b2ea10b03527d29f37e2a6ca67266fcd4a96	e39153b4f406836a9dc964b3eba6b2ea10b03527d29f37e2a6ca67266fcd4a96	retain-pristine
src/core/softpc/base/inc/smeg_hea.h	base/inc/smeg_hea.h	source-or-header	identical-original	not-directly-selected	ca784c2c076245462181acb61ad44dd89e92d26beef4227864152a50f9d5a47d	ca784c2c076245462181acb61ad44dd89e92d26beef4227864152a50f9d5a47d	cf79c088ab4240778739b2f3266f5e3cabfc368b504de34f55a5cd167ea07c59	cf79c088ab4240778739b2f3266f5e3cabfc368b504de34f55a5cd167ea07c59	retain-pristine
src/core/softpc/base/inc/spc_icon.h	base/inc/spc_icon.h	source-or-header	identical-original	not-directly-selected	0f49f06c62860a0d5d9b0c645d148cf00416c341c3c82a7ec307349657781eea	0f49f06c62860a0d5d9b0c645d148cf00416c341c3c82a7ec307349657781eea	eb9824280f977634e9d36658355dcddeb87a8ec2d28ef981a5adfc1370cef86f	eb9824280f977634e9d36658355dcddeb87a8ec2d28ef981a5adfc1370cef86f	retain-pristine
src/core/softpc/base/inc/spcfile.h	base/inc/spcfile.h	source-or-header	identical-original	not-directly-selected	d32402dd60e995f0c73fbe683a63ebbeda98de12d4935a901ade70665f0dacfd	d32402dd60e995f0c73fbe683a63ebbeda98de12d4935a901ade70665f0dacfd	1d274c21fd2547f1d8676b40370eeda6f2aa149c883f3a2a59c6d0fe038a2e7e	1d274c21fd2547f1d8676b40370eeda6f2aa149c883f3a2a59c6d0fe038a2e7e	retain-pristine
src/core/softpc/base/inc/standard.h	base/inc/standard.h	source-or-header	identical-original	not-directly-selected	576b4d5683e7801ecfa16643436a993e97d8855b4473a79b59700dbc28996335	576b4d5683e7801ecfa16643436a993e97d8855b4473a79b59700dbc28996335	81b9ae6ff8d639e56c68876b2bc75d4c9deb413abe6e8a43583a9a67b7202775	81b9ae6ff8d639e56c68876b2bc75d4c9deb413abe6e8a43583a9a67b7202775	retain-pristine
src/core/softpc/base/inc/suplib.h	base/inc/suplib.h	source-or-header	identical-original	not-directly-selected	012bcdd28b9d105a6d4bf9c01bbdfa8ccf855910cb00119ba7b1c45884237f7f	012bcdd28b9d105a6d4bf9c01bbdfa8ccf855910cb00119ba7b1c45884237f7f	c646871b5be5c056a753e9f792fdcda96cf070db15eadf1749598d1786628679	c646871b5be5c056a753e9f792fdcda96cf070db15eadf1749598d1786628679	retain-pristine
src/core/softpc/base/inc/swinhelp.h	base/inc/swinhelp.h	source-or-header	identical-original	not-directly-selected	df7d0d15f908e554d41a119ef947a744861ae5b29fec9b4204eea687f9743717	df7d0d15f908e554d41a119ef947a744861ae5b29fec9b4204eea687f9743717	e53d7af93116de63c7b9564a905288d47b815de2013e5c2cbde3aa8fd10f7c10	e53d7af93116de63c7b9564a905288d47b815de2013e5c2cbde3aa8fd10f7c10	retain-pristine
src/core/softpc/base/inc/swinmgre.h	base/inc/swinmgre.h	source-or-header	identical-original	not-directly-selected	303ca6566369a686647b246c859b4aa39260acefd9da38ae00cf28396e3e93fe	303ca6566369a686647b246c859b4aa39260acefd9da38ae00cf28396e3e93fe	252caa7b094d70b032db09df90901fde060e9dc5e366b2ab7f47166d7c014830	252caa7b094d70b032db09df90901fde060e9dc5e366b2ab7f47166d7c014830	retain-pristine
src/core/softpc/base/inc/tape_io.h	base/inc/tape_io.h	source-or-header	normalized-identical-original	not-directly-selected	c8862baa49e785f1a1d71b52ea63006b8d4debadb1cd7bff2e040391381b3f44	cca3e19561b62ecebe674f180faf6d0760f581433563e84711dc742d871fb309	f1588d5b4974b82b80fe60cad21da2bc7595f879069116f4098c6ac960349798	f1588d5b4974b82b80fe60cad21da2bc7595f879069116f4098c6ac960349798	retain-pristine
src/core/softpc/base/inc/tcpip.h	base/inc/tcpip.h	source-or-header	identical-original	not-directly-selected	240f9fbcc78213f7e3dc458013a096a4c2f0768e05d8f34808e5610a7e38bfb1	240f9fbcc78213f7e3dc458013a096a4c2f0768e05d8f34808e5610a7e38bfb1	fb9312cd7237f4e970af13207fb8091184f29561a56147dd00b60111732360a1	fb9312cd7237f4e970af13207fb8091184f29561a56147dd00b60111732360a1	retain-pristine
src/core/softpc/base/inc/timer.h	base/inc/timer.h	source-or-header	identical-original	not-directly-selected	b5704cc3ec76cd4dc010eeecc07e4c78ff76428266f6719cf34a65c9dd4b1f2d	b5704cc3ec76cd4dc010eeecc07e4c78ff76428266f6719cf34a65c9dd4b1f2d	c8bb142bbcae4ef0c37a8ddf0a01f691a6f5f546f723e753aad9cb84f91d36a5	c8bb142bbcae4ef0c37a8ddf0a01f691a6f5f546f723e753aad9cb84f91d36a5	retain-pristine
src/core/softpc/base/inc/timestmp.h	base/inc/timestmp.h	source-or-header	identical-original	not-directly-selected	b7f26a48bc185445a4a30bdc3cc3db597dc706b0148b34ea97be7f29c273edf1	b7f26a48bc185445a4a30bdc3cc3db597dc706b0148b34ea97be7f29c273edf1	96e8c93e4b307b9563a047db6b83157357f12d306dedcffe3a122b57744f1ca6	96e8c93e4b307b9563a047db6b83157357f12d306dedcffe3a122b57744f1ca6	retain-pristine
src/core/softpc/base/inc/timeval.h	base/inc/timeval.h	source-or-header	direct-original-diff	not-directly-selected	3d90a9a8adeb52ca732719d24de473e4eb3dca98e5366ecfe67f277117659edc	49ab8b88c971a9da3d0cadc974f04f6c329aef23c25efd8bfd7e3d50b1a8dfc0	fd225a26f09127b3fd6db3903e8a0943210b08bad2bd542ca1380cef1dc00bfd	2d88a0229acd5543381635c5fbae426479937b89942feecb57d6842b1efdbca3	overlay
src/core/softpc/base/inc/tmstrobe.h	base/inc/tmstrobe.h	source-or-header	identical-original	not-directly-selected	218c4f4841da5180d2140c1179a555dd4b33bdfebf04fe76b3a0f245e17f6ca4	218c4f4841da5180d2140c1179a555dd4b33bdfebf04fe76b3a0f245e17f6ca4	2b99573f9cd664c59a0a787aecc5a9fd2b2d00ae873a288ee1d90c0358cfc627	2b99573f9cd664c59a0a787aecc5a9fd2b2d00ae873a288ee1d90c0358cfc627	retain-pristine
src/core/softpc/base/inc/trace.h	base/inc/trace.h	source-or-header	identical-original	not-directly-selected	d70092a47d833c0ec3d859ebe7963feb374f5f0abb9288a03f9ffea7198b275f	d70092a47d833c0ec3d859ebe7963feb374f5f0abb9288a03f9ffea7198b275f	eee84bbf69eb651a4a3e2e94b375ba9b7a0fabdfa7cd2008a4a3743c05cb3413	eee84bbf69eb651a4a3e2e94b375ba9b7a0fabdfa7cd2008a4a3743c05cb3413	retain-pristine
src/core/softpc/base/inc/tredltr.h	base/inc/tredltr.h	source-or-header	identical-original	not-directly-selected	0fac7a13402da75950b2f701e3700442cf21a2fc73686301566ed3f9035fc952	0fac7a13402da75950b2f701e3700442cf21a2fc73686301566ed3f9035fc952	af639e28ffdc135c75770301ecf4b7d58b6faa56474000a2873da95fe813b042	af639e28ffdc135c75770301ecf4b7d58b6faa56474000a2873da95fe813b042	retain-pristine
src/core/softpc/base/inc/umb.h	base/inc/umb.h	source-or-header	identical-original	not-directly-selected	2461d7f74c3317a98d1456c238ad2f14bcdb2cbcd189d39836f24a353893e4b3	2461d7f74c3317a98d1456c238ad2f14bcdb2cbcd189d39836f24a353893e4b3	ebfc4f09689a3b6959028dcd3faf9fb04a01a3b8f6e55e13fa4119a16054b352	ebfc4f09689a3b6959028dcd3faf9fb04a01a3b8f6e55e13fa4119a16054b352	retain-pristine
src/core/softpc/base/inc/unix_asy.h	base/inc/unix_asy.h	source-or-header	identical-original	not-directly-selected	ef87c2c6eb2300a4339846a80334687828fd184b20a274f568f87446157dbfc0	ef87c2c6eb2300a4339846a80334687828fd184b20a274f568f87446157dbfc0	7d34e29a6d8cbca2b49620d9cb0ac3c0b76f40bb1744451f8271f8b242247dcc	7d34e29a6d8cbca2b49620d9cb0ac3c0b76f40bb1744451f8271f8b242247dcc	retain-pristine
src/core/softpc/base/inc/unix_cnf.h	base/inc/unix_cnf.h	source-or-header	identical-original	not-directly-selected	1db2d689864893264a6c40445525840a6047213caea4945a646fc59cc41d9019	1db2d689864893264a6c40445525840a6047213caea4945a646fc59cc41d9019	67d374675a8cefe598ede29d760ac06541c3bad0e012f466d5bbe88aa049f00a	67d374675a8cefe598ede29d760ac06541c3bad0e012f466d5bbe88aa049f00a	retain-pristine
src/core/softpc/base/inc/unix_loc.h	base/inc/unix_loc.h	source-or-header	identical-original	not-directly-selected	3bd6197388c1ef0ba79b9c44b5bc8b064d3f105234f8179682d4f41eda9187cd	3bd6197388c1ef0ba79b9c44b5bc8b064d3f105234f8179682d4f41eda9187cd	d1e7fc8462843d8074ea9a65b7bbe2780a461269340f3bffc50c17bd1f21bd27	d1e7fc8462843d8074ea9a65b7bbe2780a461269340f3bffc50c17bd1f21bd27	retain-pristine
src/core/softpc/base/inc/vga_dac.h	base/inc/vga_dac.h	source-or-header	identical-original	not-directly-selected	a747934a6f6257d470ecfdc8a4808f6f11cac2cc96b0bd6e9be75facd327b5c3	a747934a6f6257d470ecfdc8a4808f6f11cac2cc96b0bd6e9be75facd327b5c3	8917e6e7a088e58c99258c33ebc40cd95e016f870c7b044fbfb8d896c06b739b	8917e6e7a088e58c99258c33ebc40cd95e016f870c7b044fbfb8d896c06b739b	retain-pristine
src/core/softpc/base/inc/vgaports.h	base/inc/vgaports.h	source-or-header	identical-original	not-directly-selected	7d2c9ceadd144ea014757549ab83e8ff8e28b6e92c11f0cd379119d07c0bd2f2	7d2c9ceadd144ea014757549ab83e8ff8e28b6e92c11f0cd379119d07c0bd2f2	cc9acfbcbba3f711c1c8c2ceb864c29c5fcadc76ad0b6bb95fc2c5f808e41835	cc9acfbcbba3f711c1c8c2ceb864c29c5fcadc76ad0b6bb95fc2c5f808e41835	retain-pristine
src/core/softpc/base/inc/vgastate.h	base/inc/vgastate.h	source-or-header	identical-original	not-directly-selected	bfff3b82a50c1ac89d1beb0195cffd7e4fb82a90715c25d279fd8aa8bd77580c	bfff3b82a50c1ac89d1beb0195cffd7e4fb82a90715c25d279fd8aa8bd77580c	2045e9058bcf51fdff78d8f14f8690481d9494f851995d4e4852d33ffcb76f80	2045e9058bcf51fdff78d8f14f8690481d9494f851995d4e4852d33ffcb76f80	retain-pristine
src/core/softpc/base/inc/video.h	base/inc/video.h	source-or-header	direct-original-diff	not-directly-selected	d4bf39287e40c244561b61f2ce2aecde4dd25a39db7a37b8eb18609ebc7570d1	3e701855e34a3ba9834c84ab39da5350ff375195aacea0d79692fba24e2b1059	7105f3de288fc2467a8e1db080e80fd22c4edad30dc670d0c2c856428d9df240	ae4213d0145a4595b15a5261f77bbcf5d1b51a1ec98a02b13d4ac0acca355955	overlay
src/core/softpc/base/inc/virtual.h	base/inc/virtual.h	source-or-header	identical-original	not-directly-selected	d4576f40b4c22a3f83bbb76cd07db800275c0c61154983966b67ea3aafbba976	d4576f40b4c22a3f83bbb76cd07db800275c0c61154983966b67ea3aafbba976	c5ca313c272d03121cec8ed52c58cc16e89840fb6cf31ad78c05c13d1f332bfd	c5ca313c272d03121cec8ed52c58cc16e89840fb6cf31ad78c05c13d1f332bfd	retain-pristine
src/core/softpc/base/inc/winfiles.h	base/inc/winfiles.h	source-or-header	identical-original	not-directly-selected	f307fc3f4039b70639a9403ff07bfc8c44a1d14baac5df8f51ce7ab69d27a4b7	f307fc3f4039b70639a9403ff07bfc8c44a1d14baac5df8f51ce7ab69d27a4b7	5b3592e913206a384bde3bcfafdc1e09f86cccdc0204467784e6249a7547235c	5b3592e913206a384bde3bcfafdc1e09f86cccdc0204467784e6249a7547235c	retain-pristine
src/core/softpc/base/inc/winhelp.h	base/inc/winhelp.h	source-or-header	identical-original	not-directly-selected	8ef3d5e1f7848239ea7c45eea43098088a78a632d7803ca86c299cd553ae81d6	8ef3d5e1f7848239ea7c45eea43098088a78a632d7803ca86c299cd553ae81d6	3f1ab9e7d1f679ca60cf9e9b4d3296d540656cd7996312341d6e7dae75ca9924	3f1ab9e7d1f679ca60cf9e9b4d3296d540656cd7996312341d6e7dae75ca9924	retain-pristine
src/core/softpc/base/inc/worm.h	base/inc/worm.h	source-or-header	identical-original	not-directly-selected	d49a3112a511c092090753bf4b65c714785a049f09f312f0a78006a91531dc61	d49a3112a511c092090753bf4b65c714785a049f09f312f0a78006a91531dc61	75d8c0ac9e40c830efd9a11675e3c54fc074d86c762ed83eb614b20e997fd52b	75d8c0ac9e40c830efd9a11675e3c54fc074d86c762ed83eb614b20e997fd52b	retain-pristine
src/core/softpc/base/inc/xt.h	base/inc/xt.h	source-or-header	identical-original	not-directly-selected	c5b376f59d45ddb6ca36aa66e96e095203a261b125bd6a34247d6c88e98cb111	c5b376f59d45ddb6ca36aa66e96e095203a261b125bd6a34247d6c88e98cb111	c2c8940ea4302b04135964a014bbea866510988d44d31670bc9a7358738c321d	c2c8940ea4302b04135964a014bbea866510988d44d31670bc9a7358738c321d	retain-pristine
src/core/softpc/base/inc/yoda.h	base/inc/yoda.h	source-or-header	identical-original	not-directly-selected	9488860e836e9b4fb17ec69558bc65ce1a8afb99286f62e6092759c959569fc1	9488860e836e9b4fb17ec69558bc65ce1a8afb99286f62e6092759c959569fc1	7aefb9345ac1a7a46b30229293f6cb88db6277c160a065cde5860cb7ce86d82e	7aefb9345ac1a7a46b30229293f6cb88db6277c160a065cde5860cb7ce86d82e	retain-pristine
src/core/softpc/base/keymouse/keyba.c	base/keymouse/keyba.c	source-or-header	direct-original-diff	literal-reference	939e69dc64e217311e61bd8baeb80190e90f30c94630395bf372e8d37c5d830e	d3326210be154866924ca99f1e44e0a76e9a912e15975305804f6b59c4cf7953	a6dd36278f9d955cdf32a1c94ccedb30bc0f7fad74458d46b5408eb99a7d0fef	258aba649eae1c5bee1a980325edc3595c3c562e2309ed0e73a95b0c136bc528	overlay
src/core/softpc/base/keymouse/keybd_io.c	base/keymouse/keybd_io.c	source-or-header	direct-original-diff	literal-reference	f4f5b2043e03361855e52f82958cb5238e0a2137f1b3b2d58c2c6e57203cefcc	c17523f12f895eb144b38692f4d91dc97d539106a8d3e4b8cf23bc4338cd4896	c833bcbc0ad19e1cf99291e37978150881b73767e8fd9cd17cc331f77267b5b9	7b14f4a0e487ab40e0239d05681cda57a4104369e5534bb11edafc18280b15bd	overlay
src/core/softpc/base/keymouse/mouse.c	base/keymouse/mouse.c	source-or-header	direct-original-diff	literal-reference	b82f2938ce401d31e1c85358ce43581c3b47ed2c2fa9ee2b88da726605dbe5e7	2d196d9f0c1ef860436d8eb47c01820913a1164dd1b32e3bd518226653476785	b3e7dd79b6a51507b257bdf410a60b552e90f77adf0e7364f116314f3111cda8	49538d63292751443752abe7e0001c33e9a52e9d2d9f719ee0e7db0ba5808254	overlay
src/core/softpc/base/keymouse/mouse_io.c	base/keymouse/mouse_io.c	source-or-header	direct-original-diff	literal-reference	9bb6affd233e1fed0931edb0532d7c9bd7013d91c5e381f76da9048911a5cab5	1aa3cbd915eb31fa37d4a0b7e0310f77612d39c45d3f552b78ca68b3ce9a3439	7ceec21f21940667752aad7623bb12ac262e1b674b00f1e581174094673a5a24	c21222d2910f14d04176e7b16b24cd17d9a686ea09dddbd30851ceddd615d5d4	overlay
src/core/softpc/base/keymouse/ppi.c	base/keymouse/ppi.c	source-or-header	normalized-identical-original	literal-reference	955ae7254b82117ec60b2f60c30de6a633759c499d0cdfaed8979584956a4d1d	367cceaa88345e16b2e138faef9addd441da2cd39f95ea3ab6c359651bd8ebf5	88164cd475ef0e5f82754884827546df2109506bcb6615c3fb86dac227d1b083	88164cd475ef0e5f82754884827546df2109506bcb6615c3fb86dac227d1b083	retain-pristine
src/core/softpc/base/support/get_env.c	base/support/get_env.c	source-or-header	identical-original	not-directly-selected	7e0fc5e63e423a6bfc0f29e871d55c60d95cc1319f621571317b8f5a73433a2f	7e0fc5e63e423a6bfc0f29e871d55c60d95cc1319f621571317b8f5a73433a2f	fdb9b32b56a7ec0d9f5afc3711f243bf2809916573af7d36681a4eff2a886445	fdb9b32b56a7ec0d9f5afc3711f243bf2809916573af7d36681a4eff2a886445	retain-pristine
src/core/softpc/base/support/ios.c	base/support/ios.c	source-or-header	direct-original-diff	literal-reference	2a18700133128cb32406241c6cf6330c6370bc719e046bde108420b0e0ff6870	e4f39908ff9534adde52e46def732a93790ac48f2bb481590622c537c2f3b205	fd7090724013eade9b9993610a4da637054accabe747c259760fdc1287bba079	86a9903f9c36707554aaf30276bb83ebfe25ee4d6fc1828aa022e6495f8fa32a	overlay
src/core/softpc/base/support/main.c	base/support/main.c	source-or-header	direct-original-diff	not-directly-selected	cf71b4b4ea4a27853e09435919178de0aef76a5fa2ee6af7df267d4524faed46	5dfdca835f1ca6fddf07826f2b4aa9e25f4c8bd0ceef21b2dce9884de721376c	f20b99fb56ccf9688145ac6de5c6e312157ab03b7e8149589efb2d5fca5c25d3	418fbeb6fa7b1db4b82be3a931330179bd6792e5e2f1c312f2261fd736fe60c5	overlay
src/core/softpc/base/support/makefile	base/support/makefile	source-or-header	identical-original	not-directly-selected	26957856e8a7f42a1740419cf3451497129f1d8284301d42f1a89ee13dd5a459	26957856e8a7f42a1740419cf3451497129f1d8284301d42f1a89ee13dd5a459	c2bb9c1032d59215b0fd01949e38d746a3d41d978f9dc727b3b20ac847ea64c2	c2bb9c1032d59215b0fd01949e38d746a3d41d978f9dc727b3b20ac847ea64c2	retain-pristine
src/core/softpc/base/support/obj/_objects.mac	base/support/obj/_objects.mac	resource-or-build-input	identical-original	not-directly-selected	d3629b2c942df8fbe859ecf2586011b9ef77dc64d06ff8d2c0b91fbf545aff26	d3629b2c942df8fbe859ecf2586011b9ef77dc64d06ff8d2c0b91fbf545aff26	ee8c58b06b75cad8ef8942dbbc9d5890e6b470f9bfcb1bc30b7ec31db47b72c6	ee8c58b06b75cad8ef8942dbbc9d5890e6b470f9bfcb1bc30b7ec31db47b72c6	retain-pristine
src/core/softpc/base/support/sources	base/support/sources	source-or-header	identical-original	not-directly-selected	5824d89a2d721a3ad89160f3868d1d1edab53e05038adbfcd58f1c607e70e065	5824d89a2d721a3ad89160f3868d1d1edab53e05038adbfcd58f1c607e70e065	bc4b2db14c86d6ab312ff56a9a4c576a4a26b79d481dad43ad7360ba3eccf1d3	bc4b2db14c86d6ab312ff56a9a4c576a4a26b79d481dad43ad7360ba3eccf1d3	retain-pristine
src/core/softpc/base/support/terminat.c	base/support/terminat.c	source-or-header	identical-original	not-directly-selected	b085166424614a154a41f794bf3505f50a77a2ea60338bcefcb845be8e092e53	b085166424614a154a41f794bf3505f50a77a2ea60338bcefcb845be8e092e53	b74a7f41b6d3546ba12246dbb8998a45853b54aed2cb7fd38d6825ed6a14c3d3	b74a7f41b6d3546ba12246dbb8998a45853b54aed2cb7fd38d6825ed6a14c3d3	retain-pristine
src/core/softpc/base/support/time_day.c	base/support/time_day.c	source-or-header	direct-original-diff	literal-reference	7239a3f4a15794d05ad1c291cbe9002197ad6245329c5115306783d326f570f5	af7a3d2b6dd80dec1f72910ae627f2ed87906fe8986e8c7c930ae6fbf35bd1b2	2d68d3e4484e607c193b0fefcf5d50e293f2599e14d2f60ec9c382259fcaf58a	014fdc4b564a595bcbee7e06c80b2ed28901829c2237747f8f601bcfc178be42	overlay
src/core/softpc/base/support/xt.c	base/support/xt.c	source-or-header	identical-original	not-directly-selected	a95cda1054b1840df73dbcec6e23cacbee1ddf2fd1ed071318c8c9252f21c0cc	a95cda1054b1840df73dbcec6e23cacbee1ddf2fd1ed071318c8c9252f21c0cc	f8b58a5d9101a87cc4d0b8b91389f16f8d661c3d55828e2aed238d7c8f73a942	f8b58a5d9101a87cc4d0b8b91389f16f8d661c3d55828e2aed238d7c8f73a942	retain-pristine
src/core/softpc/base/system/at_dma.c	base/system/at_dma.c	source-or-header	identical-original	literal-reference	4867e3e03e0a5f49066963a37a957d231ec9addbc203789beed42bcf510f3f01	4867e3e03e0a5f49066963a37a957d231ec9addbc203789beed42bcf510f3f01	bc169129c9874abf88fbe7f38120c3ed422c3434bda5254fcfc81b1ba7e7e838	bc169129c9874abf88fbe7f38120c3ed422c3434bda5254fcfc81b1ba7e7e838	retain-pristine
src/core/softpc/base/system/cmos.c	base/system/cmos.c	source-or-header	normalized-identical-original	literal-reference	cd8e74876d8132e7108f8212c74e2dfc90e2b09193ed453973248cfcb04f1f4c	c993b3e020ddd2f25524e20bef0b7651bcdf52a7d222e90fd643f828b788ac1e	5def5455f7a67dfc220450b10b88879c2d4d416302361a9c6109046156022b67	5def5455f7a67dfc220450b10b88879c2d4d416302361a9c6109046156022b67	retain-pristine
src/core/softpc/base/system/cmosnt.c	base/system/cmosnt.c	source-or-header	direct-original-diff	not-directly-selected	6954dd3d5a7f6dce2112270f9ef774aeeb6712d7b9a5ea26f6615fb8b73c8559	00156a734520b5d59442bf9d6127f4e722a7a697f9be33f34feecf4aef06d850	2b42941c533c9036ae3d20b8bd26c8864bc3406734aea5b1aefc711a1fe3481f	645768e7436ac764a5d338ffc703b65aed83e58cb398c066e64692f207d76842	overlay
src/core/softpc/base/system/dummy_nt.c	base/system/dummy_nt.c	source-or-header	identical-original	literal-reference	ce1b03e11f45eb795dfbfdde1e3ac4ebc2022d77dfa5f4dd30453ba6eebdb233	ce1b03e11f45eb795dfbfdde1e3ac4ebc2022d77dfa5f4dd30453ba6eebdb233	ecb438d84558df7082c155a1e2411107744c5d948fb94c5b8846aa4812017915	ecb438d84558df7082c155a1e2411107744c5d948fb94c5b8846aa4812017915	retain-pristine
src/core/softpc/base/system/ica.c	base/system/ica.c	source-or-header	direct-original-diff	literal-reference	069401b5004c4e581f520d8fcf4f94e668a2f3eeb25c941b6add57a4054c1cab	3874e59a27410e56c2d8c28b576c528d82acd2f04e64c50664d1ecda9a846075	de592ee9496fac5e41388d2dc4d3d3ba76001f28c6662850771ee9f84a90359f	7c6bd02de491a436254f4362ab546957fbe727c588ef2c65b0b8fd87dd4181d9	overlay
src/core/softpc/base/system/ica.old	base/system/ica.old	resource-or-build-input	identical-original	not-directly-selected	804a0b0069cf2367f71a36369906dfb971d3eacf302113ca9c856ed2fbfa22d2	804a0b0069cf2367f71a36369906dfb971d3eacf302113ca9c856ed2fbfa22d2	f169129e1bacb130cddf48352edf716e389b23d59bfb79e9facf0d45196c1f97	f169129e1bacb130cddf48352edf716e389b23d59bfb79e9facf0d45196c1f97	retain-pristine
src/core/softpc/base/system/idetect.c	base/system/idetect.c	source-or-header	direct-original-diff	literal-reference	cbe0560c16093505b15a8f4cf768464896dad864b2d514241ecfa450a31d8ea5	b93eb0784830446b53eeadb4b4f2dc5506787cd5313b313ecfc1ec14c5b7d160	225ecc10b7288da3d967024d224448e9afea28a7478a8ff848d798a2703c0899	d64f15b1397d31969310c69dbb83c01cf62681ae2d0c805dae769f74f024278a	overlay
src/core/softpc/base/system/illegalp.c	base/system/illegalp.c	source-or-header	normalized-identical-original	literal-reference	edf8cf0b90bab0532daddb42ea91a99400363789503bba2a597cbc3a913a7f42	94f049032a9298802cab09afc61651469dcbf1fec80ab36444e5c2fed2f681ad	c44b4d328b78949ceb9ea9f40777fe62efa7fb2d695c1c0c48307702d9c02f25	c44b4d328b78949ceb9ea9f40777fe62efa7fb2d695c1c0c48307702d9c02f25	retain-pristine
src/core/softpc/base/system/makefile	base/system/makefile	source-or-header	identical-original	not-directly-selected	26957856e8a7f42a1740419cf3451497129f1d8284301d42f1a89ee13dd5a459	26957856e8a7f42a1740419cf3451497129f1d8284301d42f1a89ee13dd5a459	c2bb9c1032d59215b0fd01949e38d746a3d41d978f9dc727b3b20ac847ea64c2	c2bb9c1032d59215b0fd01949e38d746a3d41d978f9dc727b3b20ac847ea64c2	retain-pristine
src/core/softpc/base/system/obj/_objects.mac	base/system/obj/_objects.mac	resource-or-build-input	identical-original	not-directly-selected	920b948f69faf7ec1ff7ff57d7b8d3ef04dc71402e5c5b8147a08bf62eb5b036	920b948f69faf7ec1ff7ff57d7b8d3ef04dc71402e5c5b8147a08bf62eb5b036	ee3c3d4b92d4861df19303a8392e1aa91458898a1df475edd30cc03455cb0e29	ee3c3d4b92d4861df19303a8392e1aa91458898a1df475edd30cc03455cb0e29	retain-pristine
src/core/softpc/base/system/qevnt.c	base/system/qevnt.c	source-or-header	identical-original	not-directly-selected	3e0d97d17bcc4c107b5173bf38868c79ab68d3042d29472a1a7259364da2947c	3e0d97d17bcc4c107b5173bf38868c79ab68d3042d29472a1a7259364da2947c	758a9dd3e2ee9c170e525cbe44389c79dd566ed3c30326ce6fd0b2018dd5e227	758a9dd3e2ee9c170e525cbe44389c79dd566ed3c30326ce6fd0b2018dd5e227	retain-pristine
src/core/softpc/base/system/quick_ev.c	base/system/quick_ev.c	source-or-header	identical-original	literal-reference	fe23e0ef2fb79aebadc5c0404a2369a694ac6d82347bcae5f2a7bca74b807111	fe23e0ef2fb79aebadc5c0404a2369a694ac6d82347bcae5f2a7bca74b807111	1e5a15bc9bd3c9c6bde6a6614d5aaf249aad9f4beb0d683e2da42839a1d72dee	1e5a15bc9bd3c9c6bde6a6614d5aaf249aad9f4beb0d683e2da42839a1d72dee	retain-pristine
src/core/softpc/base/system/rom.c	base/system/rom.c	source-or-header	direct-original-diff	literal-reference	77c4e019e2c8d20b1310d14831100a5dd93b12cd6edb30a4186d11dace981d56	947f9fc49dbffad48b2d1668548d63e8d26197a35d72fd4c26e7ce1e4c96af6f	3a86598eb315e912ba90aca29fcf6f4ed3ca6715c3904485fc1509c4c809722d	2cfee04d82b51e3688ac727d13372b164480b57014e7489eb266690897f19b5f	overlay
src/core/softpc/base/system/sources	base/system/sources	source-or-header	identical-original	not-directly-selected	789b0e243e6d27167a65b23dc187a3a9e82d8c67bdc4b10712f338b6b93354c3	789b0e243e6d27167a65b23dc187a3a9e82d8c67bdc4b10712f338b6b93354c3	c303c0d7f370d2f40538f46224a3e3bf473ac09fcb7f4b52370dc762ee696da6	c303c0d7f370d2f40538f46224a3e3bf473ac09fcb7f4b52370dc762ee696da6	retain-pristine
src/core/softpc/base/system/timer.c	base/system/timer.c	source-or-header	normalized-identical-original	literal-reference	3c8aaedfc0f2a8970f137c40f887d84b7d62213bd33b9e00c863e8049256fbf4	0e2efd46f011009e1512eb309c330626984f1590ba637b8ad9dae9c968699f55	13536e12cf6ad993fe2350efcf12048e7f96a7394546f034920e09ab33020e63	13536e12cf6ad993fe2350efcf12048e7f96a7394546f034920e09ab33020e63	retain-pristine
src/core/softpc/base/system/timestrb.c	base/system/timestrb.c	source-or-header	identical-original	literal-reference	e314b1b5e88474ac9d1c978b3db71820fee667f7de3eff23b66e48bf0d3532e7	e314b1b5e88474ac9d1c978b3db71820fee667f7de3eff23b66e48bf0d3532e7	55c139293c570436608d41aa8cd645ef1a5894fc37f1adb4dedbf74ea0edf881	55c139293c570436608d41aa8cd645ef1a5894fc37f1adb4dedbf74ea0edf881	retain-pristine
src/core/softpc/base/system/unexp_nt.c	base/system/unexp_nt.c	source-or-header	identical-original	literal-reference	a96ba5effe9b1cec5d78545f9656486a8e7b692e829c1c06634653bb8c905f0e	a96ba5effe9b1cec5d78545f9656486a8e7b692e829c1c06634653bb8c905f0e	2d1304753287f1976ece5d413d1fd6c2569d3628d4a1daf3233797be7baed767	2d1304753287f1976ece5d413d1fd6c2569d3628d4a1daf3233797be7baed767	retain-pristine
src/core/softpc/base/video/cga.c	base/video/cga.c	source-or-header	normalized-identical-original	literal-reference	1ff0f97e972da58ca20084fcd13d1580c1fae1ad7f0c063d8179d98b7c93ac21	8591c1b0e178f4b8791ed289588d3ed8a06ef514f8bdfca4797a190eb51e2777	e78196c19d4f315a554a715d590a019ff275521377c961b7bc2ae85ef941d16e	e78196c19d4f315a554a715d590a019ff275521377c961b7bc2ae85ef941d16e	retain-pristine
src/core/softpc/base/video/ega_dmmy.c	base/video/ega_dmmy.c	source-or-header	normalized-identical-original	literal-reference	df7a68b2fc1ad77f57ddcd20be603eb03a8910843bc8edbaba1272b13273f72a	4f7aaa63fb26f4fb556ea90183149cee7dfd048b954922ae335e17ae3cafc40d	899461a991c2ed39a659b115c6234aaf0e7a78c40ad98e52c205a7582d5bd20a	899461a991c2ed39a659b115c6234aaf0e7a78c40ad98e52c205a7582d5bd20a	retain-pristine
src/core/softpc/base/video/ega_mode.c	base/video/ega_mode.c	source-or-header	normalized-identical-original	literal-reference	01b7c280ea2b41aa51281b963aa92ed77b910ed17576797c70dcad1fdd93e4e5	1b73d0bdea339dc2a42f9674e04fd14575400070e8436149a84a2ac5510a057d	7e4247f177e92e3d1ccc951b9ebe9740483eae033b524497c12de41b3465823a	7e4247f177e92e3d1ccc951b9ebe9740483eae033b524497c12de41b3465823a	retain-pristine
src/core/softpc/base/video/ega_prts.c	base/video/ega_prts.c	source-or-header	normalized-identical-original	literal-reference	bbc410b23feac9add120282ce8b565170b43b4cebdd6bbb4f11cd0ab1526638f	1dedadd482f631e9b82a0fde92b84ff74c724faaaac782ae538639e0738e7002	922da43967a03675edefb6dd08d40e4bcd944534a827a5179a25e12d9ef5a548	922da43967a03675edefb6dd08d40e4bcd944534a827a5179a25e12d9ef5a548	retain-pristine
src/core/softpc/base/video/ega_read.c	base/video/ega_read.c	source-or-header	normalized-identical-original	literal-reference	ce01e83bbb3d3415810206e295981e4db66bcd55e6de61dce396882a7bd4caff	8908c3a4445c788eec0fcfa050cf18cac5f79413e03c5ddbdcca259779bf2860	8aa7c00f5e332c8ae2325dc208faeb0d437f952dc512296447807fb39859cc90	8aa7c00f5e332c8ae2325dc208faeb0d437f952dc512296447807fb39859cc90	retain-pristine
src/core/softpc/base/video/ega_trcr.c	base/video/ega_trcr.c	source-or-header	normalized-identical-original	literal-reference	83c3b67af6755263f69efa52d7fa51093faebfde92aef2039d4f62875b1fcd61	f69389e877975d277405c21af95b5fea6fe2794b5ac7928d8634efbbbd432e9c	be0455f11d3b0f8eb3ed38537f43a2bc3e4e9f3c6fffb1d7dc8e0336733220be	be0455f11d3b0f8eb3ed38537f43a2bc3e4e9f3c6fffb1d7dc8e0336733220be	retain-pristine
src/core/softpc/base/video/ega_vide.c	base/video/ega_vide.c	source-or-header	normalized-identical-original	literal-reference	18800469eb168702e3ad47033fccffc1f4d9dcb33cb8ff42ac7c96d11d1091b7	049c4ea27ebb73296fdc96f932571598e76be8ebcf5165e5cf5815a5095de20f	b36b5e67125a65e9b19eb389b31a902a9215bef105b32f5321711a38ef181c14	b36b5e67125a65e9b19eb389b31a902a9215bef105b32f5321711a38ef181c14	retain-pristine
src/core/softpc/base/video/ega_writ.c	base/video/ega_writ.c	source-or-header	normalized-identical-original	literal-reference	9b6f594b91c6ba426d182725d2e46277d57b5472e69d0f6ad019503404f4d9e9	42b33f105e30d31a2805d9f835a74d80c47b4d96ee77101c18f096772e60c47a	735269cc8ac3e53ff6a3493aca3e1dbc9f4f04066881aad63b1d78244bbdca60	735269cc8ac3e53ff6a3493aca3e1dbc9f4f04066881aad63b1d78244bbdca60	retain-pristine
src/core/softpc/base/video/egawrtm0.c	base/video/egawrtm0.c	source-or-header	normalized-identical-original	literal-reference	e967cfc6745158b8368955b3722cb199fce07663160033cb8dd06d946dec8723	4dd8d5fb60d9ff0298bb59e0c40245f9a4bfd3a5d19e50341e246320abcc95e1	82ea7f86eced6e4ad69b7f1e2b2318262763fd9fae4e5c90edeb7c98107a9b9a	82ea7f86eced6e4ad69b7f1e2b2318262763fd9fae4e5c90edeb7c98107a9b9a	retain-pristine
src/core/softpc/base/video/egwrtm12.c	base/video/egwrtm12.c	source-or-header	normalized-identical-original	literal-reference	bef35fc07261bf3ff63a3f7c51772f5a897ce820813e2326b63ede37d8f32709	826aa1a6f685f7dc0d8b4362f3eb83899697d8a6e2a555739ff61e2388d254a1	38075faa6b36b7558c139a2ae812565b7dae8b8fd7fc2c288bebf7621c1730a0	38075faa6b36b7558c139a2ae812565b7dae8b8fd7fc2c288bebf7621c1730a0	retain-pristine
src/core/softpc/base/video/gfx_updt.c	base/video/gfx_updt.c	source-or-header	direct-original-diff	literal-reference	4c45c144785133fdf2cdf0cde8fd7df831a581859830b38d81b3b62bf628cf28	02677d929c9d6e1f7c3157b2925f7099ecf3261bd8d26370d6f1fd738129e987	73cd1ae6fa29bc01584190544ad8e7053c86ede6752471e35ef2d00f3f8e6d1d	aaeaf42226efa312a05eeeaed4fa6e2771630da93d569f63cd76c98f4f9cb8c0	overlay
src/core/softpc/base/video/gvi.c	base/video/gvi.c	source-or-header	normalized-identical-original	literal-reference	e59e7cb1a374972a2a4560f41448fe9ba8d98c142085066796316ef505dfa8c0	2aeb2f79fd87002ea70bafe745612e9c8131f56863c90ed7ad11127439682b80	86b50459f807330caa9343c0d0c98ebd9568f2719b4339c76eee2f29f5b69a06	86b50459f807330caa9343c0d0c98ebd9568f2719b4339c76eee2f29f5b69a06	retain-pristine
src/core/softpc/base/video/v7_ports.c	base/video/v7_ports.c	source-or-header	direct-original-diff	literal-reference	b9673a6b9b498306525e3f54868e16c653e81f0cff2c67e9b87a7fe6b3fd746b	d02575bd0594f9ccc3a23ad7ed0eb208ec7c1414eeffd558dd1ce6b648f1991b	cad152bf601291e0e8d49c7deb317dfbb9dc5c472c1ed306d297c4cb61d1f333	7ecbde82507861540ab95af0b57a27d985470cac7a269a3ab0d1afe55d885869	overlay
src/core/softpc/base/video/v7_video.c	base/video/v7_video.c	source-or-header	normalized-identical-original	literal-reference	277252165538ec6bae5ef3756d8215e9d917edc20516340556dba147d8773989	ce5c8812c1bd5f125f007521b2c1c815739e4969fed1ff2e39600a5a47af0525	eccd3d4d79a2d0504691c7e5e91e11c64f16802764168b5d4a7ba0add7a67aeb	eccd3d4d79a2d0504691c7e5e91e11c64f16802764168b5d4a7ba0add7a67aeb	retain-pristine
src/core/softpc/base/video/vga_mode.c	base/video/vga_mode.c	source-or-header	normalized-identical-original	literal-reference	1b19bbf124d8708b2f7a5ae94028263d39dc9721654e49891b7ce8d5e0ebf885	d0ea64ba445b8a7c8cb4b11963cece808793b0595183f8be7f115c060eb1f0d9	0185ccefbe5e5c1c1156d240bf1a8f1a64f485be8d601d32088f11ff2a5e3750	0185ccefbe5e5c1c1156d240bf1a8f1a64f485be8d601d32088f11ff2a5e3750	retain-pristine
src/core/softpc/base/video/vga_prts.c	base/video/vga_prts.c	source-or-header	normalized-identical-original	literal-reference	2e6f3f852548bbb35aa1cff9228de76655238cfd0a3391ee0c627a641a195a60	16305a48051b980b4c9f8aba15dda7bd6801964bb02897b8c2290a1eff04fbbc	6c35bfca7749779854d55da37ecc577ff834714f62a4cef717d80a418cdf841e	6c35bfca7749779854d55da37ecc577ff834714f62a4cef717d80a418cdf841e	retain-pristine
src/core/softpc/base/video/vga_vide.c	base/video/vga_vide.c	source-or-header	normalized-identical-original	literal-reference	28c9da80052c76071c3f88701e7b6e1734dcb9bc0ea19e92f40c2a6358c04179	3d0159b8bd4d1bcc3448bc61fb90f5b1c34c09099bba49187fe4573354ccc89d	d8b4490bb78d2440afc7830307e859f96f5ffc33359de567ed14130a7478760a	d8b4490bb78d2440afc7830307e859f96f5ffc33359de567ed14130a7478760a	retain-pristine
src/core/softpc/base/video/video.c	base/video/video.c	source-or-header	normalized-identical-original	literal-reference	f61a5a308a09cf147662233fbdd3d89c74e10a3b07f33e8a4dda2b4b7ca769e8	664f399f40c4fafcd850e2cbc166fa632be5ddf7cc1f0d6bbcfaa017bec4ed31	f7dd1f231db7f746d4ce95d67c94da6791c2e901a97ce095ecd38c4c28c4c591	f7dd1f231db7f746d4ce95d67c94da6791c2e901a97ce095ecd38c4c28c4c591	retain-pristine
src/core/softpc/base/video/video_io.c	base/video/video_io.c	source-or-header	normalized-identical-original	literal-reference	00b8fc71c6d7e49fa724009da084918a096082725995b4c6e493c3d16c06baab	92680ac402633dd5dd52bbccfff55f41a65a1485dc2736666a9da45b7ea6bf86	bd436ce2074dcc8d68162de4d64fd2253ae18f6684bfd44e42a90279ba006a67	bd436ce2074dcc8d68162de4d64fd2253ae18f6684bfd44e42a90279ba006a67	retain-pristine
src/core/softpc/dirs	dirs	resource-or-build-input	identical-original	not-directly-selected	4e2fd6c6df6f60da146ea3e9c71a4984e345911bbf0813e6cfec54b2306c0e4a	4e2fd6c6df6f60da146ea3e9c71a4984e345911bbf0813e6cfec54b2306c0e4a	a48dd0e374d0b046da8965ae27518ff08b35b8def2efed569649c1f5c822448e	a48dd0e374d0b046da8965ae27518ff08b35b8def2efed569649c1f5c822448e	retain-pristine
src/core/softpc/host/dirs	host/dirs	resource-or-build-input	identical-original	not-directly-selected	a17fe24e18cdb9b445a73e2d8c9ad43fca38fef74a617b5d5e86b83add9c859c	a17fe24e18cdb9b445a73e2d8c9ad43fca38fef74a617b5d5e86b83add9c859c	55ebb10e5738e40d91f336835776e76eabbbeb46866991e7e39888a454b73fa9	55ebb10e5738e40d91f336835776e76eabbbeb46866991e7e39888a454b73fa9	retain-pristine
src/core/softpc/host/inc/cfpu_def.h	host/inc/cfpu_def.h	source-or-header	direct-original-diff	not-directly-selected	0b5cb125ab8df7acc83561c11186e54ad0b8e96fcef273e432b09fd19ddb4c94	fe3bb4a06759e1cbef74bff327661f9649c92fb2490cdc751bc625a8170d3d4f	9c7ec03871e2b56aa5b046aa183a41f7207b1df174a711be05ec0d48748b5be9	594167a8f8b3f7613d87749245f291ef69541fc3162362ba9b33f0225033c899	host
src/core/softpc/host/inc/dfa.gi	host/inc/dfa.gi	resource-or-build-input	identical-original	not-directly-selected	e3b0c44298fc1c149afbf4c8996fb92427ae41e4649b934ca495991b7852b855	e3b0c44298fc1c149afbf4c8996fb92427ae41e4649b934ca495991b7852b855	e3b0c44298fc1c149afbf4c8996fb92427ae41e4649b934ca495991b7852b855	e3b0c44298fc1c149afbf4c8996fb92427ae41e4649b934ca495991b7852b855	retain-pristine
src/core/softpc/host/inc/error.h	host/inc/error.h	source-or-header	identical-original	not-directly-selected	40953fbb22a9c6a5bff875414e4dd6822340ec4a2501edec79415573fea16ab3	40953fbb22a9c6a5bff875414e4dd6822340ec4a2501edec79415573fea16ab3	21258f623b66d8fff45a45ceae8d18b674a6c2a781f72a9170b82be4347d8a41	21258f623b66d8fff45a45ceae8d18b674a6c2a781f72a9170b82be4347d8a41	retain-pristine
src/core/softpc/host/inc/host.h	host/inc/host.h	source-or-header	identical-original	not-directly-selected	0192cafb4e0e9a42a83a409503f12e3f0e9f7abfe8619eb4ce7dfec36e938b94	0192cafb4e0e9a42a83a409503f12e3f0e9f7abfe8619eb4ce7dfec36e938b94	317c0835a3c654d4c43a12e3c13a0de6ecd50085924276ca35241a24a3f61b3d	317c0835a3c654d4c43a12e3c13a0de6ecd50085924276ca35241a24a3f61b3d	retain-pristine
src/core/softpc/host/inc/host_cpu.h	host/inc/host_cpu.h	source-or-header	direct-original-diff	not-directly-selected	4d60a0bac62fb7dac0b31ac541080e8635057234c607fb259ad22ace7a7f66cc	e79dd6aa79d24e37ad8390c8879abf3436674ee101037f0e09415148a938ac95	85d1384ae9baced34385748dc9fe7cf497ce06249c31bdf9a5b2935082af6dd3	fb6cf15a177dbe607f2d9d7f824078aee03d841fff5c7ac2ce90e22619dc502a	host
src/core/softpc/host/inc/host_def.h	host/inc/host_def.h	source-or-header	direct-original-diff	not-directly-selected	fa881343fe133a64429973d022a9df8eb225a377cb78dfdd210b8d7978f5a935	480c35aa09b40d75d82fe0e1fe3e6cb0f981e573549ea2e193e8a62be4816d10	3376453d1c542c1764a7ac153980be811f0d4f4bd2e97a8543e5bc38e6bcae77	7330e74de8a7c6eeb018470714353dbc6b85964830e20ec5ee86faa78f42dc7d	host
src/core/softpc/host/inc/host_emm.h	host/inc/host_emm.h	source-or-header	direct-original-diff	not-directly-selected	a8d5382f05607d0cb9e8e9a2172a309022a198be745082ceb6368517f95b8bac	312ec4dc503633fe7d57acf0327f2a51d10a62dc955fa9b0f933ffc83bda785c	8ab0bbf1d1abd3cfcd1c1570c6d3f6c6832335d4568f3a29b05dd439ef09ad3a	b43183cb7132c80137bb4e251f2a75ef34433902116a8b9dbc18fe45fd7e4383	host
src/core/softpc/host/inc/host_gen.h	host/inc/host_gen.h	source-or-header	identical-original	not-directly-selected	d86cd3c505d643531dafaa548e66fbb42ba13c37e3c632a214a69b4f2f86f557	d86cd3c505d643531dafaa548e66fbb42ba13c37e3c632a214a69b4f2f86f557	5c5229357a9bd361daef7d509da1eda2e92e35bc6dab37e416dbf639c5adc439	5c5229357a9bd361daef7d509da1eda2e92e35bc6dab37e416dbf639c5adc439	retain-pristine
src/core/softpc/host/inc/host_gfx.h	host/inc/host_gfx.h	source-or-header	identical-original	not-directly-selected	cd3bbfc35d47737b392ad7db4e1d8652157695158f645ec56f08aeb8288947e3	cd3bbfc35d47737b392ad7db4e1d8652157695158f645ec56f08aeb8288947e3	6ca9b1df7646e719d702c9a5a0564d6233a010230905339f12f3d3486f419a9d	6ca9b1df7646e719d702c9a5a0564d6233a010230905339f12f3d3486f419a9d	retain-pristine
src/core/softpc/host/inc/host_hfx.h	host/inc/host_hfx.h	source-or-header	identical-original	not-directly-selected	48a9b2bf6c4439301182aa118fe42afb8aafaa20146b2597021af162f2465f85	48a9b2bf6c4439301182aa118fe42afb8aafaa20146b2597021af162f2465f85	56215ac8851ed7a49c21bc63aaa9e23be77672a342fdba43ac395fb16032926b	56215ac8851ed7a49c21bc63aaa9e23be77672a342fdba43ac395fb16032926b	retain-pristine
src/core/softpc/host/inc/host_inc.h	host/inc/host_inc.h	source-or-header	identical-original	not-directly-selected	c78271903a7a00e13a8756b47f25a91993ab962c39c5fb89435783ee3d411efe	c78271903a7a00e13a8756b47f25a91993ab962c39c5fb89435783ee3d411efe	f2f95d973ea499ad070d370d0a5a893185a5a9ca9dc001895277a52437dfba55	f2f95d973ea499ad070d370d0a5a893185a5a9ca9dc001895277a52437dfba55	retain-pristine
src/core/softpc/host/inc/host_qev.h	host/inc/host_qev.h	source-or-header	identical-original	not-directly-selected	615b5fd2935a485aff2120a5455ceb558ab4c6baeb4806570d12eedc682980b5	615b5fd2935a485aff2120a5455ceb558ab4c6baeb4806570d12eedc682980b5	7bb8b23a9a3e8ff786ed43d7633c8b6fc48e3e8982e187eb9bf044a5c0bb542f	7bb8b23a9a3e8ff786ed43d7633c8b6fc48e3e8982e187eb9bf044a5c0bb542f	retain-pristine
src/core/softpc/host/inc/host_rrr.h	host/inc/host_rrr.h	source-or-header	identical-original	not-directly-selected	a849bf3b9c08d83ca3e21a386c6a45042494df82eeb28e4c8d0de3d7f14972ac	a849bf3b9c08d83ca3e21a386c6a45042494df82eeb28e4c8d0de3d7f14972ac	4e4f8df67bacec4d3c5ecebde7122b20d8422934663280c790ba78f2807fcf72	4e4f8df67bacec4d3c5ecebde7122b20d8422934663280c790ba78f2807fcf72	retain-pristine
src/core/softpc/host/inc/host_trc.h	host/inc/host_trc.h	source-or-header	identical-original	not-directly-selected	81c80fa61476745303c3cc7753c85ca876f2b33e269aca8d96db779135f7791f	81c80fa61476745303c3cc7753c85ca876f2b33e269aca8d96db779135f7791f	415f305269ac02eb22c5020739f9d369fe576fabc5fc3a1f4ab1946ba3efe63e	415f305269ac02eb22c5020739f9d369fe576fabc5fc3a1f4ab1946ba3efe63e	retain-pristine
src/core/softpc/host/inc/hostgrph.h	host/inc/hostgrph.h	source-or-header	identical-original	not-directly-selected	de614afaf98aba14ba184f6ce8381b17c20a244f9f96f823ea60b713861b26e4	de614afaf98aba14ba184f6ce8381b17c20a244f9f96f823ea60b713861b26e4	64d3d49964216e002cda49effc7c979ec0fb0c6d42c3241962eb3cb2b0bf1346	64d3d49964216e002cda49effc7c979ec0fb0c6d42c3241962eb3cb2b0bf1346	retain-pristine
src/core/softpc/host/inc/hostsync.h	host/inc/hostsync.h	source-or-header	identical-original	not-directly-selected	5a5a76337928c44407fecda48514ae50d18198ee1c7cef41f5c8fac9ead4329b	5a5a76337928c44407fecda48514ae50d18198ee1c7cef41f5c8fac9ead4329b	9e47a04cd434e38e49cb2bfacdbae7144df3214cbd843a7868571f60cb917146	9e47a04cd434e38e49cb2bfacdbae7144df3214cbd843a7868571f60cb917146	retain-pristine
src/core/softpc/host/inc/hosttyps.h	host/inc/hosttyps.h	source-or-header	identical-original	not-directly-selected	d41a82b33dc8c8dc3056de79f553b334a3d1b905c8da218e1d5ee1465df4e36a	d41a82b33dc8c8dc3056de79f553b334a3d1b905c8da218e1d5ee1465df4e36a	2970ac733233463789a2ae6c770c5f0668beb844850d82c3d571338fea94f7df	2970ac733233463789a2ae6c770c5f0668beb844850d82c3d571338fea94f7df	retain-pristine
src/core/softpc/host/inc/hstsystm.h	host/inc/hstsystm.h	source-or-header	identical-original	not-directly-selected	b6d4b43341231d108828f30e22a22c9e3672459693b88e4e2b8b7f2a7a719ad7	b6d4b43341231d108828f30e22a22c9e3672459693b88e4e2b8b7f2a7a719ad7	92bbc65d21a890a63907d496ce2b009599b860470735337aca20f1e0861e2a83	92bbc65d21a890a63907d496ce2b009599b860470735337aca20f1e0861e2a83	retain-pristine
src/core/softpc/host/inc/insignia.h	host/inc/insignia.h	source-or-header	direct-original-diff	not-directly-selected	b9a73e8ca838ef9e9ea7880c845dcb7ba16301652482fae42ab522e41196188c	26ed468f31ea44c8069300f150e5eefef3ba21c12eb2f2f68cca95bcc6f3ba02	73cd68fcb3e241e1e7cbb7bc2697b276c7d55e1bc8ace939d5d8e6b9fa97bc4b	75d2979cce8876251a7085b8f881859914bcb251284f04cc32b258cbad68025f	host
src/core/softpc/host/inc/kybdcpu.gi	host/inc/kybdcpu.gi	resource-or-build-input	identical-original	not-directly-selected	e3b0c44298fc1c149afbf4c8996fb92427ae41e4649b934ca495991b7852b855	e3b0c44298fc1c149afbf4c8996fb92427ae41e4649b934ca495991b7852b855	e3b0c44298fc1c149afbf4c8996fb92427ae41e4649b934ca495991b7852b855	e3b0c44298fc1c149afbf4c8996fb92427ae41e4649b934ca495991b7852b855	retain-pristine
src/core/softpc/host/inc/mips/pig/c2cpusad.h	host/inc/mips/pig/c2cpusad.h	source-or-header	identical-original	not-directly-selected	7f3a09f96bd67856e38a263dd2c570d2cb089c4ed0546c7dcd8c0bd4c60e3621	7f3a09f96bd67856e38a263dd2c570d2cb089c4ed0546c7dcd8c0bd4c60e3621	636674e26d7c5343b3cc30edf4ab44fa6c4e6016ea97d40c104fc34a72386abb	636674e26d7c5343b3cc30edf4ab44fa6c4e6016ea97d40c104fc34a72386abb	retain-pristine
src/core/softpc/host/inc/mips/pig/cpu_c.h	host/inc/mips/pig/cpu_c.h	source-or-header	identical-original	not-directly-selected	0c186d02fc708445f937fb2675ab91635c39f0a6ee7c0cf4bce5e3730b0334a8	0c186d02fc708445f937fb2675ab91635c39f0a6ee7c0cf4bce5e3730b0334a8	1c50751563e694d6078200978cf3946f36570c795bc8c4bc262344b6309c1d6f	1c50751563e694d6078200978cf3946f36570c795bc8c4bc262344b6309c1d6f	retain-pristine
src/core/softpc/host/inc/mips/pig/cpu4gen.h	host/inc/mips/pig/cpu4gen.h	source-or-header	identical-original	not-directly-selected	11aa60613b6d85e24b0b1c747ed7fec595239eee4959e062f9e6c3f3fb63d9f5	11aa60613b6d85e24b0b1c747ed7fec595239eee4959e062f9e6c3f3fb63d9f5	9b6c76e33458ef63fb8a9f911a8c99e35cdb8d6cc8b31feeba29f212d29531c7	9b6c76e33458ef63fb8a9f911a8c99e35cdb8d6cc8b31feeba29f212d29531c7	retain-pristine
src/core/softpc/host/inc/mips/pig/cpuint_c.h	host/inc/mips/pig/cpuint_c.h	source-or-header	identical-original	not-directly-selected	b171b9bb51bf810c5e9f839a88a79a6f1eb66c37c4128069fe3e7972da849ede	b171b9bb51bf810c5e9f839a88a79a6f1eb66c37c4128069fe3e7972da849ede	65eac2fbdb6bd7795a2c7f8dbaa7008037053c81516752ca48998f2f8e0b3e07	65eac2fbdb6bd7795a2c7f8dbaa7008037053c81516752ca48998f2f8e0b3e07	retain-pristine
src/core/softpc/host/inc/mips/pig/evidgen.h	host/inc/mips/pig/evidgen.h	source-or-header	identical-original	not-directly-selected	7e429987c49ec9e87ca45394eeddc87c73877e5f95aed73e1bc1d7224d308772	7e429987c49ec9e87ca45394eeddc87c73877e5f95aed73e1bc1d7224d308772	33fb1e85e25dd3213077b1f865e7145b3051c42de2c44bd8e0796aa2d87f3236	33fb1e85e25dd3213077b1f865e7145b3051c42de2c44bd8e0796aa2d87f3236	retain-pristine
src/core/softpc/host/inc/mips/pig/gdpvar.h	host/inc/mips/pig/gdpvar.h	source-or-header	identical-original	not-directly-selected	390632880e396c5ffc49d568bd6f47d49b20ccd0ddd43068bf1ab6476543a334	390632880e396c5ffc49d568bd6f47d49b20ccd0ddd43068bf1ab6476543a334	c5ec1bf1c90814831065c4ee6ad921475c5890223587eeeccb9ba1f3ee7e77d2	c5ec1bf1c90814831065c4ee6ad921475c5890223587eeeccb9ba1f3ee7e77d2	retain-pristine
src/core/softpc/host/inc/mips/pig/sas4gen.h	host/inc/mips/pig/sas4gen.h	source-or-header	identical-original	not-directly-selected	27fbe4d2cc6b0ff3657b8ffdea1cfcf9622afc851639894c8948c39b5ae0ebf2	27fbe4d2cc6b0ff3657b8ffdea1cfcf9622afc851639894c8948c39b5ae0ebf2	f144849de98cdfa499cd861dc02d4d8be4f9d78091d687b748d98d05acad2803	f144849de98cdfa499cd861dc02d4d8be4f9d78091d687b748d98d05acad2803	retain-pristine
src/core/softpc/host/inc/mips/prod/acc_efi.h	host/inc/mips/prod/acc_efi.h	source-or-header	identical-original	not-directly-selected	1223e330518775a04b49d913c8fbdff86d2eec0c8308218640d7fa9215c72142	1223e330518775a04b49d913c8fbdff86d2eec0c8308218640d7fa9215c72142	63c2aca6d8f5764f5f9fc25b47f1cc51ae940c94f5e09e1e47a9c1606f0a9ad7	63c2aca6d8f5764f5f9fc25b47f1cc51ae940c94f5e09e1e47a9c1606f0a9ad7	retain-pristine
src/core/softpc/host/inc/mips/prod/access_c.h	host/inc/mips/prod/access_c.h	source-or-header	identical-original	not-directly-selected	5576804605fc49b03dc864b25ca3e70a01d09d36e06a1ae2f488117c1abdd9bd	5576804605fc49b03dc864b25ca3e70a01d09d36e06a1ae2f488117c1abdd9bd	fdbcb6443c44621b86ea1e8eca766895c4ff6046a6e74fa7f4886101816af57d	fdbcb6443c44621b86ea1e8eca766895c4ff6046a6e74fa7f4886101816af57d	retain-pristine
src/core/softpc/host/inc/mips/prod/add_c.h	host/inc/mips/prod/add_c.h	source-or-header	identical-original	not-directly-selected	bdfdef60fa4638fd94c3e45818d694059ba9954032eca0d48f2f53531700b16c	bdfdef60fa4638fd94c3e45818d694059ba9954032eca0d48f2f53531700b16c	40470aef97ab102bda93be2f59a592539fc8d235b08c782be5aa1f353e64a07d	40470aef97ab102bda93be2f59a592539fc8d235b08c782be5aa1f353e64a07d	retain-pristine
src/core/softpc/host/inc/mips/prod/adjust_c.h	host/inc/mips/prod/adjust_c.h	source-or-header	identical-original	not-directly-selected	18bb94f5513c4a2f4dcaec3f288db019233ed37efa0791b1fad8f0144a3c8b79	18bb94f5513c4a2f4dcaec3f288db019233ed37efa0791b1fad8f0144a3c8b79	a9363caed2293cb0dcce7f8447b4aeffbb52a4843cf86255ff5c6b1bf8e54218	a9363caed2293cb0dcce7f8447b4aeffbb52a4843cf86255ff5c6b1bf8e54218	retain-pristine
src/core/softpc/host/inc/mips/prod/api_c.h	host/inc/mips/prod/api_c.h	source-or-header	identical-original	not-directly-selected	155a246d2323bc6ff27645c5c880909e3cf0ed34fd944c0c71c9318368fec0a1	155a246d2323bc6ff27645c5c880909e3cf0ed34fd944c0c71c9318368fec0a1	595488ef5f2559cff74cff8987d21e2b5f2d229b1a3c2382e7405788d88c4c97	595488ef5f2559cff74cff8987d21e2b5f2d229b1a3c2382e7405788d88c4c97	retain-pristine
src/core/softpc/host/inc/mips/prod/axphst_c.h	host/inc/mips/prod/axphst_c.h	source-or-header	identical-original	not-directly-selected	b17939a4408f920c6f6d8de0d80c0d3ceeaf9ccd2002a76c4a6e876cda60d3b9	b17939a4408f920c6f6d8de0d80c0d3ceeaf9ccd2002a76c4a6e876cda60d3b9	6d1f20dfa9e897abddf14fdec33ce0bfba443ef5cb6adeffd40699b93540e1c9	6d1f20dfa9e897abddf14fdec33ce0bfba443ef5cb6adeffd40699b93540e1c9	retain-pristine
src/core/softpc/host/inc/mips/prod/bldr_c.h	host/inc/mips/prod/bldr_c.h	source-or-header	identical-original	not-directly-selected	2eeaa27b68a3d188b0c6e9c0f9ab6991e4037f90462ad9ec6aa0e880ddbcd951	2eeaa27b68a3d188b0c6e9c0f9ab6991e4037f90462ad9ec6aa0e880ddbcd951	18c9776eb8874345c7c6142e5b1eb0c1d3163a80634f2f5d0663b002801d60a3	18c9776eb8874345c7c6142e5b1eb0c1d3163a80634f2f5d0663b002801d60a3	retain-pristine
src/core/softpc/host/inc/mips/prod/bodge_c.h	host/inc/mips/prod/bodge_c.h	source-or-header	identical-original	not-directly-selected	8c712ad12b875751f96d4acbec88cbc6e3dabb11535950f9a561d9cc12684adb	8c712ad12b875751f96d4acbec88cbc6e3dabb11535950f9a561d9cc12684adb	f0bbcc29eaef539516a81734a202dd1f64a232e9645ce3102eee7ddb73d3110d	f0bbcc29eaef539516a81734a202dd1f64a232e9645ce3102eee7ddb73d3110d	retain-pristine
src/core/softpc/host/inc/mips/prod/bound_c.h	host/inc/mips/prod/bound_c.h	source-or-header	identical-original	not-directly-selected	8b0d1f2e0c5d4e9f5224ed6cb4ead97998253645e10fe5566af9a7b5e449a83d	8b0d1f2e0c5d4e9f5224ed6cb4ead97998253645e10fe5566af9a7b5e449a83d	4ca5fd7d3166f4076ebb5c24087f207173aa2a5b122a0feebfb619d351db96cc	4ca5fd7d3166f4076ebb5c24087f207173aa2a5b122a0feebfb619d351db96cc	retain-pristine
src/core/softpc/host/inc/mips/prod/bpi_c.h	host/inc/mips/prod/bpi_c.h	source-or-header	identical-original	not-directly-selected	33d2ec9594b2134ab81aab6a37c4397651a390f6b0fd4b5f9aea98f66aaea911	33d2ec9594b2134ab81aab6a37c4397651a390f6b0fd4b5f9aea98f66aaea911	5d9668506b673c9baf66bd7d10e34e321221f9b94fd03b58cf08032fa72307b8	5d9668506b673c9baf66bd7d10e34e321221f9b94fd03b58cf08032fa72307b8	retain-pristine
src/core/softpc/host/inc/mips/prod/bswap_c.h	host/inc/mips/prod/bswap_c.h	source-or-header	identical-original	not-directly-selected	99c5aa2603e3730857fd2a9404ef71f66231d3dbb5ca8732b61a265aed184cd2	99c5aa2603e3730857fd2a9404ef71f66231d3dbb5ca8732b61a265aed184cd2	343b05a660a9d814c8d20e2abc3f7edd4c1ad01b3c5eaffb20c1dfea3633135c	343b05a660a9d814c8d20e2abc3f7edd4c1ad01b3c5eaffb20c1dfea3633135c	retain-pristine
src/core/softpc/host/inc/mips/prod/btest_c.h	host/inc/mips/prod/btest_c.h	source-or-header	identical-original	not-directly-selected	7de5938d9b167251bd61e326d7f2142381f7fac36cf942195f8cc3b10ac3f595	7de5938d9b167251bd61e326d7f2142381f7fac36cf942195f8cc3b10ac3f595	b7b431b912363a48100704635247dd30d9ed66cb60ea04126208490802170c18	b7b431b912363a48100704635247dd30d9ed66cb60ea04126208490802170c18	retain-pristine
src/core/softpc/host/inc/mips/prod/buffer_c.h	host/inc/mips/prod/buffer_c.h	source-or-header	identical-original	not-directly-selected	dd763e926bf4635fd288f2822364846c233118faabcf70ecb1d10403de0ff8d8	dd763e926bf4635fd288f2822364846c233118faabcf70ecb1d10403de0ff8d8	e3f158ef8976a3b0680836c533a34703d083210bfd5a8cc9b76cf702a6612a43	e3f158ef8976a3b0680836c533a34703d083210bfd5a8cc9b76cf702a6612a43	retain-pristine
src/core/softpc/host/inc/mips/prod/c2cpusad.h	host/inc/mips/prod/c2cpusad.h	source-or-header	identical-original	not-directly-selected	7f3a09f96bd67856e38a263dd2c570d2cb089c4ed0546c7dcd8c0bd4c60e3621	7f3a09f96bd67856e38a263dd2c570d2cb089c4ed0546c7dcd8c0bd4c60e3621	636674e26d7c5343b3cc30edf4ab44fa6c4e6016ea97d40c104fc34a72386abb	636674e26d7c5343b3cc30edf4ab44fa6c4e6016ea97d40c104fc34a72386abb	retain-pristine
src/core/softpc/host/inc/mips/prod/c2cput_c.h	host/inc/mips/prod/c2cput_c.h	source-or-header	identical-original	not-directly-selected	675216d270ea83bb20f5a3323de6c04c280f363f921cb4b037fc5786a26aa49d	675216d270ea83bb20f5a3323de6c04c280f363f921cb4b037fc5786a26aa49d	0e8e710a79882dca40303cf51a887c5d90b59ed0eca4c3c3f038c9d680ce10cb	0e8e710a79882dca40303cf51a887c5d90b59ed0eca4c3c3f038c9d680ce10cb	retain-pristine
src/core/softpc/host/inc/mips/prod/c2prit_c.h	host/inc/mips/prod/c2prit_c.h	source-or-header	identical-original	not-directly-selected	da2604b7e33a9ad305f891d7bbe6c82d6f8651d71400c369e75f201b53fa3f55	da2604b7e33a9ad305f891d7bbe6c82d6f8651d71400c369e75f201b53fa3f55	2cc2860f746cd33fcccbf9d1a13441890657ee150e5e22bf6fb1f841504b1430	2cc2860f746cd33fcccbf9d1a13441890657ee150e5e22bf6fb1f841504b1430	retain-pristine
src/core/softpc/host/inc/mips/prod/c2sast_c.h	host/inc/mips/prod/c2sast_c.h	source-or-header	identical-original	not-directly-selected	dae654241cd470849dfd1fa5fda19c2cf333525f749b5e5900b4e94418b124bc	dae654241cd470849dfd1fa5fda19c2cf333525f749b5e5900b4e94418b124bc	3029f6b0a88a9d53cf4bc384747a81c60e17cc9e71b44cbbc897b1221320a6a8	3029f6b0a88a9d53cf4bc384747a81c60e17cc9e71b44cbbc897b1221320a6a8	retain-pristine
src/core/softpc/host/inc/mips/prod/c2vidt_c.h	host/inc/mips/prod/c2vidt_c.h	source-or-header	identical-original	not-directly-selected	a4ccbf89f0c8d0f244ee872c86c74cdcb6ae541655e90a9b1b035e567a904505	a4ccbf89f0c8d0f244ee872c86c74cdcb6ae541655e90a9b1b035e567a904505	9d3bd2103748cd379120f1897d314fce55a5a90e4cfcfe8c35be43acd1165ed7	9d3bd2103748cd379120f1897d314fce55a5a90e4cfcfe8c35be43acd1165ed7	retain-pristine
src/core/softpc/host/inc/mips/prod/chain2_c.h	host/inc/mips/prod/chain2_c.h	source-or-header	identical-original	not-directly-selected	7eff1bb184ecc203b3413fe8bf55cdfb861e4a06dfb8cde973bc94c5f5e964b2	7eff1bb184ecc203b3413fe8bf55cdfb861e4a06dfb8cde973bc94c5f5e964b2	dd5d36573fa0bcb3526bcbd34a738daad17849ac833a0717253b836f0e751e09	dd5d36573fa0bcb3526bcbd34a738daad17849ac833a0717253b836f0e751e09	retain-pristine
src/core/softpc/host/inc/mips/prod/chain4_c.h	host/inc/mips/prod/chain4_c.h	source-or-header	identical-original	not-directly-selected	1a4c090b70fb28da21119a6ccf19371f9b5479256b18231b11437de15d5785fa	1a4c090b70fb28da21119a6ccf19371f9b5479256b18231b11437de15d5785fa	b321f9f83d489342cc898db3f30e7495ee15a8494421efa01403cdd7cb0230d3	b321f9f83d489342cc898db3f30e7495ee15a8494421efa01403cdd7cb0230d3	retain-pristine
src/core/softpc/host/inc/mips/prod/cmp_c.h	host/inc/mips/prod/cmp_c.h	source-or-header	identical-original	not-directly-selected	3658654df938ad4dfd3ed511515a916bce9bf3135da465f4fb541c9e52e13fb6	3658654df938ad4dfd3ed511515a916bce9bf3135da465f4fb541c9e52e13fb6	8246f74fa212d4351323e954e2eaacf68db7018715b7ee4dd22cee688483ce26	8246f74fa212d4351323e954e2eaacf68db7018715b7ee4dd22cee688483ce26	retain-pristine
src/core/softpc/host/inc/mips/prod/contxt_c.h	host/inc/mips/prod/contxt_c.h	source-or-header	identical-original	not-directly-selected	30eb579c995b281e873c6501fda356027b8b782867c65ecd8b73ff420c906c6c	30eb579c995b281e873c6501fda356027b8b782867c65ecd8b73ff420c906c6c	49a99de4e9329181d39d60bda6bb29bd72ee46591af5a3c0c7835f96c3035c00	49a99de4e9329181d39d60bda6bb29bd72ee46591af5a3c0c7835f96c3035c00	retain-pristine
src/core/softpc/host/inc/mips/prod/conv_c.h	host/inc/mips/prod/conv_c.h	source-or-header	identical-original	not-directly-selected	3db1fdfe05ad4f7b2b8f743e23dcce7e0a74ab89fba3ec2cb7ee21ad6a66b0bb	3db1fdfe05ad4f7b2b8f743e23dcce7e0a74ab89fba3ec2cb7ee21ad6a66b0bb	6a0753a71dc95baa37eba3df59ec8a3214be3310b97517f96400895f17788766	6a0753a71dc95baa37eba3df59ec8a3214be3310b97517f96400895f17788766	retain-pristine
src/core/softpc/host/inc/mips/prod/copies_c.h	host/inc/mips/prod/copies_c.h	source-or-header	identical-original	not-directly-selected	f6f31a25c46bf20ac74bf07801d45274117eb3f2f5b73d3f876fe6add94cb6f4	f6f31a25c46bf20ac74bf07801d45274117eb3f2f5b73d3f876fe6add94cb6f4	a963ed2cff468ea3721f1acfe68a37786122ab7d487892931b51bce1dbdc49dc	a963ed2cff468ea3721f1acfe68a37786122ab7d487892931b51bce1dbdc49dc	retain-pristine
src/core/softpc/host/inc/mips/prod/cpnote_c.h	host/inc/mips/prod/cpnote_c.h	source-or-header	identical-original	not-directly-selected	2ca64054160faa4d6500c23693c42d53eee9259a20d346c5bc2dc6a0c648c4f8	2ca64054160faa4d6500c23693c42d53eee9259a20d346c5bc2dc6a0c648c4f8	e482419fd857332889c01a0a644a1e7ffe140918d1f23beccc7ff78efb2244b5	e482419fd857332889c01a0a644a1e7ffe140918d1f23beccc7ff78efb2244b5	retain-pristine
src/core/softpc/host/inc/mips/prod/cpu_c.h	host/inc/mips/prod/cpu_c.h	source-or-header	identical-original	not-directly-selected	03aa7b45cd9da10d327f3393d3d8bfb99fc2d30070091cb36ce12aaae52a0a36	03aa7b45cd9da10d327f3393d3d8bfb99fc2d30070091cb36ce12aaae52a0a36	45ac166a1ed0c42c14e32e696a12a0b5af8ec95cb0e763ca66de97b1c4c8cec1	45ac166a1ed0c42c14e32e696a12a0b5af8ec95cb0e763ca66de97b1c4c8cec1	retain-pristine
src/core/softpc/host/inc/mips/prod/cpu4gen.h	host/inc/mips/prod/cpu4gen.h	source-or-header	identical-original	not-directly-selected	11aa60613b6d85e24b0b1c747ed7fec595239eee4959e062f9e6c3f3fb63d9f5	11aa60613b6d85e24b0b1c747ed7fec595239eee4959e062f9e6c3f3fb63d9f5	9b6c76e33458ef63fb8a9f911a8c99e35cdb8d6cc8b31feeba29f212d29531c7	9b6c76e33458ef63fb8a9f911a8c99e35cdb8d6cc8b31feeba29f212d29531c7	retain-pristine
src/core/softpc/host/inc/mips/prod/cpuint_c.h	host/inc/mips/prod/cpuint_c.h	source-or-header	identical-original	not-directly-selected	b171b9bb51bf810c5e9f839a88a79a6f1eb66c37c4128069fe3e7972da849ede	b171b9bb51bf810c5e9f839a88a79a6f1eb66c37c4128069fe3e7972da849ede	65eac2fbdb6bd7795a2c7f8dbaa7008037053c81516752ca48998f2f8e0b3e07	65eac2fbdb6bd7795a2c7f8dbaa7008037053c81516752ca48998f2f8e0b3e07	retain-pristine
src/core/softpc/host/inc/mips/prod/cpumod_c.h	host/inc/mips/prod/cpumod_c.h	source-or-header	identical-original	not-directly-selected	181a1204e685459661b200aa1ba804c3496105d5ed5ca28110aa0365f2d08785	181a1204e685459661b200aa1ba804c3496105d5ed5ca28110aa0365f2d08785	258079107a14fd1d255b8c1831041d1f5add60a88892e0c17b6835c4b7469939	258079107a14fd1d255b8c1831041d1f5add60a88892e0c17b6835c4b7469939	retain-pristine
src/core/softpc/host/inc/mips/prod/cpureg_c.h	host/inc/mips/prod/cpureg_c.h	source-or-header	identical-original	not-directly-selected	40122f36ce134bb1b98556d595bf11f3cabc9b30551c370c50f2a95cd865ae73	40122f36ce134bb1b98556d595bf11f3cabc9b30551c370c50f2a95cd865ae73	f3d9166b5b45e1a37da1516e55e2976f8360c38a6adf826206caec455e1c77b2	f3d9166b5b45e1a37da1516e55e2976f8360c38a6adf826206caec455e1c77b2	retain-pristine
src/core/softpc/host/inc/mips/prod/dec_c.h	host/inc/mips/prod/dec_c.h	source-or-header	identical-original	not-directly-selected	7a4b90358d04a45c0c13ccc6668b6293fdb82a7aadb2aabb9b5b8ecc822f3f86	7a4b90358d04a45c0c13ccc6668b6293fdb82a7aadb2aabb9b5b8ecc822f3f86	be5502f69fb510a7e287b36fc82e7811795dd6afa06dfb3d345a80bb596c2c25	be5502f69fb510a7e287b36fc82e7811795dd6afa06dfb3d345a80bb596c2c25	retain-pristine
src/core/softpc/host/inc/mips/prod/ea_c.h	host/inc/mips/prod/ea_c.h	source-or-header	identical-original	not-directly-selected	fe7a96f39e7b35f7926e441d6d602df86af4cbaded124ee9f9612dfae651994d	fe7a96f39e7b35f7926e441d6d602df86af4cbaded124ee9f9612dfae651994d	c33d3a9abb662c3e94b831385def2d08c067ab2d08f946d27bfe9e82898c4273	c33d3a9abb662c3e94b831385def2d08c067ab2d08f946d27bfe9e82898c4273	retain-pristine
src/core/softpc/host/inc/mips/prod/enter_c.h	host/inc/mips/prod/enter_c.h	source-or-header	identical-original	not-directly-selected	4ec3493a0ca6966e91092a317f94190b1df6326aed29902c33c8dc870f1032f5	4ec3493a0ca6966e91092a317f94190b1df6326aed29902c33c8dc870f1032f5	0e40bd1b7dcd73ab1c7271a5d9db86e6c06c4e80edef67c670f0252429ec4e60	0e40bd1b7dcd73ab1c7271a5d9db86e6c06c4e80edef67c670f0252429ec4e60	retain-pristine
src/core/softpc/host/inc/mips/prod/evid_c.h	host/inc/mips/prod/evid_c.h	source-or-header	identical-original	not-directly-selected	8a263941fdd26a81105219c2d9189be5452a52ef82497e774a483c2e09836631	8a263941fdd26a81105219c2d9189be5452a52ef82497e774a483c2e09836631	be25347209cee23e0f8c2426f8b3870d66ea868b704d962203155c79d7e52093	be25347209cee23e0f8c2426f8b3870d66ea868b704d962203155c79d7e52093	retain-pristine
src/core/softpc/host/inc/mips/prod/evidfunc.h	host/inc/mips/prod/evidfunc.h	source-or-header	identical-original	not-directly-selected	d8b14822247f7fe9eff4d189e3d0714cb4b50f153eb3ebf4e211e443357953c3	d8b14822247f7fe9eff4d189e3d0714cb4b50f153eb3ebf4e211e443357953c3	7e5116529e038fcd85f3c309bcd9775557deeec2ba5105367448e4780c5f0435	7e5116529e038fcd85f3c309bcd9775557deeec2ba5105367448e4780c5f0435	retain-pristine
src/core/softpc/host/inc/mips/prod/evidgen.h	host/inc/mips/prod/evidgen.h	source-or-header	identical-original	not-directly-selected	7e429987c49ec9e87ca45394eeddc87c73877e5f95aed73e1bc1d7224d308772	7e429987c49ec9e87ca45394eeddc87c73877e5f95aed73e1bc1d7224d308772	33fb1e85e25dd3213077b1f865e7145b3051c42de2c44bd8e0796aa2d87f3236	33fb1e85e25dd3213077b1f865e7145b3051c42de2c44bd8e0796aa2d87f3236	retain-pristine
src/core/softpc/host/inc/mips/prod/evptrs_c.h	host/inc/mips/prod/evptrs_c.h	source-or-header	identical-original	not-directly-selected	154a62290cafcdb61a224b31d57a38c8a7a941891ab82adcbd17080d05d021e3	154a62290cafcdb61a224b31d57a38c8a7a941891ab82adcbd17080d05d021e3	cd4f5c7022ecc4afd4debdbba5f52c52f5dc5b5072cd557c19a2c8dbbba26e5e	cd4f5c7022ecc4afd4debdbba5f52c52f5dc5b5072cd557c19a2c8dbbba26e5e	retain-pristine
src/core/softpc/host/inc/mips/prod/flags_c.h	host/inc/mips/prod/flags_c.h	source-or-header	identical-original	not-directly-selected	3b1a17ff4f053c314e313f56db3dc8c075d2e0631402b6a0260c485c50fbc026	3b1a17ff4f053c314e313f56db3dc8c075d2e0631402b6a0260c485c50fbc026	820d7906946263adb4287ba60a243baef4b291b98261d49ddede4ca60782b043	820d7906946263adb4287ba60a243baef4b291b98261d49ddede4ca60782b043	retain-pristine
src/core/softpc/host/inc/mips/prod/flagtb_c.h	host/inc/mips/prod/flagtb_c.h	source-or-header	identical-original	not-directly-selected	05e9ed0cc6e86605a12a83a55293ecd1b3dfaafaadbd12e3c26f848ad2c22a6e	05e9ed0cc6e86605a12a83a55293ecd1b3dfaafaadbd12e3c26f848ad2c22a6e	a3043d017527c69e93a951796a63fa9296b72f4f315a8c1db82f88a13f24b6e0	a3043d017527c69e93a951796a63fa9296b72f4f315a8c1db82f88a13f24b6e0	retain-pristine
src/core/softpc/host/inc/mips/prod/fm_c.h	host/inc/mips/prod/fm_c.h	source-or-header	identical-original	not-directly-selected	0ac7aee929cd5b133ecc5aee07768e2128ae0ee523db9776b4ae7f1213427f79	0ac7aee929cd5b133ecc5aee07768e2128ae0ee523db9776b4ae7f1213427f79	a99ce81be1af433ea40af8a22cea03a3c4a754ab2f417862a5fcd39432aab68e	a99ce81be1af433ea40af8a22cea03a3c4a754ab2f417862a5fcd39432aab68e	retain-pristine
src/core/softpc/host/inc/mips/prod/fmevid_c.h	host/inc/mips/prod/fmevid_c.h	source-or-header	identical-original	not-directly-selected	aa6cbf061e3438ba61789305e72b88ac37ec064f69080e96b90da2be2d83613b	aa6cbf061e3438ba61789305e72b88ac37ec064f69080e96b90da2be2d83613b	7097a672627c60955d815189dfc157866641819ad806c8eed16f1287e4e2e4cb	7097a672627c60955d815189dfc157866641819ad806c8eed16f1287e4e2e4cb	retain-pristine
src/core/softpc/host/inc/mips/prod/fpu_c.h	host/inc/mips/prod/fpu_c.h	source-or-header	identical-original	not-directly-selected	0f1d67436ed417b6726f958cfd97ece40ddedd05997369449be5861a47b7b912	0f1d67436ed417b6726f958cfd97ece40ddedd05997369449be5861a47b7b912	db58d8661812a40ad1b5291d214e74e1dd45c99a8b5ca25b65da8af5c5360f84	db58d8661812a40ad1b5291d214e74e1dd45c99a8b5ca25b65da8af5c5360f84	retain-pristine
src/core/softpc/host/inc/mips/prod/frag_c.h	host/inc/mips/prod/frag_c.h	source-or-header	identical-original	not-directly-selected	9872f82b36f660599c3f1601700cf9d3a56b6c39d761bc3e57b0f9ba6eb0816e	9872f82b36f660599c3f1601700cf9d3a56b6c39d761bc3e57b0f9ba6eb0816e	c6a71cb3944760c8b117f68319142196b00f76b17b0bf1a5c0d730bcb667a37c	c6a71cb3944760c8b117f68319142196b00f76b17b0bf1a5c0d730bcb667a37c	retain-pristine
src/core/softpc/host/inc/mips/prod/gdebug.h	host/inc/mips/prod/gdebug.h	source-or-header	identical-original	not-directly-selected	efa81b3574fa068278ed51c0ed18c3f1da9f6fd18401c8caecaf0ee649d53171	efa81b3574fa068278ed51c0ed18c3f1da9f6fd18401c8caecaf0ee649d53171	9b61dfdf2096beae679b5068dc25d7e1b5ae3261fea6a2711f5bc4100a3abc69	9b61dfdf2096beae679b5068dc25d7e1b5ae3261fea6a2711f5bc4100a3abc69	retain-pristine
src/core/softpc/host/inc/mips/prod/gdinit_c.h	host/inc/mips/prod/gdinit_c.h	source-or-header	identical-original	not-directly-selected	2d3923e7afa152715ebb0503e93f1c5afa89aaf4594213a1af0ed134469465e6	2d3923e7afa152715ebb0503e93f1c5afa89aaf4594213a1af0ed134469465e6	5f44b5f9884a73f68df4ce0314d511e869bc79e55aa0417bca742397a4c4d3ed	5f44b5f9884a73f68df4ce0314d511e869bc79e55aa0417bca742397a4c4d3ed	retain-pristine
src/core/softpc/host/inc/mips/prod/gdmain_c.h	host/inc/mips/prod/gdmain_c.h	source-or-header	identical-original	not-directly-selected	6d16138cbd11cc2dff28ecc87cc9ae8481724e8b7e5bf9dadadaeb443630d505	6d16138cbd11cc2dff28ecc87cc9ae8481724e8b7e5bf9dadadaeb443630d505	a6023754b3c64d8f93cfae5e482ff3ce79fb18a70757c0b854f74a01ade1f4f5	a6023754b3c64d8f93cfae5e482ff3ce79fb18a70757c0b854f74a01ade1f4f5	retain-pristine
src/core/softpc/host/inc/mips/prod/gdpvar.h	host/inc/mips/prod/gdpvar.h	source-or-header	identical-original	not-directly-selected	2eea3e1519eb72cb50ac504855abe2ee81e0145ef588fc771900c5fe2b3b2248	2eea3e1519eb72cb50ac504855abe2ee81e0145ef588fc771900c5fe2b3b2248	a13ff1055464a6e512db3d927f89b61b9b6f627e16666d5b54722d2149e5904d	a13ff1055464a6e512db3d927f89b61b9b6f627e16666d5b54722d2149e5904d	retain-pristine
src/core/softpc/host/inc/mips/prod/gicvid_c.h	host/inc/mips/prod/gicvid_c.h	source-or-header	identical-original	not-directly-selected	2dcff6f2ed59c96e2992d6ae1c0bb9e182f4a67f3c743035cfc12a282762f6a9	2dcff6f2ed59c96e2992d6ae1c0bb9e182f4a67f3c743035cfc12a282762f6a9	8d369bb4fb029caf7b93dc252566bdcf0c8444e86be77d67f8602879b6658d13	8d369bb4fb029caf7b93dc252566bdcf0c8444e86be77d67f8602879b6658d13	retain-pristine
src/core/softpc/host/inc/mips/prod/gldc_c.h	host/inc/mips/prod/gldc_c.h	source-or-header	identical-original	not-directly-selected	480178a6a67c98e4e5454a47eba42b45c2205fa113b8e652bae4a4a29d82e3de	480178a6a67c98e4e5454a47eba42b45c2205fa113b8e652bae4a4a29d82e3de	5e3f5cc7a304c185b7d962587c5b24d243494ed60f48a7ad18e3a4853db02be8	5e3f5cc7a304c185b7d962587c5b24d243494ed60f48a7ad18e3a4853db02be8	retain-pristine
src/core/softpc/host/inc/mips/prod/hpphst_c.h	host/inc/mips/prod/hpphst_c.h	source-or-header	identical-original	not-directly-selected	278512cfb5505a7620505aeb5dc78123b5081b2d6b5788cc709f3470b2fe894e	278512cfb5505a7620505aeb5dc78123b5081b2d6b5788cc709f3470b2fe894e	40ec5aacdd14a48aec607f28d4ccae4c375fbf9166bcb32ffe00cf7fef31a5c3	40ec5aacdd14a48aec607f28d4ccae4c375fbf9166bcb32ffe00cf7fef31a5c3	retain-pristine
src/core/softpc/host/inc/mips/prod/idmain_c.h	host/inc/mips/prod/idmain_c.h	source-or-header	identical-original	not-directly-selected	1c1be6c62915a5d7ad7b7f3bbfcce45ec6a18959bcbe78246ba19b820a962a71	1c1be6c62915a5d7ad7b7f3bbfcce45ec6a18959bcbe78246ba19b820a962a71	3ca9e17e384d6197cec27e4abdec3a3f727d10c0b91d6115473bdf50227471f1	3ca9e17e384d6197cec27e4abdec3a3f727d10c0b91d6115473bdf50227471f1	retain-pristine
src/core/softpc/host/inc/mips/prod/inc_c.h	host/inc/mips/prod/inc_c.h	source-or-header	identical-original	not-directly-selected	2c9c5ae87d0738bbcd682c0a5e5b86494e9b3555aac71594e57032eeb8173c84	2c9c5ae87d0738bbcd682c0a5e5b86494e9b3555aac71594e57032eeb8173c84	9733ee6824d2205af4e893be7da9af64f72e6facf630c94f18aa7832f6d307dc	9733ee6824d2205af4e893be7da9af64f72e6facf630c94f18aa7832f6d307dc	retain-pristine
src/core/softpc/host/inc/mips/prod/inst_c.h	host/inc/mips/prod/inst_c.h	source-or-header	identical-original	not-directly-selected	349b70d99d70f1fd11579234f42573fe45e9441acff322c4cdcad46bd751abd3	349b70d99d70f1fd11579234f42573fe45e9441acff322c4cdcad46bd751abd3	36d3865f8c8b36a1bc3095493f25ec983b29672bbe15625409059773a3ca7577	36d3865f8c8b36a1bc3095493f25ec983b29672bbe15625409059773a3ca7577	retain-pristine
src/core/softpc/host/inc/mips/prod/io_c.h	host/inc/mips/prod/io_c.h	source-or-header	identical-original	not-directly-selected	cf0ee3beea5bb6dd847aa6aa92f3127b0c6f095bfd66142252c401bebe6b8396	cf0ee3beea5bb6dd847aa6aa92f3127b0c6f095bfd66142252c401bebe6b8396	7451fbd7f58fe20db22d607d96ddb38c7a72eb46b79a3df18ff799152ec60252	7451fbd7f58fe20db22d607d96ddb38c7a72eb46b79a3df18ff799152ec60252	retain-pristine
src/core/softpc/host/inc/mips/prod/lc_c.h	host/inc/mips/prod/lc_c.h	source-or-header	identical-original	not-directly-selected	fa4fc11b1daaa41df45790081cde72ba95baf883bd79bf014f54121f4152d665	fa4fc11b1daaa41df45790081cde72ba95baf883bd79bf014f54121f4152d665	5e69eeb44a90fc598bfeacf0057a2b946a796e1498c9d45b7918f3c0ab316a88	5e69eeb44a90fc598bfeacf0057a2b946a796e1498c9d45b7918f3c0ab316a88	retain-pristine
src/core/softpc/host/inc/mips/prod/light_c.h	host/inc/mips/prod/light_c.h	source-or-header	identical-original	not-directly-selected	491fbbaa1acac663f79f7a5a848aa40e86778ccc9006df80f5619f9ab8a9c47d	491fbbaa1acac663f79f7a5a848aa40e86778ccc9006df80f5619f9ab8a9c47d	59b76f3c39f38ec83fd6a0d4a619b147c1fbc07a7e2464b23e68356955840bb6	59b76f3c39f38ec83fd6a0d4a619b147c1fbc07a7e2464b23e68356955840bb6	retain-pristine
src/core/softpc/host/inc/mips/prod/logic_c.h	host/inc/mips/prod/logic_c.h	source-or-header	identical-original	not-directly-selected	61969c5792b71a99b49aee9e0a5b09db737b543611e0be9923f86f38012b18e1	61969c5792b71a99b49aee9e0a5b09db737b543611e0be9923f86f38012b18e1	be1dfd9c3e87a517b797467f47c970187b92642bdfb5a6caaf0b84efb557cbb0	be1dfd9c3e87a517b797467f47c970187b92642bdfb5a6caaf0b84efb557cbb0	retain-pristine
src/core/softpc/host/inc/mips/prod/lxs_c.h	host/inc/mips/prod/lxs_c.h	source-or-header	identical-original	not-directly-selected	06312f9ae7a7080525eaea432405b4ebf4d4d6a8a8e049f52c134aaee6423666	06312f9ae7a7080525eaea432405b4ebf4d4d6a8a8e049f52c134aaee6423666	20ead14b80b9baa8b1a9ec43daefaa74ee36200e4e3ad4c3ad06fdac186554fb	20ead14b80b9baa8b1a9ec43daefaa74ee36200e4e3ad4c3ad06fdac186554fb	retain-pristine
src/core/softpc/host/inc/mips/prod/mark_c.h	host/inc/mips/prod/mark_c.h	source-or-header	identical-original	not-directly-selected	e06a0659134fd760752119dcf16a6a7ab0d68f9cb9230488abee10573b3c71dd	e06a0659134fd760752119dcf16a6a7ab0d68f9cb9230488abee10573b3c71dd	7c3c37a8e999ee528af96acc12c9fb744a0339c34ad6d0d136cadca11ee4068f	7c3c37a8e999ee528af96acc12c9fb744a0339c34ad6d0d136cadca11ee4068f	retain-pristine
src/core/softpc/host/inc/mips/prod/miphst_c.h	host/inc/mips/prod/miphst_c.h	source-or-header	identical-original	not-directly-selected	1d0fb5010e8999131fa4a3ccfa22f870256cf85ecbc43faefac906ebed9b7299	1d0fb5010e8999131fa4a3ccfa22f870256cf85ecbc43faefac906ebed9b7299	190a4b17b71235bd4bf2f9a32128d7c6d8ed4905a93457600f273fa78b223bfb	190a4b17b71235bd4bf2f9a32128d7c6d8ed4905a93457600f273fa78b223bfb	retain-pristine
src/core/softpc/host/inc/mips/prod/misc_c.h	host/inc/mips/prod/misc_c.h	source-or-header	identical-original	not-directly-selected	ef97191d02794b940d4d888debe84815617d48fe994fa442891df3e1fee0617b	ef97191d02794b940d4d888debe84815617d48fe994fa442891df3e1fee0617b	5740ce683037997c84f70d67568f760e8ae9737117423854e6f00d508437d4bd	5740ce683037997c84f70d67568f760e8ae9737117423854e6f00d508437d4bd	retain-pristine
src/core/softpc/host/inc/mips/prod/move_c.h	host/inc/mips/prod/move_c.h	source-or-header	identical-original	not-directly-selected	731326922805d1259ac2ac4caea119e3e9931f600278b82966b4647d5d08035a	731326922805d1259ac2ac4caea119e3e9931f600278b82966b4647d5d08035a	322ce036e4defc7138ba3ce4d2fbb15ba006b801c4e9273d92016db6bbe39ca0	322ce036e4defc7138ba3ce4d2fbb15ba006b801c4e9273d92016db6bbe39ca0	retain-pristine
src/core/softpc/host/inc/mips/prod/muldiv_c.h	host/inc/mips/prod/muldiv_c.h	source-or-header	identical-original	not-directly-selected	625ddef44c9a6bc60da793c1648907b5fb474746cd95c2c4e299efb71d15ebc7	625ddef44c9a6bc60da793c1648907b5fb474746cd95c2c4e299efb71d15ebc7	354405f61b4320e1b2b013699e159ab53c7c333871dcd9ee5890bc309990e96a	354405f61b4320e1b2b013699e159ab53c7c333871dcd9ee5890bc309990e96a	retain-pristine
src/core/softpc/host/inc/mips/prod/nano_c.h	host/inc/mips/prod/nano_c.h	source-or-header	identical-original	not-directly-selected	a6a666bbb95fb2c78e45ee83e2323ebb33e59bddd0b058e3edfe8f0bebff603c	a6a666bbb95fb2c78e45ee83e2323ebb33e59bddd0b058e3edfe8f0bebff603c	35d62c02329850b1e6a618a3161c5c1ca81aa518b4ee3770b244fe135fae1827	35d62c02329850b1e6a618a3161c5c1ca81aa518b4ee3770b244fe135fae1827	retain-pristine
src/core/softpc/host/inc/mips/prod/nanoa_c.h	host/inc/mips/prod/nanoa_c.h	source-or-header	identical-original	not-directly-selected	bb31a4c32db6d2974841a6f9d59f05b3524f00e384a6565903aa7098da3b0acc	bb31a4c32db6d2974841a6f9d59f05b3524f00e384a6565903aa7098da3b0acc	3326896f14b6a79b34ce18261c4a17d0ad9004b2a5d4a3cd25be65f9cd0aee92	3326896f14b6a79b34ce18261c4a17d0ad9004b2a5d4a3cd25be65f9cd0aee92	retain-pristine
src/core/softpc/host/inc/mips/prod/nanob_c.h	host/inc/mips/prod/nanob_c.h	source-or-header	identical-original	not-directly-selected	dad9cf8f222669c79b0dae480ef5d740dc9428ac48fd58fcc3dee0fbf9978d52	dad9cf8f222669c79b0dae480ef5d740dc9428ac48fd58fcc3dee0fbf9978d52	3fc3c5d241f0a7a7e0334695bed1ce24dc275b436d6936750bc0119ffb5b56e9	3fc3c5d241f0a7a7e0334695bed1ce24dc275b436d6936750bc0119ffb5b56e9	retain-pristine
src/core/softpc/host/inc/mips/prod/nanoc_c.h	host/inc/mips/prod/nanoc_c.h	source-or-header	identical-original	not-directly-selected	7e92ec8459da354d4144a4a2334de6028f60817104fc6f7763b56b23597798b1	7e92ec8459da354d4144a4a2334de6028f60817104fc6f7763b56b23597798b1	f9e6ef60c73fce64282f47278e5a0141610089e1ba98e48e7464d4b7a54a42ed	f9e6ef60c73fce64282f47278e5a0141610089e1ba98e48e7464d4b7a54a42ed	retain-pristine
src/core/softpc/host/inc/mips/prod/nanod_c.h	host/inc/mips/prod/nanod_c.h	source-or-header	identical-original	not-directly-selected	1eb0d068d2d4aee74081415afc5393d77228ecbdaacccce2d5b8f819bd8bc24b	1eb0d068d2d4aee74081415afc5393d77228ecbdaacccce2d5b8f819bd8bc24b	60d912a8b6114b107c85e8bf5d7f3fecab8dbe4959d59ed679c6aca9b988b99e	60d912a8b6114b107c85e8bf5d7f3fecab8dbe4959d59ed679c6aca9b988b99e	retain-pristine
src/core/softpc/host/inc/mips/prod/nanoe_c.h	host/inc/mips/prod/nanoe_c.h	source-or-header	identical-original	not-directly-selected	57e8831780cde35f843857cd6ee4fb0398d6973f56a7600f202fb159b7b2155e	57e8831780cde35f843857cd6ee4fb0398d6973f56a7600f202fb159b7b2155e	0f3f6d1cab8bb98a6e6036fb7fe29021115f14ca1d9c9b0873693fa7a6d0bd1b	0f3f6d1cab8bb98a6e6036fb7fe29021115f14ca1d9c9b0873693fa7a6d0bd1b	retain-pristine
src/core/softpc/host/inc/mips/prod/page_c.h	host/inc/mips/prod/page_c.h	source-or-header	identical-original	not-directly-selected	cd0ded631b9c2d6f78fecaf7c57b07b85bc2246acbe1fcb54706ba119137b708	cd0ded631b9c2d6f78fecaf7c57b07b85bc2246acbe1fcb54706ba119137b708	49b86aa843f389e919c8c427c83121686f0d6f4437fceac35a34de0cb1a3e5ad	49b86aa843f389e919c8c427c83121686f0d6f4437fceac35a34de0cb1a3e5ad	retain-pristine
src/core/softpc/host/inc/mips/prod/parser.h	host/inc/mips/prod/parser.h	source-or-header	identical-original	not-directly-selected	144e3d663423cd693eee0071c189a0c1978c5e38c45c4b0ed02eb64f11b300b9	144e3d663423cd693eee0071c189a0c1978c5e38c45c4b0ed02eb64f11b300b9	497f08be1e3ba536feab93b0a5bcbd05a1f5d5a99bf40e9d2154aad13efa0c3a	497f08be1e3ba536feab93b0a5bcbd05a1f5d5a99bf40e9d2154aad13efa0c3a	retain-pristine
src/core/softpc/host/inc/mips/prod/pigger_c.h	host/inc/mips/prod/pigger_c.h	source-or-header	identical-original	not-directly-selected	e2a38c8c78ace9905661b6faca96605a871e1ff4208ddf1893c0a6e6172ca34c	e2a38c8c78ace9905661b6faca96605a871e1ff4208ddf1893c0a6e6172ca34c	ebbddc990d815bd07500e9c4b2e05fba708a042cae310a998871662512ab9413	ebbddc990d815bd07500e9c4b2e05fba708a042cae310a998871662512ab9413	retain-pristine
src/core/softpc/host/inc/mips/prod/pigreg_c.h	host/inc/mips/prod/pigreg_c.h	source-or-header	identical-original	not-directly-selected	30113bfb9ac8e521895189480fb0070295751d43dab47179ec1c43083be62b44	30113bfb9ac8e521895189480fb0070295751d43dab47179ec1c43083be62b44	dbaf01e666c7919d620fa80d2da741a7d2f55630f63d43bc7198e0d1288aefe9	dbaf01e666c7919d620fa80d2da741a7d2f55630f63d43bc7198e0d1288aefe9	retain-pristine
src/core/softpc/host/inc/mips/prod/pm_c.h	host/inc/mips/prod/pm_c.h	source-or-header	identical-original	not-directly-selected	b6ba5208f758247bd755e351e8fa140ad731abf7b7e5bcd41566a7a8c5bb72e8	b6ba5208f758247bd755e351e8fa140ad731abf7b7e5bcd41566a7a8c5bb72e8	6f258739f96b630fae03865f512c633ec4011490a8549e4c55d4a28a397c78a3	6f258739f96b630fae03865f512c633ec4011490a8549e4c55d4a28a397c78a3	retain-pristine
src/core/softpc/host/inc/mips/prod/ports_c.h	host/inc/mips/prod/ports_c.h	source-or-header	identical-original	not-directly-selected	3b1a90cf411e5dfcbcda8e18a6d4ad448b6707f02bedc390d2fe057716df8332	3b1a90cf411e5dfcbcda8e18a6d4ad448b6707f02bedc390d2fe057716df8332	a46549ed6354938dec7453d3e04d10086b85df2c46c0a78e5f458e72355c80f9	a46549ed6354938dec7453d3e04d10086b85df2c46c0a78e5f458e72355c80f9	retain-pristine
src/core/softpc/host/inc/mips/prod/ppchst_c.h	host/inc/mips/prod/ppchst_c.h	source-or-header	identical-original	not-directly-selected	ec05f5d4271ed17913362db98b6c0a98f0a7ae746c0150cd571cf91ad557d5e6	ec05f5d4271ed17913362db98b6c0a98f0a7ae746c0150cd571cf91ad557d5e6	e442229d7ae70c731f278912baaa3cfa987d3af7caa5c4ee3dfa8547a5bc5bbc	e442229d7ae70c731f278912baaa3cfa987d3af7caa5c4ee3dfa8547a5bc5bbc	retain-pristine
src/core/softpc/host/inc/mips/prod/prof_c.h	host/inc/mips/prod/prof_c.h	source-or-header	identical-original	not-directly-selected	d890526d7af3f3bdee03547e9a77d60164cb6a421a96580c552ff299b8c5aed2	d890526d7af3f3bdee03547e9a77d60164cb6a421a96580c552ff299b8c5aed2	67698327cdbaa6c38b03815e63943e6bad546ad4ff3c091b42fd3d7b1745841c	67698327cdbaa6c38b03815e63943e6bad546ad4ff3c091b42fd3d7b1745841c	retain-pristine
src/core/softpc/host/inc/mips/prod/prot_c.h	host/inc/mips/prod/prot_c.h	source-or-header	identical-original	not-directly-selected	1d79ef817d744ef2ff0cd0adc98992406e3463c2866ea7d9ef56f66554ed233e	1d79ef817d744ef2ff0cd0adc98992406e3463c2866ea7d9ef56f66554ed233e	6bd526329957fb6f49411461813b10d37fa5a1ca6c0ae1d241197c474a9fbcc8	6bd526329957fb6f49411461813b10d37fa5a1ca6c0ae1d241197c474a9fbcc8	retain-pristine
src/core/softpc/host/inc/mips/prod/pti_c.h	host/inc/mips/prod/pti_c.h	source-or-header	identical-original	not-directly-selected	f9a501635caf055b045c15bf9a7f8f6764a50299db59495ab5c4e692d31835b3	f9a501635caf055b045c15bf9a7f8f6764a50299db59495ab5c4e692d31835b3	f48fadca20b5955a8c2015c17392821a74cc6c46f5d9a0b1799e4c43e2753eb5	f48fadca20b5955a8c2015c17392821a74cc6c46f5d9a0b1799e4c43e2753eb5	retain-pristine
src/core/softpc/host/inc/mips/prod/pxcptn_c.h	host/inc/mips/prod/pxcptn_c.h	source-or-header	identical-original	not-directly-selected	4ba08855422f5a69c5347d363363156da77ce8d77497bcd8f302d916a2745f6a	4ba08855422f5a69c5347d363363156da77ce8d77497bcd8f302d916a2745f6a	4fba33fd9afa5dffc4314f4e54d6bbb30dc4d1fa87a37e2aae75e4efa28e0a71	4fba33fd9afa5dffc4314f4e54d6bbb30dc4d1fa87a37e2aae75e4efa28e0a71	retain-pristine
src/core/softpc/host/inc/mips/prod/rdwr_c.h	host/inc/mips/prod/rdwr_c.h	source-or-header	identical-original	not-directly-selected	a02fcd3012c38fb30b98408b5946c08a7fcf6ac4800d26d2d577611dbf0b1567	a02fcd3012c38fb30b98408b5946c08a7fcf6ac4800d26d2d577611dbf0b1567	3dd5950d08466994ce3809c705dea3f5672abbeabed348af6b2defb90d6859f9	3dd5950d08466994ce3809c705dea3f5672abbeabed348af6b2defb90d6859f9	retain-pristine
src/core/softpc/host/inc/mips/prod/read_c.h	host/inc/mips/prod/read_c.h	source-or-header	identical-original	not-directly-selected	4aaa6945ad478284f3efdf71b5f4f38cbd1e0b4b79b3a5b588e01e3b353abe57	4aaa6945ad478284f3efdf71b5f4f38cbd1e0b4b79b3a5b588e01e3b353abe57	81265daa8beca7f7fce22293de8b752bde7e54bd8e6adafc6f8ee72d79de1428	81265daa8beca7f7fce22293de8b752bde7e54bd8e6adafc6f8ee72d79de1428	retain-pristine
src/core/softpc/host/inc/mips/prod/rotate_c.h	host/inc/mips/prod/rotate_c.h	source-or-header	identical-original	not-directly-selected	a31c2ffc77400dcb50d4211ab80ebb7c99f972ed41bdb48fe2e8e293c079a0d4	a31c2ffc77400dcb50d4211ab80ebb7c99f972ed41bdb48fe2e8e293c079a0d4	88b2567d8e50176186c7c39d15b09cdf288b26250c9408942fdc6fc410cc8fab	88b2567d8e50176186c7c39d15b09cdf288b26250c9408942fdc6fc410cc8fab	retain-pristine
src/core/softpc/host/inc/mips/prod/sas_c.h	host/inc/mips/prod/sas_c.h	source-or-header	identical-original	not-directly-selected	0f9683a8b850161a763859d1ad3783d7e7b18d9f14a1c7b37402e85575976e10	0f9683a8b850161a763859d1ad3783d7e7b18d9f14a1c7b37402e85575976e10	3d2e417dbcb6f02734814562a5a4a08fd384fcb4d619c4501934901d7b331e23	3d2e417dbcb6f02734814562a5a4a08fd384fcb4d619c4501934901d7b331e23	retain-pristine
src/core/softpc/host/inc/mips/prod/sas4gen.h	host/inc/mips/prod/sas4gen.h	source-or-header	identical-original	not-directly-selected	27fbe4d2cc6b0ff3657b8ffdea1cfcf9622afc851639894c8948c39b5ae0ebf2	27fbe4d2cc6b0ff3657b8ffdea1cfcf9622afc851639894c8948c39b5ae0ebf2	f144849de98cdfa499cd861dc02d4d8be4f9d78091d687b748d98d05acad2803	f144849de98cdfa499cd861dc02d4d8be4f9d78091d687b748d98d05acad2803	retain-pristine
src/core/softpc/host/inc/mips/prod/segreg_c.h	host/inc/mips/prod/segreg_c.h	source-or-header	identical-original	not-directly-selected	1ee500930f734acd1faeaf6cb7fc7d7f3a534c8df80297f59ff65860f17ac2a2	1ee500930f734acd1faeaf6cb7fc7d7f3a534c8df80297f59ff65860f17ac2a2	ce2e33930f04e3215275f9823c5aa48e8a2cfe73d950f5241bcd696a3409489d	ce2e33930f04e3215275f9823c5aa48e8a2cfe73d950f5241bcd696a3409489d	retain-pristine
src/core/softpc/host/inc/mips/prod/sf_c.h	host/inc/mips/prod/sf_c.h	source-or-header	identical-original	not-directly-selected	8fe999a73a3f234cb819724971837b6ead3587cd61873f1f6a84a618482a8b34	8fe999a73a3f234cb819724971837b6ead3587cd61873f1f6a84a618482a8b34	87bfca216d3795f1ab95844a29e137b3603a4c39a0117f1569b3e64eea499a11	87bfca216d3795f1ab95844a29e137b3603a4c39a0117f1569b3e64eea499a11	retain-pristine
src/core/softpc/host/inc/mips/prod/shift_c.h	host/inc/mips/prod/shift_c.h	source-or-header	identical-original	not-directly-selected	d7e3aff851e4ac66138f40f41504c1e15b043fbf8a1164a6b7461db9f40ca086	d7e3aff851e4ac66138f40f41504c1e15b043fbf8a1164a6b7461db9f40ca086	559cda4f37c33845c71b8ad8fd442e51cf4ecc6c5f7d0ed7cae3be31c47a0d02	559cda4f37c33845c71b8ad8fd442e51cf4ecc6c5f7d0ed7cae3be31c47a0d02	retain-pristine
src/core/softpc/host/inc/mips/prod/simple_c.h	host/inc/mips/prod/simple_c.h	source-or-header	identical-original	not-directly-selected	569a34be63d1922a0fec5965ceca4d86940aea547b77391c795b087fe22802fc	569a34be63d1922a0fec5965ceca4d86940aea547b77391c795b087fe22802fc	7b05b93ae9a96d4f71ed780e71046afd9a4c12367caf34e63e2a3e7721a4ad6a	7b05b93ae9a96d4f71ed780e71046afd9a4c12367caf34e63e2a3e7721a4ad6a	retain-pristine
src/core/softpc/host/inc/mips/prod/stack_c.h	host/inc/mips/prod/stack_c.h	source-or-header	identical-original	not-directly-selected	d1310b5bba16538fca429f719e4f802125a5ec6f44bb1ba247f452680a969694	d1310b5bba16538fca429f719e4f802125a5ec6f44bb1ba247f452680a969694	0315571cabde1fbe200f89d641a796ce79925cc9e1137f317b41d33fdaa73368	0315571cabde1fbe200f89d641a796ce79925cc9e1137f317b41d33fdaa73368	retain-pristine
src/core/softpc/host/inc/mips/prod/string_c.h	host/inc/mips/prod/string_c.h	source-or-header	identical-original	not-directly-selected	5708bd3d42e2aa3f21085e4e8e477184f7b069757dd690598a2b259cf117cf4e	5708bd3d42e2aa3f21085e4e8e477184f7b069757dd690598a2b259cf117cf4e	93c853903179d14e454ac60458cc4174f543acaed5ba09145bf74efba182b2cb	93c853903179d14e454ac60458cc4174f543acaed5ba09145bf74efba182b2cb	retain-pristine
src/core/softpc/host/inc/mips/prod/strint_c.h	host/inc/mips/prod/strint_c.h	source-or-header	identical-original	not-directly-selected	9b1eaa5c704bfd5a200ccda13e175870e0ee124fc86c32c3aec80887d2305aad	9b1eaa5c704bfd5a200ccda13e175870e0ee124fc86c32c3aec80887d2305aad	9f445388a55f6f36334961b2f075ec43419b22d36c6edfeb825c2290987abc43	9f445388a55f6f36334961b2f075ec43419b22d36c6edfeb825c2290987abc43	retain-pristine
src/core/softpc/host/inc/mips/prod/strsub_c.h	host/inc/mips/prod/strsub_c.h	source-or-header	identical-original	not-directly-selected	e5db3a9dc7997f4ac92a49845c34d3f5f1f9444d51e204daf3aa59a98131e88b	e5db3a9dc7997f4ac92a49845c34d3f5f1f9444d51e204daf3aa59a98131e88b	2cea6f90a2d3a02665ead7ff58cb419111a1aa3776554a6c6d438286aa60f713	2cea6f90a2d3a02665ead7ff58cb419111a1aa3776554a6c6d438286aa60f713	retain-pristine
src/core/softpc/host/inc/mips/prod/stub_c.h	host/inc/mips/prod/stub_c.h	source-or-header	identical-original	not-directly-selected	f2fb630c8fb554e0aa7e42c231f971bad8d5d813b02fb346b722341763ce5421	f2fb630c8fb554e0aa7e42c231f971bad8d5d813b02fb346b722341763ce5421	5a1d24f80901bcbbdd32dbf8e9ec6e738c618ed41204dbc1cf9344592a707f30	5a1d24f80901bcbbdd32dbf8e9ec6e738c618ed41204dbc1cf9344592a707f30	retain-pristine
src/core/softpc/host/inc/mips/prod/sub_c.h	host/inc/mips/prod/sub_c.h	source-or-header	identical-original	not-directly-selected	0a7c443052ff007a112c6eeb894ef7bb8b36c8eeca268bde207f9236fd2ea1a6	0a7c443052ff007a112c6eeb894ef7bb8b36c8eeca268bde207f9236fd2ea1a6	91e99697a5d0619301e77e0ab5042effa0ac523efca6a869c29cee79a4fb4fc5	91e99697a5d0619301e77e0ab5042effa0ac523efca6a869c29cee79a4fb4fc5	retain-pristine
src/core/softpc/host/inc/mips/prod/sunhst_c.h	host/inc/mips/prod/sunhst_c.h	source-or-header	identical-original	not-directly-selected	f152269a5435118c322b1532b3dc586b9ca0e42404f0f8fe2520dd65beae5fc9	f152269a5435118c322b1532b3dc586b9ca0e42404f0f8fe2520dd65beae5fc9	b8ddd364ede330092e3370bd25567a730c23dff5b74eedbf867d3d5b83ee91dd	b8ddd364ede330092e3370bd25567a730c23dff5b74eedbf867d3d5b83ee91dd	retain-pristine
src/core/softpc/host/inc/mips/prod/task_c.h	host/inc/mips/prod/task_c.h	source-or-header	identical-original	not-directly-selected	6b68909ce0cae83346ad342d45d78181da5bc89b8fb81e2760a7590665a2d11b	6b68909ce0cae83346ad342d45d78181da5bc89b8fb81e2760a7590665a2d11b	97a0a7571ded98113ed8e4991b5839c8d94576e65f0d6fe0548114a2c82b2186	97a0a7571ded98113ed8e4991b5839c8d94576e65f0d6fe0548114a2c82b2186	retain-pristine
src/core/softpc/host/inc/mips/prod/test_c.h	host/inc/mips/prod/test_c.h	source-or-header	identical-original	not-directly-selected	2eee5d31833f95fbfae772124d899daddb3af370d550ed2cf5333825740b6917	2eee5d31833f95fbfae772124d899daddb3af370d550ed2cf5333825740b6917	d00afd6d0372f4942636404f557bf956e3b9f4e2d1219b0e9326a4d62e9a2832	d00afd6d0372f4942636404f557bf956e3b9f4e2d1219b0e9326a4d62e9a2832	retain-pristine
src/core/softpc/host/inc/mips/prod/trace_c.h	host/inc/mips/prod/trace_c.h	source-or-header	identical-original	not-directly-selected	fac7b430532ece52ae2ab95638356767ae77ae079af2768e92177d4b2c1de9b7	fac7b430532ece52ae2ab95638356767ae77ae079af2768e92177d4b2c1de9b7	9c8be1a80bdf43625d2ec3c982b082b33f04c3dc3203dfde1b1b95793daeae80	9c8be1a80bdf43625d2ec3c982b082b33f04c3dc3203dfde1b1b95793daeae80	retain-pristine
src/core/softpc/host/inc/mips/prod/unchn_c.h	host/inc/mips/prod/unchn_c.h	source-or-header	identical-original	not-directly-selected	2c5e37ab6d10f385120cefb2144301fabe8cb74f560ba8b0b140314ce9852cbb	2c5e37ab6d10f385120cefb2144301fabe8cb74f560ba8b0b140314ce9852cbb	a943bc7518ff02a96d699222d7e03217faeff4227715ed86d9146bedd391ddc0	a943bc7518ff02a96d699222d7e03217faeff4227715ed86d9146bedd391ddc0	retain-pristine
src/core/softpc/host/inc/mips/prod/univer_c.h	host/inc/mips/prod/univer_c.h	source-or-header	identical-original	not-directly-selected	9b1e1de6db974a35af34e1bffe52114a2e9ce9202ab9e2057da745e08878c5a0	9b1e1de6db974a35af34e1bffe52114a2e9ce9202ab9e2057da745e08878c5a0	7ba28f880fdc83e398e778a375c8388e2afdd5e1b0696f59d7ea16c664272f64	7ba28f880fdc83e398e778a375c8388e2afdd5e1b0696f59d7ea16c664272f64	retain-pristine
src/core/softpc/host/inc/mips/prod/xchg_c.h	host/inc/mips/prod/xchg_c.h	source-or-header	identical-original	not-directly-selected	0154055071207581f4178b5d7c69d217e14eac20acf686be6f49f75d7406c66d	0154055071207581f4178b5d7c69d217e14eac20acf686be6f49f75d7406c66d	0bf6a3286284c798346f68f739082e962b98b80dc52b81ac4e724fc1c425e8b9	0bf6a3286284c798346f68f739082e962b98b80dc52b81ac4e724fc1c425e8b9	retain-pristine
src/core/softpc/host/inc/mips/prod/xfer_c.h	host/inc/mips/prod/xfer_c.h	source-or-header	identical-original	not-directly-selected	7c2318c2353401b6f5086e40a4d88f570a58116427555329eaee18637049d8c3	7c2318c2353401b6f5086e40a4d88f570a58116427555329eaee18637049d8c3	f65c56422d7b06ab922b1ec916032eb4c1badc819288db4c8e85647accbe07da	f65c56422d7b06ab922b1ec916032eb4c1badc819288db4c8e85647accbe07da	retain-pristine
src/core/softpc/host/inc/mips/prod/xlat_c.h	host/inc/mips/prod/xlat_c.h	source-or-header	identical-original	not-directly-selected	bbd1284454566de2244d42a3a0f19785784c33f4d1396a169f2af202adaa33f0	bbd1284454566de2244d42a3a0f19785784c33f4d1396a169f2af202adaa33f0	95e8b054a4eee35f4e6b5491fc9f7ee1aaf02c1f03ab39128fcadfbde473aacd	95e8b054a4eee35f4e6b5491fc9f7ee1aaf02c1f03ab39128fcadfbde473aacd	retain-pristine
src/core/softpc/host/inc/monregs.h	host/inc/monregs.h	source-or-header	identical-original	not-directly-selected	af51be97b6926835f02d78143bd54463500e94710e088e4be15e9ab5d81690ba	af51be97b6926835f02d78143bd54463500e94710e088e4be15e9ab5d81690ba	530ca3baa96ffad000659ce9f9db4c0e4b16c494f97658e2deea1267e0f4f946	530ca3baa96ffad000659ce9f9db4c0e4b16c494f97658e2deea1267e0f4f946	retain-pristine
src/core/softpc/host/inc/monsim32.h	host/inc/monsim32.h	source-or-header	identical-original	not-directly-selected	f088d30fc6d00830849912f7c9c1135afa0d21f729d95fe72c9d9a11aca010c6	f088d30fc6d00830849912f7c9c1135afa0d21f729d95fe72c9d9a11aca010c6	c3f8145f626657ede95627f103d8265610f5f4b207eb3caefbd85853a9116ad2	c3f8145f626657ede95627f103d8265610f5f4b207eb3caefbd85853a9116ad2	retain-pristine
src/core/softpc/host/inc/nt_cga.h	host/inc/nt_cga.h	source-or-header	identical-original	not-directly-selected	8e92a1b59d9737f1753ccba9f22d17af6c6a3dd2f518a414957123afb69ce57e	8e92a1b59d9737f1753ccba9f22d17af6c6a3dd2f518a414957123afb69ce57e	b2280682f1576d170324ac75524849252343eadf5ebb94c27fbef34a88144b3e	b2280682f1576d170324ac75524849252343eadf5ebb94c27fbef34a88144b3e	retain-pristine
src/core/softpc/host/inc/nt_cgalt.h	host/inc/nt_cgalt.h	source-or-header	identical-original	not-directly-selected	d2257e6ea428f4dcc19bf7b86c8c3c5029446acef194516cf553e0957a36b09a	d2257e6ea428f4dcc19bf7b86c8c3c5029446acef194516cf553e0957a36b09a	81edea8dcbdd0bed14b2b66fe87ec90bc6fa9638f293e1a2e24647e14bfecde5	81edea8dcbdd0bed14b2b66fe87ec90bc6fa9638f293e1a2e24647e14bfecde5	retain-pristine
src/core/softpc/host/inc/nt_com.h	host/inc/nt_com.h	source-or-header	identical-original	not-directly-selected	203bf4bcfa6ddd5ff89cad3743fd99251df19838dd9e8bfcbf549a2e23dd4298	203bf4bcfa6ddd5ff89cad3743fd99251df19838dd9e8bfcbf549a2e23dd4298	6548292daa5c7c6bde58db57e0af441f20cae72471f0ab64cfa9bf1b9da7c66f	6548292daa5c7c6bde58db57e0af441f20cae72471f0ab64cfa9bf1b9da7c66f	retain-pristine
src/core/softpc/host/inc/nt_conf.h	host/inc/nt_conf.h	source-or-header	identical-original	not-directly-selected	42f541dfe879bacae812471b725ec9e1ff12dc5d172f8277e77e5642f15dd848	42f541dfe879bacae812471b725ec9e1ff12dc5d172f8277e77e5642f15dd848	628ff40ca8b88670542813644404023384ba12077e259c239ebeaa7ec4d1a12b	628ff40ca8b88670542813644404023384ba12077e259c239ebeaa7ec4d1a12b	retain-pristine
src/core/softpc/host/inc/nt_det.h	host/inc/nt_det.h	source-or-header	identical-original	not-directly-selected	839be6a786ad7de62c13cda1548e19eacd9a9ab6ace95e207d1009caf4502326	839be6a786ad7de62c13cda1548e19eacd9a9ab6ace95e207d1009caf4502326	02d683bff1b7bb6893ef3e68b9c79abc8b1703bf66e221a328955ce72c663618	02d683bff1b7bb6893ef3e68b9c79abc8b1703bf66e221a328955ce72c663618	retain-pristine
src/core/softpc/host/inc/nt_ega.h	host/inc/nt_ega.h	source-or-header	identical-original	not-directly-selected	d60c53fef1c7403cfb534c45bae48a9524ea4dd218adc48b68f7183b35461e7e	d60c53fef1c7403cfb534c45bae48a9524ea4dd218adc48b68f7183b35461e7e	3827f77c66eebd11e119070cfca99599080f8aadb6a44802fb4424c756885f3e	3827f77c66eebd11e119070cfca99599080f8aadb6a44802fb4424c756885f3e	retain-pristine
src/core/softpc/host/inc/nt_egalt.h	host/inc/nt_egalt.h	source-or-header	identical-original	not-directly-selected	8b2fda045350ff2747e9ff9da471acde3d8e1b2cd76beaf4d97746a45926a5f4	8b2fda045350ff2747e9ff9da471acde3d8e1b2cd76beaf4d97746a45926a5f4	44e9a6514f9b2744b53d9103a9d279ed892dd53a5e0e9616c54c1e06de57a9fc	44e9a6514f9b2744b53d9103a9d279ed892dd53a5e0e9616c54c1e06de57a9fc	retain-pristine
src/core/softpc/host/inc/nt_eoi.h	host/inc/nt_eoi.h	source-or-header	identical-original	not-directly-selected	57ae39f20535e93b451e83a0e54e6e45f43512e12d99ae3ffc6a58e4f1ada8e3	57ae39f20535e93b451e83a0e54e6e45f43512e12d99ae3ffc6a58e4f1ada8e3	a870867946aca5ed2224ddc32770ed87e115326911ab6bcc433b5b8bcfc2f6fe	a870867946aca5ed2224ddc32770ed87e115326911ab6bcc433b5b8bcfc2f6fe	retain-pristine
src/core/softpc/host/inc/nt_event.h	host/inc/nt_event.h	source-or-header	direct-original-diff	not-directly-selected	e09a090cb6127decac1603bbf16db5c274097f9556e3ced076aab34122b319b6	f4353f69708952f3bdc0f0d26db0f667eda34abf04f8694d1af059a649f76969	937fa4edbd4ec9153d7b8a26e2414bfeec9185855c4389527a71c4340880da53	33055cae2cc51dd769501b3130a65402390d613781b475738b277514f3ebb59e	host
src/core/softpc/host/inc/nt_extra.h	host/inc/nt_extra.h	source-or-header	identical-original	not-directly-selected	a422d528074b6a16b5a09e2b2df2d83f3f8ba4c5729e368cd0acc64c0bebbd96	a422d528074b6a16b5a09e2b2df2d83f3f8ba4c5729e368cd0acc64c0bebbd96	4be3a36705bb936be70164f8a92c2ffee26ba521d16911c6277b296f311effd1	4be3a36705bb936be70164f8a92c2ffee26ba521d16911c6277b296f311effd1	retain-pristine
src/core/softpc/host/inc/nt_fdisk.h	host/inc/nt_fdisk.h	source-or-header	identical-original	not-directly-selected	d681eb7fc45dedcc5501cb43516a8e9d1c7d94d6f70ebbf72517364134fe1c87	d681eb7fc45dedcc5501cb43516a8e9d1c7d94d6f70ebbf72517364134fe1c87	b3ca92fd65546f2d49cd4cbea0ae7a099d6f97c179acc22ef1e2659802824f3d	b3ca92fd65546f2d49cd4cbea0ae7a099d6f97c179acc22ef1e2659802824f3d	retain-pristine
src/core/softpc/host/inc/nt_fulsc.h	host/inc/nt_fulsc.h	source-or-header	identical-original	not-directly-selected	733fe8aaef56e9febc5e2f35ac03057918df2bf75173779870e2b07dc673e1d0	733fe8aaef56e9febc5e2f35ac03057918df2bf75173779870e2b07dc673e1d0	d3f76fbed82a3d392568ac9f6b91355738af9c83e9884b7a166fbce1cecf74ed	d3f76fbed82a3d392568ac9f6b91355738af9c83e9884b7a166fbce1cecf74ed	retain-pristine
src/core/softpc/host/inc/nt_getxx.h	host/inc/nt_getxx.h	source-or-header	identical-original	not-directly-selected	b7adbf0d1f261f852f78179e757fb1ed8004db8ea6711ddf1fc4d5bb19819c46	b7adbf0d1f261f852f78179e757fb1ed8004db8ea6711ddf1fc4d5bb19819c46	7bcc1f879035d11ef4acaf003e91a166378996dff0710f25efb636edd7043d56	7bcc1f879035d11ef4acaf003e91a166378996dff0710f25efb636edd7043d56	retain-pristine
src/core/softpc/host/inc/nt_graph.h	host/inc/nt_graph.h	source-or-header	direct-original-diff	not-directly-selected	4385d3795193b29e3f8e0302f5ea016c194a1d9ed8ef7d00ea55941beb74d0cd	f23f9cf86756ca99f3204d505baa1d1197446851065f1849814647f5c4cdc6f3	9a9fbb85b430f134082cb4602e7366bd4f13046c18f4cfe5cfaf171221a810c6	240406e7b4871fccd5ffab30944116e1e76e71cdc0b26039ed1c4e125d5cba7a	host
src/core/softpc/host/inc/nt_hunt.h	host/inc/nt_hunt.h	source-or-header	identical-original	not-directly-selected	bfe7f5fdad083744001220f808025b2da24d6768d2b242768de9cac9447d9462	bfe7f5fdad083744001220f808025b2da24d6768d2b242768de9cac9447d9462	9b2833788a677f974c63f81db44ff4154392c7c49bc8ebf950c7d8ccb56ead5b	9b2833788a677f974c63f81db44ff4154392c7c49bc8ebf950c7d8ccb56ead5b	retain-pristine
src/core/softpc/host/inc/nt_inthk.h	host/inc/nt_inthk.h	source-or-header	direct-original-diff	not-directly-selected	16d14c898b10a85fe211fa60977b9e7abdf0c9f4e38fc2844f5d0e056416686a	463f0daebc4d196dc1e108289cf10a8c3e3580efc1cf96ca880af30acbc4e632	a1839e037464894b7c303bbf011e4c4c36dc88a59d72c33d842065513c1a71da	9fad491b7deb94b6fb9a7d42efa847c6bc6b806bb3b293ee24d3e0139d9e7058	host
src/core/softpc/host/inc/nt_mem.h	host/inc/nt_mem.h	source-or-header	identical-original	not-directly-selected	3bc1805a7d900f3b4a4718dafdb130f9fa089ef29b3839ec62be9fe7851c7e3d	3bc1805a7d900f3b4a4718dafdb130f9fa089ef29b3839ec62be9fe7851c7e3d	ec152f3aa0016a31fc8efb1d5be4aaf2503249ef8123cafebd9422c2e76f7e1d	ec152f3aa0016a31fc8efb1d5be4aaf2503249ef8123cafebd9422c2e76f7e1d	retain-pristine
src/core/softpc/host/inc/nt_mon.h	host/inc/nt_mon.h	source-or-header	identical-original	not-directly-selected	c55c392d342b5dbef7c5c692d5f7c4d06486e9cf1597fe8a1b4a166e61bdc804	c55c392d342b5dbef7c5c692d5f7c4d06486e9cf1597fe8a1b4a166e61bdc804	71984f96ab85eae96e8b24b54f523665f93bc5d8fd0fda1bf776eb04a8938b2b	71984f96ab85eae96e8b24b54f523665f93bc5d8fd0fda1bf776eb04a8938b2b	retain-pristine
src/core/softpc/host/inc/nt_mouse.h	host/inc/nt_mouse.h	source-or-header	identical-original	not-directly-selected	bb80ed237120b9def63e41f25bbbe19d6e89512944270eb492b2d4c11546e2aa	bb80ed237120b9def63e41f25bbbe19d6e89512944270eb492b2d4c11546e2aa	5900e3f89198c36d3d487f79edd0f1a210175d5d1f28dc2a65c506649dd6b00e	5900e3f89198c36d3d487f79edd0f1a210175d5d1f28dc2a65c506649dd6b00e	retain-pristine
src/core/softpc/host/inc/nt_paint.h	host/inc/nt_paint.h	source-or-header	identical-original	not-directly-selected	1a04bb94c25ef5dfe4c890442262d0b3162f0a9e0b7bd89c53df12a63aff506f	1a04bb94c25ef5dfe4c890442262d0b3162f0a9e0b7bd89c53df12a63aff506f	9695040b913e33c5521c9458d0dfb97bc75498296cd0117f98f99b3fb4d78956	9695040b913e33c5521c9458d0dfb97bc75498296cd0117f98f99b3fb4d78956	retain-pristine
src/core/softpc/host/inc/nt_pif.h	host/inc/nt_pif.h	source-or-header	identical-original	not-directly-selected	a8069d676141812cddc35adb0b29ea58e58bba0a7f29dcf287468108188b8d09	a8069d676141812cddc35adb0b29ea58e58bba0a7f29dcf287468108188b8d09	26305ed424d806e847d4fa80a76e000efe7b98f00ca4f5448ae985a0ed0a62c4	26305ed424d806e847d4fa80a76e000efe7b98f00ca4f5448ae985a0ed0a62c4	retain-pristine
src/core/softpc/host/inc/nt_reset.h	host/inc/nt_reset.h	source-or-header	identical-original	not-directly-selected	91e93365fc76a16fea422918dc0bfb32499f27cd9c84998268a9368eb367c7f3	91e93365fc76a16fea422918dc0bfb32499f27cd9c84998268a9368eb367c7f3	a678d0be9826360d52ae7cbd351c732bc35fa4c09d82b97011c02832f8b0bf4e	a678d0be9826360d52ae7cbd351c732bc35fa4c09d82b97011c02832f8b0bf4e	retain-pristine
src/core/softpc/host/inc/nt_smenu.h	host/inc/nt_smenu.h	source-or-header	identical-original	not-directly-selected	811068f48a8b312a7096c4261a20d09d2629c3b15a00857342c48c2fdc09b9b4	811068f48a8b312a7096c4261a20d09d2629c3b15a00857342c48c2fdc09b9b4	a6982c2ec93da0192d34229c1b3b4a6009ed9ed7f102b0f59eb8d47615ce225a	a6982c2ec93da0192d34229c1b3b4a6009ed9ed7f102b0f59eb8d47615ce225a	retain-pristine
src/core/softpc/host/inc/nt_thred.h	host/inc/nt_thred.h	source-or-header	identical-original	not-directly-selected	9907ef3c8a402afda59dd15d25ddc0ba02eed85ebabc73f108dbf448382fc695	9907ef3c8a402afda59dd15d25ddc0ba02eed85ebabc73f108dbf448382fc695	e22e0cae42472b62b42387cd3dfd96862ec9b50ae5e1009a859855fcd89373b2	e22e0cae42472b62b42387cd3dfd96862ec9b50ae5e1009a859855fcd89373b2	retain-pristine
src/core/softpc/host/inc/nt_timer.h	host/inc/nt_timer.h	source-or-header	identical-original	not-directly-selected	647d2d1963a32b4406f646afc12f928d53004d38c1df74b2644c9efa1a4f9455	647d2d1963a32b4406f646afc12f928d53004d38c1df74b2644c9efa1a4f9455	483309a95b2af89651d2e34078130c43c756a831cd5e874dda2712a38250075a	483309a95b2af89651d2e34078130c43c756a831cd5e874dda2712a38250075a	retain-pristine
src/core/softpc/host/inc/nt_uis.h	host/inc/nt_uis.h	source-or-header	identical-original	not-directly-selected	fc00f8c6ffff9c57f5f0b203c102709dd8a456cd2644df1dfeb5b5155b81c71e	fc00f8c6ffff9c57f5f0b203c102709dd8a456cd2644df1dfeb5b5155b81c71e	44d47d9c0a18a7abbeb5e4a08ec4aab10ee99d04c34edd80658663e3add4aaf6	44d47d9c0a18a7abbeb5e4a08ec4aab10ee99d04c34edd80658663e3add4aaf6	retain-pristine
src/core/softpc/host/inc/nt_vddp.h	host/inc/nt_vddp.h	source-or-header	identical-original	not-directly-selected	92c8ea5d3764c20679f9c58d77e316c65f092cca2913114e47d590ecfb459912	92c8ea5d3764c20679f9c58d77e316c65f092cca2913114e47d590ecfb459912	74a2607feb84d1cd99f0851d0eaf1ecf3f98aba020f739337dbdfd1ae124e4fa	74a2607feb84d1cd99f0851d0eaf1ecf3f98aba020f739337dbdfd1ae124e4fa	retain-pristine
src/core/softpc/host/inc/ntcheese.h	host/inc/ntcheese.h	source-or-header	identical-original	not-directly-selected	c10f8e844e9d57f33abf5b57092ef0ce2dae35e9e8c4b642c3be5312b264ca3e	c10f8e844e9d57f33abf5b57092ef0ce2dae35e9e8c4b642c3be5312b264ca3e	65f63ca91758ea81c472ef87a922e87201b0d09c434ebe8cfe9f0c7efd020d03	65f63ca91758ea81c472ef87a922e87201b0d09c434ebe8cfe9f0c7efd020d03	retain-pristine
src/core/softpc/host/inc/ppc/pig/c2cpusad.h	host/inc/ppc/pig/c2cpusad.h	source-or-header	identical-original	not-directly-selected	7f3a09f96bd67856e38a263dd2c570d2cb089c4ed0546c7dcd8c0bd4c60e3621	7f3a09f96bd67856e38a263dd2c570d2cb089c4ed0546c7dcd8c0bd4c60e3621	636674e26d7c5343b3cc30edf4ab44fa6c4e6016ea97d40c104fc34a72386abb	636674e26d7c5343b3cc30edf4ab44fa6c4e6016ea97d40c104fc34a72386abb	retain-pristine
src/core/softpc/host/inc/ppc/pig/cpu_c.h	host/inc/ppc/pig/cpu_c.h	source-or-header	identical-original	not-directly-selected	fd2ebb84a6f8a9c3092c619a10a701e2b0ae813b8689a0364f7e17cca8bacaff	fd2ebb84a6f8a9c3092c619a10a701e2b0ae813b8689a0364f7e17cca8bacaff	8b273efad0cff09395bb76330a439935b736a89774fe78a8055343f2defe16e1	8b273efad0cff09395bb76330a439935b736a89774fe78a8055343f2defe16e1	retain-pristine
src/core/softpc/host/inc/ppc/pig/cpu4gen.h	host/inc/ppc/pig/cpu4gen.h	source-or-header	identical-original	not-directly-selected	11aa60613b6d85e24b0b1c747ed7fec595239eee4959e062f9e6c3f3fb63d9f5	11aa60613b6d85e24b0b1c747ed7fec595239eee4959e062f9e6c3f3fb63d9f5	9b6c76e33458ef63fb8a9f911a8c99e35cdb8d6cc8b31feeba29f212d29531c7	9b6c76e33458ef63fb8a9f911a8c99e35cdb8d6cc8b31feeba29f212d29531c7	retain-pristine
src/core/softpc/host/inc/ppc/pig/cpuint_c.h	host/inc/ppc/pig/cpuint_c.h	source-or-header	identical-original	not-directly-selected	b171b9bb51bf810c5e9f839a88a79a6f1eb66c37c4128069fe3e7972da849ede	b171b9bb51bf810c5e9f839a88a79a6f1eb66c37c4128069fe3e7972da849ede	65eac2fbdb6bd7795a2c7f8dbaa7008037053c81516752ca48998f2f8e0b3e07	65eac2fbdb6bd7795a2c7f8dbaa7008037053c81516752ca48998f2f8e0b3e07	retain-pristine
src/core/softpc/host/inc/ppc/pig/evidgen.h	host/inc/ppc/pig/evidgen.h	source-or-header	identical-original	not-directly-selected	7e429987c49ec9e87ca45394eeddc87c73877e5f95aed73e1bc1d7224d308772	7e429987c49ec9e87ca45394eeddc87c73877e5f95aed73e1bc1d7224d308772	33fb1e85e25dd3213077b1f865e7145b3051c42de2c44bd8e0796aa2d87f3236	33fb1e85e25dd3213077b1f865e7145b3051c42de2c44bd8e0796aa2d87f3236	retain-pristine
src/core/softpc/host/inc/ppc/pig/gdpvar.h	host/inc/ppc/pig/gdpvar.h	source-or-header	identical-original	not-directly-selected	390632880e396c5ffc49d568bd6f47d49b20ccd0ddd43068bf1ab6476543a334	390632880e396c5ffc49d568bd6f47d49b20ccd0ddd43068bf1ab6476543a334	c5ec1bf1c90814831065c4ee6ad921475c5890223587eeeccb9ba1f3ee7e77d2	c5ec1bf1c90814831065c4ee6ad921475c5890223587eeeccb9ba1f3ee7e77d2	retain-pristine
src/core/softpc/host/inc/ppc/pig/sas4gen.h	host/inc/ppc/pig/sas4gen.h	source-or-header	identical-original	not-directly-selected	27fbe4d2cc6b0ff3657b8ffdea1cfcf9622afc851639894c8948c39b5ae0ebf2	27fbe4d2cc6b0ff3657b8ffdea1cfcf9622afc851639894c8948c39b5ae0ebf2	f144849de98cdfa499cd861dc02d4d8be4f9d78091d687b748d98d05acad2803	f144849de98cdfa499cd861dc02d4d8be4f9d78091d687b748d98d05acad2803	retain-pristine
src/core/softpc/host/inc/ppc/prod/c2cpusad.h	host/inc/ppc/prod/c2cpusad.h	source-or-header	identical-original	not-directly-selected	7f3a09f96bd67856e38a263dd2c570d2cb089c4ed0546c7dcd8c0bd4c60e3621	7f3a09f96bd67856e38a263dd2c570d2cb089c4ed0546c7dcd8c0bd4c60e3621	636674e26d7c5343b3cc30edf4ab44fa6c4e6016ea97d40c104fc34a72386abb	636674e26d7c5343b3cc30edf4ab44fa6c4e6016ea97d40c104fc34a72386abb	retain-pristine
src/core/softpc/host/inc/ppc/prod/cpu_c.h	host/inc/ppc/prod/cpu_c.h	source-or-header	identical-original	not-directly-selected	886bc29491f7c54e7210d8a456cda7f935ca279065149c90e109cbbfc16155dc	886bc29491f7c54e7210d8a456cda7f935ca279065149c90e109cbbfc16155dc	671f16911d3a569d2901f9e1a7bd3302a76996cdf6cc5c1679e961450ff8145a	671f16911d3a569d2901f9e1a7bd3302a76996cdf6cc5c1679e961450ff8145a	retain-pristine
src/core/softpc/host/inc/ppc/prod/cpu4gen.h	host/inc/ppc/prod/cpu4gen.h	source-or-header	identical-original	not-directly-selected	11aa60613b6d85e24b0b1c747ed7fec595239eee4959e062f9e6c3f3fb63d9f5	11aa60613b6d85e24b0b1c747ed7fec595239eee4959e062f9e6c3f3fb63d9f5	9b6c76e33458ef63fb8a9f911a8c99e35cdb8d6cc8b31feeba29f212d29531c7	9b6c76e33458ef63fb8a9f911a8c99e35cdb8d6cc8b31feeba29f212d29531c7	retain-pristine
src/core/softpc/host/inc/ppc/prod/cpuint_c.h	host/inc/ppc/prod/cpuint_c.h	source-or-header	identical-original	not-directly-selected	b171b9bb51bf810c5e9f839a88a79a6f1eb66c37c4128069fe3e7972da849ede	b171b9bb51bf810c5e9f839a88a79a6f1eb66c37c4128069fe3e7972da849ede	65eac2fbdb6bd7795a2c7f8dbaa7008037053c81516752ca48998f2f8e0b3e07	65eac2fbdb6bd7795a2c7f8dbaa7008037053c81516752ca48998f2f8e0b3e07	retain-pristine
src/core/softpc/host/inc/ppc/prod/evidgen.h	host/inc/ppc/prod/evidgen.h	source-or-header	identical-original	not-directly-selected	7e429987c49ec9e87ca45394eeddc87c73877e5f95aed73e1bc1d7224d308772	7e429987c49ec9e87ca45394eeddc87c73877e5f95aed73e1bc1d7224d308772	33fb1e85e25dd3213077b1f865e7145b3051c42de2c44bd8e0796aa2d87f3236	33fb1e85e25dd3213077b1f865e7145b3051c42de2c44bd8e0796aa2d87f3236	retain-pristine
src/core/softpc/host/inc/ppc/prod/gdpvar.h	host/inc/ppc/prod/gdpvar.h	source-or-header	identical-original	not-directly-selected	2eea3e1519eb72cb50ac504855abe2ee81e0145ef588fc771900c5fe2b3b2248	2eea3e1519eb72cb50ac504855abe2ee81e0145ef588fc771900c5fe2b3b2248	a13ff1055464a6e512db3d927f89b61b9b6f627e16666d5b54722d2149e5904d	a13ff1055464a6e512db3d927f89b61b9b6f627e16666d5b54722d2149e5904d	retain-pristine
src/core/softpc/host/inc/ppc/prod/sas4gen.h	host/inc/ppc/prod/sas4gen.h	source-or-header	identical-original	not-directly-selected	27fbe4d2cc6b0ff3657b8ffdea1cfcf9622afc851639894c8948c39b5ae0ebf2	27fbe4d2cc6b0ff3657b8ffdea1cfcf9622afc851639894c8948c39b5ae0ebf2	f144849de98cdfa499cd861dc02d4d8be4f9d78091d687b748d98d05acad2803	f144849de98cdfa499cd861dc02d4d8be4f9d78091d687b748d98d05acad2803	retain-pristine
src/core/softpc/host/inc/sdos_ddi.h	host/inc/sdos_ddi.h	source-or-header	identical-original	not-directly-selected	c6b1f280ca1a33eadab8509fee4e064b388f4e508355ae9540b3fe1ef0fd10d1	c6b1f280ca1a33eadab8509fee4e064b388f4e508355ae9540b3fe1ef0fd10d1	56d879b8574ca9af15c31087cfd9823779ac2a57d73e26ba47a58261dbbb57c5	56d879b8574ca9af15c31087cfd9823779ac2a57d73e26ba47a58261dbbb57c5	retain-pristine
src/core/softpc/host/inc/sim32.h	host/inc/sim32.h	source-or-header	identical-original	not-directly-selected	eeb9a654e53b5934850a6e7fa86fc67b1576ac9f1b9262d87acb5eed42c2fd98	eeb9a654e53b5934850a6e7fa86fc67b1576ac9f1b9262d87acb5eed42c2fd98	6ae156f1b3f0d619434ad181c5cbc18ffbd0605aa2d178ee2b995899b7e3abfe	6ae156f1b3f0d619434ad181c5cbc18ffbd0605aa2d178ee2b995899b7e3abfe	retain-pristine
src/core/softpc/host/inc/softpc_standalone_dib.h	host/inc/softpc_standalone_dib.h	source-or-header	local-standalone	not-directly-selected	ebf15bca6af3ce103635e2175337da0ad6797f941e2eaca4e00a445e10aedf9f				host
src/core/softpc/host/inc/winsigni.h	host/inc/winsigni.h	source-or-header	identical-original	not-directly-selected	54088b4dcd3e1255852d94eb4beec3dafdfb9f915d20a810624b62179db2c44a	54088b4dcd3e1255852d94eb4beec3dafdfb9f915d20a810624b62179db2c44a	4d5a457742d758085b4a9e1bd31b46fa82a68a56f4f6819aff36cbca31346c05	4d5a457742d758085b4a9e1bd31b46fa82a68a56f4f6819aff36cbca31346c05	retain-pristine
src/core/softpc/host/inc/x86/prod/gdpvar.h	host/inc/x86/prod/gdpvar.h	source-or-header	local-standalone	not-directly-selected	b86745e8eb9a0795ce30656366a76f4e7398c24efa7b7320602ff0a1c3a091ed				host
src/core/softpc/host/inc/x86/prod/PigReg_c.h	host/inc/x86/prod/PigReg_c.h	source-or-header	local-standalone	not-directly-selected	fac49a3797900896f2c84a9c7484cb456312511482d80edf08305b5f034ec784				host
src/core/softpc/host/inc/x86/prod/sas4gen.h	host/inc/x86/prod/sas4gen.h	source-or-header	local-standalone	not-directly-selected	abc942914e4ea58f17d4549c3fcd6753500b012b83056b33b285c4dcee79008b				host
src/core/softpc/host/inc/xmsexp.h	host/inc/xmsexp.h	source-or-header	identical-original	not-directly-selected	4aee7f4219c89043dfd1e5d3c139999524806cefa6e507ebffecd63d9a543072	4aee7f4219c89043dfd1e5d3c139999524806cefa6e507ebffecd63d9a543072	7c5e604ad97e82f7baf39af557324e05565eac52140371d1b5e81b0cadf09af3	7c5e604ad97e82f7baf39af557324e05565eac52140371d1b5e81b0cadf09af3	retain-pristine
src/core/softpc/host/src/nt_cga.c	host/src/nt_cga.c	source-or-header	direct-original-diff	literal-reference	11971dc179df8772495ca1b73817c3e347609fd9e6d307cd287ee593f1688e1f	ef84222253b20092ab43505ea3232b3c1174833166ebb4880cb378880a967cc7	8a770dffec815888b612c60d581adfff700bca805668d44c756da30c0b221f3a	89ef57ea28d6f00e901bc56c26e3dc48bc195a3cf125db628add48d952c15c61	host
src/core/softpc/host/src/nt_com.c	host/src/nt_com.c	source-or-header	direct-original-diff	literal-reference	27b715ac3b6673cf01cb89d2a831474f02aa80c2ce38a78d233739b7dceea667	56d39e89f2e077350ad07b77651224a0162314fced5abb498279b486f35afb32	ee90a9730f4269a9090dff2612eb5b9cbbe5b61e677713147602c82b33bd0f4f	0212a9122a9d1ffb84de9132c076e0ef4cea4bf60986a87d68b7382d4d830544	host
src/core/softpc/host/src/nt_ega.c	host/src/nt_ega.c	source-or-header	direct-original-diff	literal-reference	b1a3a6727ae3ff438292504876f5e482678e5a5e64f9f3a37488f8ca35c27fd9	ebc58583cec7e257a997185a1ab83f3284dbd1efe6e06c99f680bcce93dca695	f6c87e47802f368774b9c98bd30e5af8d67bef2a726d0c8f42af6d1ad51761c1	e092a8ec0b33f6279599ad17739491c5fdc57a52b0098a75bcad8c13f5616f2b	host
src/core/softpc/host/src/nt_graph.c	host/src/nt_graph.c	source-or-header	direct-original-diff	literal-reference	a9c3505c5ca58c8037fb87407b969e73ae09d68dddc6c0e86bf2cf87fe3ff428	e08e6414c0261656b67a97f839256ee4ba6565f84ce6799197f92b98436131d9	864445df0efe4c4e2d2c398c1a18c546d534f2038fc340b4a3eae7a2ed291f8b	fbe378962a14857ecada61925b371ff89bf522a6982826b2167c001071f89d08	host
src/core/softpc/host/src/nt_keycd.c	host/src/nt_keycd.c	source-or-header	direct-original-diff	literal-reference	9e66cbc44ace75dec044e8e6f005c1af97983e30f93b162b1398013dec033b68	4de067c013b25120a09ec7d7a0bb5f0fe16eaba59b665aadbcf891cdfba0caef	2757893720d838908bad55da945d6a9a1b3cf925fee9befe5f14ad2f4956e203	83ecdf5f39569a8641f0bd78a512dac9e836d27b53196243e7319f4dcc6f1ab7	host
src/core/softpc/host/src/nt_lpt.c	host/src/nt_lpt.c	source-or-header	direct-original-diff	literal-reference	b2a9299da582d7a4463caa5fb07a6e6d8652b07dcba6a70591c3019812476d4b	fba617ebdccda8f0cfae4541338d463352e7de3a3e97c3dcf7804fa7eed67ae8	1ef5b201760d8cf68728f9db8c9e35b20a5361bbcc2b28a8f87f7146e03981d4	2b26208e8aed400e15c2fe2e27a2cbda49647e0831e2068a264d8399109dabee	host
src/core/softpc/host/src/nt_munge.c	host/src/nt_munge.c	source-or-header	direct-original-diff	literal-reference	94a2a104f4f32ab8bbc24f16ef532b9a089a56efe4e8eb2ee1d23248f1a1874b	3d4d9557f0c055db81d54e320150898f93addc5808c9562e4f7ebd94f9c51061	a4e783b2aa195faf136fe2c2c81fae56a5dbd7b0ea324159aa5ce19c95310b46	433eefa3290feaba40b420194e8eccb037282dd65ee37adfd7984319ca0a922c	host
src/core/softpc/host/src/nt_sound.c	host/src/nt_sound.c	source-or-header	direct-original-diff	literal-reference	4fd9933e5ac87eebe3957df5aa802ca61599c21e1972d1600de07797f927745f	19e602c67a87241daf66e8613f4897d632acc7c6765f74c2b1eb09cf080e53f6	4eae49adea94f8f88dcc54a9376954bbc45141ad754320c4ff43c1b29948f581	1f3b717c36f30e8c6997314459cf3e454caeddbfb7474b8f185d4973490c3a76	host
src/core/softpc/host/src/nt_vga.c	host/src/nt_vga.c	source-or-header	direct-original-diff	literal-reference	e60e68adab1ac558ae33bc7c20ef0ab41ec53471c8803d3aef511c535a66675e	81db9f2e415e58c21b0a10110d03d0f16532c2150aba84feb2cab8f74627ee6d	42e49c4a976d7f839030ba5a1f8d03607b452e59060a45af8885ca98654ecdd2	0f60095c8f0bac560ab6c4689a3a22e62aa565b33aa1a7f6d08f516b26fa5d55	host
src/core/softpc/suballoc/suballcp.h	../suballoc/suballcp.h	source-or-header	direct-original-diff	not-directly-selected	2f74313cffed74133602eb012b8fcdf38b06b0ff0c11c804d57e0a6b83c7e979	25451aa0c293f3950107e81d81507e692e3db7b089655ceac320e4f3779fadb2	c5252e72dd0f06d5390b4b4cc249a5cb4bd61cbd3f6ef0e7f55f433ec094fc6d	3bd81e3e3dd3ad1f66b8250b39d84157ffbd6091041ef5027bcf2ebdf1faa227	remove-unselected
src/core/softpc/suballoc/suballoc.c	../suballoc/suballoc.c	source-or-header	normalized-identical-original	not-directly-selected	38796e17b35a5c837dc6da73bd20c36e1908774c3146e1d60df9df2adb69d961	b06496e16d551f2bbac37d896b61857c6569eda8c98fb3d26dbf574e594148e0	2851305eaa4dd5606f40c8599a91fff47b31ed5720c00c0a8150d1a9684c25f5	2851305eaa4dd5606f40c8599a91fff47b31ed5720c00c0a8150d1a9684c25f5	retain-pristine
src/core/softpc/suballoc/suballoc.h	../inc/suballoc.h	source-or-header	normalized-identical-original	not-directly-selected	5c27ffe669d571c6494f22617fdf4d1716eaf25924a5197221f19b43f4af5ad9	98263eed4c261650c4b9c9b23f09f2ef19b31a0b1eb5c805d4c672ee85ded85c	0f69b60f973e5f3284e2f7419923eaeb79f3f2e6fb68b24f26a18a41f3227357	0f69b60f973e5f3284e2f7419923eaeb79f3f2e6fb68b24f26a18a41f3227357	retain-pristine
src/core/softpc/xms.486/memapi.h	../inc/memapi.h	source-or-header	normalized-identical-original	not-directly-selected	32f65bc68791b094edf9966d35ce53d4619d97a1ca4d2754a11a784fa4ce41d2	0e72109252dbec2a9c79b54d28d0c2bda0967644dd9d1d1d2d789e8fd8aa8c99	0a6e040ee7ac24a21bb27d47c7e1b5fca033f90d66db36e159318b73c1a394c5	0a6e040ee7ac24a21bb27d47c7e1b5fca033f90d66db36e159318b73c1a394c5	retain-pristine
src/core/softpc/xms.486/xms.c	../xms.486/xms.c	source-or-header	normalized-identical-original	not-directly-selected	fe0c788dc709e9fedde6f8273a2079bd09847b820f65acb914cbd43e45893c7c	592f4a063ad84c21890cdc15e56d4900e6669224c7c34c829c09d25dff9bed75	37d5d4bbb0af26d1e9e625eb84f878a1196f7e8e9b0177397038ed29676191e1	37d5d4bbb0af26d1e9e625eb84f878a1196f7e8e9b0177397038ed29676191e1	retain-pristine
src/core/softpc/xms.486/xms.h	../xms.486/xms.h	source-or-header	direct-original-diff	not-directly-selected	e5f2c07137f4264084ecd67aad7762177aa5a2607e0d8ab06b5bce0ce3012ea2	0fad52bf1e4c6db87bdc77cf9ec2f35540da2fc4972d2b32e32d57a46776a9fc	a5b1587225273808846c47d7439cfae0175b372233fbbed5bfc86b2602b46756	2f30b77f7ba08a15f4aadc86b871c97eb3da518c0f22e30bf8412dba02c1dc34	remove-unselected
src/core/softpc/xms.486/xmsa20.c	../xms.486/xmsa20.c	source-or-header	direct-original-diff	not-directly-selected	fa7edc9e47aaee2c0c9ef9ba28322926ed4892f57e7b5133eecdf46cc032d8fb	7261b7064a089b655b8d41d3e4ef6887be869af2b7b62970389aeee9a8acc94b	98245bef2a55b1e88e1d9338bddc781231b5736e7814d9218ebe9a0627d0b64e	04feb092259607ab57faa6f06dc96dd5490a03a675247a715ac72c587192dab9	remove-unselected
src/core/softpc/xms.486/xmsblock.c	../xms.486/xmsblock.c	source-or-header	direct-original-diff	not-directly-selected	c8e02692eefe8fbace6147b877b98ee3bc21e84510a9b4360b0459c5521c5e48	bad1de87b499d3052e757d858b39437232f5653610dc5560c06afcc5e05fd391	c5a339c5e6cf6f871d9d88264f01c87c9aeb8743b678f9193733172546cf2ff0	0f5f7155d2316995840db3740aece7499b330893823eeb742fe9c5a4e27b1d9b	remove-unselected
src/core/softpc/xms.486/xmsdisp.c	../xms.486/xmsdisp.c	source-or-header	normalized-identical-original	not-directly-selected	87beacae7bdb3354347792d0e250eaa377b60896f7bb527bbdea1b557bffe4a7	24b0fa2fe32bd7a94606d424a10b0961a9911190cb2684456af04034e04bff01	0d0732fc5b5e4bd0958584a30d5ec5f466c8d63c676dd9813343984597d7d654	0d0732fc5b5e4bd0958584a30d5ec5f466c8d63c676dd9813343984597d7d654	retain-pristine
src/core/softpc/xms.486/xmsmisc.c	../xms.486/xmsmisc.c	source-or-header	normalized-identical-original	not-directly-selected	ce9a8142d44d875c5c7f19d41768294f93938008720590a4841f955e86749b06	10ad205d9dede714749a9746dd99b3389546b8aaf3a63dd0236386a9d4ce5245	d7b135612ab23826d1f86db599a7a4dcf75e06b645148d98b79021a0ed5711a6	d7b135612ab23826d1f86db599a7a4dcf75e06b645148d98b79021a0ed5711a6	retain-pristine
src/core/softpc/xms.486/xmssvc.h	../inc/xmssvc.h	source-or-header	normalized-identical-original	not-directly-selected	6cbe546b8eea5a68d392d2527feff7e23e9d657feca8e8bb33a2a9b6d8b2742e	e2661ecf606b903e4c3053c4e6fe8197f4f4b15dde81393fb6fd508f09bccebe	bf761d81ff07fc8eb84ff0c3cd0331b909888c99547f5181c1f1a8ca9c52e0f2	bf761d81ff07fc8eb84ff0c3cd0331b909888c99547f5181c1f1a8ca9c52e0f2	retain-pristine
src/core/softpc/xms.486/xmsumb.c	../xms.486/xmsumb.c	source-or-header	normalized-identical-original	not-directly-selected	201dd0619ead903c12173e862a2c359c98afbf37f623121d7124dd3007c304b7	1608b70f239570f2cb5beeaeeaca63065cc9550bd6bad15b47f4160307b33ddc	2a2720f3d17283992acf5492ff1ca69ed60812703ef597e46e8f4fe337a8c49c	2a2720f3d17283992acf5492ff1ca69ed60812703ef597e46e8f4fe337a8c49c	retain-pristine
src/core/softpc_device_bop.c	-	source-or-header	local-standalone	literal-reference	53a601c63eb444cb3fa0bf5acaac5dde996aa75008224a5cd61ea8bee756546c				host
src/core/softpc_gfi_image.c	-	source-or-header	local-standalone	literal-reference	885cf10607ad1df13a45fea682ee0453f4b518037c1dcdc990c19872dfe15e03				host
src/core/softpc_machine.c	-	source-or-header	local-standalone	literal-reference	1f2f23f524a81e2c2231573bd7a4250ba665b44a870975d6c509a2fdf516d4f7				host
src/core/softpc_machine.h	-	source-or-header	local-standalone	not-directly-selected	dcc2091e8343e9055e265bbfb8a60a2454a1fd617f56d514fd7c2eef7581a79d				host
src/core/softpc_standalone_dib.c	-	source-or-header	local-standalone	literal-reference	504f7be03c9a41390d3a9b5533c32e381cda1232045c34e794f9a0961367fa0e				host
src/core/softpc_standalone_platform.c	-	source-or-header	local-standalone	literal-reference	83b1984209534e55dcde0239e51291c2a93f2fe39e896e0f069464d7e67351c0				host
src/core/softpc_xms_host.c	-	source-or-header	local-standalone	not-directly-selected	d01e697fa93b15db3978c0a110b048a4b503cb4cdf18491ae89b8cf3a3a7e6f1				remove-unselected
src/core/softpc-port-abi/ccpu/softpc_ccpu_lifecycle.c	-	source-or-header	local-standalone	literal-reference	10aea52e16ee6f2cb5f32de780cba7b37559da7b5b65d8205ee306689e3fde59				overlay
src/core/softpc-port-abi/ccpu/softpc_ccpu_lifecycle.h	-	source-or-header	local-standalone	not-directly-selected	40a79cf735c1591077e1ec5c35d09dd555578d56bfd032fbbf5a98d3304127a6				overlay
src/core/softpc-port-abi/cmos/softpc_cmos_host.h	-	source-or-header	local-standalone	literal-reference	14d78666ba49028d6f915892985ada2b09383589b983eeb2e0f81b3892dd10fc				overlay
src/core/softpc-port-abi/cvidc/softpc_gdp_rule_access.h	-	source-or-header	local-standalone	not-directly-selected	c9d56a3a5567bad230cde94a591870fb9066d9d92b05a41cd65c13813b31b5f0				overlay
src/core/softpc-port-abi/cvidc/softpc_gdp_slots.h	-	source-or-header	local-standalone	not-directly-selected	231184271ad1979b6d2fc9e7ce9336fc9dcb10176610ac1cda76df630d8dda7a				overlay
src/core/softpc-port-abi/cvidc/softpc_gdp_state.c	-	source-or-header	local-standalone	literal-reference	312610b078251443248320c429d8e7188461fab05ccdafb738a756bd58a327f1				overlay
src/core/softpc-port-abi/cvidc/softpc_gdp_state.h	-	source-or-header	local-standalone	not-directly-selected	b5f20930d0948e0e7af6ecd2609888470628d2b7b9ba056bf658367f2f2491c5				overlay
src/core/softpc-port-abi/illegalp/error.h	-	source-or-header	local-standalone	not-directly-selected	318e9a85a57fd48f9d7d81540b724a0eb6b3730b855b80fdcb6463d288cd73ba				overlay
src/core/softpc-port-abi/keyba/cpu4.h	-	source-or-header	local-standalone	not-directly-selected	43b0f61c062feae399622b69d1b036453fa01686c6934b5a3cb416fef8235267				overlay
src/core/softpc-port-abi/reset/host_def.h	-	source-or-header	local-standalone	literal-reference	807d6b618fd08bb9f19787df63bc1dca6782e0dc861a0a636ccd8f6ccd981057				overlay
src/core/softpc-port-abi/xms/mvdm.h	-	source-or-header	local-standalone	not-directly-selected	12c88b2b9225683a08169cd0581117a5a244b408bbcb6abc9184b38a02d6d2c1				overlay
src/core/softpc-port-abi/xms/softpc.h	-	source-or-header	local-standalone	not-directly-selected	3226a6a39d2e5f247c5385748f2da7af9863f533bb420573ef38a12096a87f41				overlay
src/host/softpc_compat/conapi.h	-	source-or-header	local-standalone	not-directly-selected	59b57245c3d52169de534ec4ce6c50f7486ede3c78829bf8e9436acad0eb6d81				host
src/host/softpc_compat/edl_fast_bop.c	-	source-or-header	local-standalone	literal-reference	7798c6e7e0610c58581182054e3927e105ff1580ded523190903df4f84a39c94				host
src/host/softpc_compat/graphics_console_compat.c	-	source-or-header	local-standalone	literal-reference	b53f83b163b1cbd5650d5f43c05608c2d892177cee968c658b186f30020d6394				host
src/host/softpc_compat/softpc_host_input.h	-	source-or-header	local-standalone	not-directly-selected	49fb9169d29079cf67b2fce208487ad73f23f42456562cc66d7f845245ca3ea5				host
src/mvdm/softpc.new/roms/bios1.rom	roms/bios1.rom	resource-or-build-input	identical-original	not-directly-selected	1ce33544249fef59865b91308faf60f354563cf854f80eb196d47c968899a574	1ce33544249fef59865b91308faf60f354563cf854f80eb196d47c968899a574	bacd2b4287f8bbbd8ffa03c1e3095ef609181bfbeb0a4b720b1aa2d3abdf08dc	bacd2b4287f8bbbd8ffa03c1e3095ef609181bfbeb0a4b720b1aa2d3abdf08dc	retain-pristine
src/mvdm/softpc.new/roms/bios4.rom	roms/bios4.rom	resource-or-build-input	identical-original	not-directly-selected	b09fdff1a500971d54233378ce9c36f1b6a58bf577e4a544da03a0d78d7e0d6f	b09fdff1a500971d54233378ce9c36f1b6a58bf577e4a544da03a0d78d7e0d6f	1056c10694b2bb498b77cfe98c2af3165b491e56210b39e0d2a64b6ebd8f2ef6	1056c10694b2bb498b77cfe98c2af3165b491e56210b39e0d2a64b6ebd8f2ef6	retain-pristine
src/mvdm/softpc.new/roms/cmos.ram	roms/cmos.ram	resource-or-build-input	identical-original	not-directly-selected	97fca7adb543bdac4e571185a3f37c17a30a6ad937e0817048d965a850edddd9	97fca7adb543bdac4e571185a3f37c17a30a6ad937e0817048d965a850edddd9	97fca7adb543bdac4e571185a3f37c17a30a6ad937e0817048d965a850edddd9	97fca7adb543bdac4e571185a3f37c17a30a6ad937e0817048d965a850edddd9	retain-pristine
src/mvdm/softpc.new/roms/v7vga.rom	roms/v7vga.rom	resource-or-build-input	identical-original	not-directly-selected	970f105cd9e42ee56f07aae695bac89786d3455ab9d4c1ea9a1d1643b1e8f6f0	970f105cd9e42ee56f07aae695bac89786d3455ab9d4c1ea9a1d1643b1e8f6f0	5d95dc54a978e69a2edf807a9c082a3cc90433f91db6721a5341597ddfb2b03b	5d95dc54a978e69a2edf807a9c082a3cc90433f91db6721a5341597ddfb2b03b	retain-pristine
src/vm/console.c	-	source-or-header	local-standalone	literal-reference	492845d8521cfd872c578bbbec0610a05028c07e767b42c51bed62a734a3bf22				app
src/vm/console.h	-	source-or-header	local-standalone	not-directly-selected	846d7da0520ad8e9d3e00ed765e5350142ad4f901bede135e1f9f79cf6fefa24				app
src/vm/main.c	-	source-or-header	local-standalone	literal-reference	8bfc225e8df6b860e98d9e02034952fe2fd36c43cbce41c12cd0f15f2b30a37f				app
src/vm/runtime.c	-	source-or-header	local-standalone	literal-reference	70ea5bcf4bd126a71a58c56e1465c546247a967f4263eafe8c99ca7cd120f56d				app
src/vm/runtime.h	-	source-or-header	local-standalone	not-directly-selected	29f115f4f38212a5911541f382ee97e3804a245bbb079c6f9539e97d1df5ab91				app
src/vm/softpc_firmware.rc	-	source-or-header	local-standalone	literal-reference	be1a99824271fd78b7f9b188525ba53ee10e25b44aa7241d6cae2ba26f6a6bd7				app
src/vm/win32_keyboard.c	-	source-or-header	local-standalone	literal-reference	6ad4c0ffc509829d3b061d380ee0a3fcda695d1769140bf730e21d46ba7fa98c				app
src/vm/win32_keyboard.h	-	source-or-header	local-standalone	not-directly-selected	e32c78df9f649f7c547768b589b105dc4f45d5a9cd997d42a1704bc0d731c89a				app
src/vm/win32_window.c	-	source-or-header	local-standalone	literal-reference	80954e4d26cb14255a37b4371f2bc5af544ed77eb690d223c62e87f5ab43e4bb				app
src/vm/win32_window.h	-	source-or-header	local-standalone	not-directly-selected	7cdcd329edc28a89e9100bce5ac983cbd3c188756e57eed27059566c94018622				app
-	../suballoc/debug.c	source-or-header	original-omitted	not-selected		e3b0c44298fc1c149afbf4c8996fb92427ae41e4649b934ca495991b7852b855			classify-before-T15
-	../suballoc/foo.bar	resource-or-build-input	original-omitted	not-selected		0350c8ad182e081c6106cd75a56b7f8e18b07445d0668835485a55761463a905			classify-before-T15
-	../suballoc/makefile	source-or-header	original-omitted	not-selected		26957856e8a7f42a1740419cf3451497129f1d8284301d42f1a89ee13dd5a459			classify-before-T15
-	../suballoc/obj/_objects.mac	resource-or-build-input	original-omitted	not-selected		d4bb0b4f285aa32979f67755665be35dcc17c7bdd7a0ccaa968a5ca72dc89d9d			classify-before-T15
-	../suballoc/obj/i386/suballoc.obj	binary-output	excluded-binary-output	not-selected		92b4e62c7ab84e413b4590ea3148b87804cd675d8d6cbc85dffb74edbd2801b9			exclude-binary-output
-	../suballoc/sources	source-or-header	original-omitted	not-selected		fabb2241cea80f81921560057b26186d188fa5e61a097e387b41a5a690ce4e81			classify-before-T15
-	../suballoc/suballoc.txt	resource-or-build-input	original-omitted	not-selected		5f8ef01da1307cb393db9c2e6dbaa505d2dc14abc2625d0cafa39695c12c6cf7			classify-before-T15
-	../suballoc/tsa.c	source-or-header	original-omitted	not-selected		e039bae08563e26670168eb64d332408256e89d9d3e9e2a719a8894a5e57a7e6			classify-before-T15
-	../xms.486/alpha/sources	source-or-header	original-omitted	not-selected		b43d8c070518038c41108b463c1cbd09bf77fc534adc320e596029005d0ec69d			classify-before-T15
-	../xms.486/i386/sources	source-or-header	original-omitted	not-selected		c8d22f4169bbf598d5ed5dbe81f0382c091dc04dcad5b98d9e5724c0e8ad1162			classify-before-T15
-	../xms.486/i386/xmsmem86.c	source-or-header	original-omitted	not-selected		10b4128215d7ff9f101f7c517805fd9a6d177b01679bd587eb5747040960485a			classify-before-T15
-	../xms.486/makefile	source-or-header	original-omitted	not-selected		0e91e3ac947853ae1230c8ae1d9c83bf0b3adfcfd282d84139265f44c9f803f4			classify-before-T15
-	../xms.486/mips/sources	source-or-header	original-omitted	not-selected		b3aa4de02b3ff61e635dd5604e38b189e46dcec7681fa7b5255d32fd6422af78			classify-before-T15
-	../xms.486/obj/_objects.mac	resource-or-build-input	original-omitted	not-selected		9eabcc0d952c321916f28cb511e207c5ad010aa26150827ec8bd202551e217bd			classify-before-T15
-	../xms.486/obj/i386/xms.obj	binary-output	excluded-binary-output	not-selected		6c9112ac6ccb00e12f2703a15983c90cff58f6779945a98a7710304546825d12			exclude-binary-output
-	../xms.486/obj/i386/xmsa20.obj	binary-output	excluded-binary-output	not-selected		442c3a57c430f1bfbdeb85be2901e32405e6931c5e7ec960dc6412da1e6c481f			exclude-binary-output
-	../xms.486/obj/i386/xmsblock.obj	binary-output	excluded-binary-output	not-selected		4b8b6d30aa65ca6274c5cfd654104ad1005525e09d3382c6cf34da3f7addbc29			exclude-binary-output
-	../xms.486/obj/i386/xmsdisp.obj	binary-output	excluded-binary-output	not-selected		f2ccaf1d3561f68d342ecb47659488868207f65c12a9dc15576cf2df45b0aba7			exclude-binary-output
-	../xms.486/obj/i386/xmsmem86.obj	binary-output	excluded-binary-output	not-selected		7ad73a3ce41f06d62f65df4edca018952e242c9d0b49935ee3adb6e2e7f65c3e			exclude-binary-output
-	../xms.486/obj/i386/xmsmisc.obj	binary-output	excluded-binary-output	not-selected		9c1559270cce7633002eb0e861915e027df27e41393e594449751a95c6c1f30b			exclude-binary-output
-	../xms.486/obj/i386/xmsumb.obj	binary-output	excluded-binary-output	not-selected		7566aa60accc7921f98fe5c92be36af195b8f441ead64dbf865b1be285bf796d			exclude-binary-output
-	../xms.486/ppc/sources	source-or-header	original-omitted	not-selected		c5fc3cdd5aedef091710cacbe45ed2607f8ed22bc114793930ac97fceded14c0			classify-before-T15
-	../xms.486/sources	source-or-header	original-omitted	not-selected		f57773cee2d51e76a255f966a3e97d749cec0c48945f975e9b8075f44350cdac			classify-before-T15
-	../xms.486/xmsmemr.c	source-or-header	original-omitted	not-selected		70970ed738101458f8036b5a283f034eb64baf32ead84a59a6b02278b327612c			classify-before-T15
-	base/bios/bios.c	source-or-header	original-omitted	not-selected		a8345e88db25332bdf008bdc730ffa15bdc6110ecf1a6c54ed7e59c95ca7085b			classify-before-T15
-	base/bios/cntlbop.c	source-or-header	original-omitted	not-selected		c65121f592f91efbea0db0b3282f3252f4a58a4a87a281570ee3a0e50686cc87			classify-before-T15
-	base/bios/emm_fncs.c	source-or-header	original-omitted	not-selected		2ffb142bb4ad67958493668e06bec3d81936790497965cdc5ca8a2ac0e142722			classify-before-T15
-	base/bios/ill_bop.c	source-or-header	original-omitted	not-selected		89df5a6fa3fc27def18b904fcd83f6c872778fec33dfc58634c9f73449165799			classify-before-T15
-	base/bios/makefile	source-or-header	original-omitted	not-selected		26957856e8a7f42a1740419cf3451497129f1d8284301d42f1a89ee13dd5a459			classify-before-T15
-	base/bios/obj/_objects.mac	resource-or-build-input	original-omitted	not-selected		cd2ac00bc6b6f85cea01d64faf98cb45208591cfa0f5bec7baee118b395de097			classify-before-T15
-	base/bios/obj/i386/bios.lib	binary-output	excluded-binary-output	not-selected		d9971e9962f2d0e3c51e45c8ec36930110d257be72c5554849fa8bc770eb96eb			exclude-binary-output
-	base/bios/obj/i386/bios.obj	binary-output	excluded-binary-output	not-selected		a7e41b4490a7e70c20880aa0535512f9c9694f20f7d5d933fa141493914e1312			exclude-binary-output
-	base/bios/obj/i386/build_id.obj	binary-output	excluded-binary-output	not-selected		26f08bfbf1b2330adcfb93e5dd60ad7db0280b326352f126cf757f3d62bbbaf7			exclude-binary-output
-	base/bios/obj/i386/cmos_bis.obj	binary-output	excluded-binary-output	not-selected		e85a734c87347f120baf9975b1314e9cf51672e2e67d1d05bffc593f3650a061			exclude-binary-output
-	base/bios/obj/i386/cntlbop.obj	binary-output	excluded-binary-output	not-selected		6db81c004053e5f6d86cde996830d79183f87f06147d17fede9902e10dd0e48d			exclude-binary-output
-	base/bios/obj/i386/emm_fncs.obj	binary-output	excluded-binary-output	not-selected		af5f7b8cd3cf248c3bfba9c3a13191c073dcf4e92e62bf93fba15dda09695925			exclude-binary-output
-	base/bios/obj/i386/equipmnt.obj	binary-output	excluded-binary-output	not-selected		ad505958ec06f82f05161065fc0c1eaa1278101889143e92cacf386845ecd2f2			exclude-binary-output
-	base/bios/obj/i386/ill_bop.obj	binary-output	excluded-binary-output	not-selected		0c6a1592fae7ea02fff5a1e9cc7692318319ad47cb716b550508f4402395e288			exclude-binary-output
-	base/bios/obj/i386/mem_size.obj	binary-output	excluded-binary-output	not-selected		f13126377427d429135f0d5763fc7399a4a843a863d4fc59f17d6f4354dee493			exclude-binary-output
-	base/bios/obj/i386/reset.obj	binary-output	excluded-binary-output	not-selected		c4835c2bcdad5282817640948eac6cf948c2ac980436c0a46b07e3dfb0e442b0			exclude-binary-output
-	base/bios/obj/i386/rom_basc.obj	binary-output	excluded-binary-output	not-selected		89db10df614afe3713057336cd30faaeed333fc8ea578569a93edd9a1e0ed793			exclude-binary-output
-	base/bios/obj/i386/rtc_bios.obj	binary-output	excluded-binary-output	not-selected		ac2d78ff011a1f73c84d12137a5cb607da24f8a49429ec0ec477f251c3bb58bc			exclude-binary-output
-	base/bios/obj/i386/slave_bs.obj	binary-output	excluded-binary-output	not-selected		daf23a2843352be2d239f7d7d972bb21d676766c1476ceaa0fb5d6330e648f22			exclude-binary-output
-	base/bios/obj/i386/tape_io.obj	binary-output	excluded-binary-output	not-selected		a8b4735bdf2237df4c06cda56585935e6251c81cbe19835aba0ddf17c94d2d25			exclude-binary-output
-	base/bios/obj/i386/virtual.obj	binary-output	excluded-binary-output	not-selected		b1f6f4a8977d8708c025d20ff8acff884ed0ae3e244f2f38c3a2862a2486d458			exclude-binary-output
-	base/bios/rtc_bios.c	source-or-header	original-omitted	not-selected		bc5e3a66a552e293ae1ec9653205f8432867b4290e3d4ecad6ae5cd1ccab4cb6			classify-before-T15
-	base/bios/sources	source-or-header	original-omitted	not-selected		6f125d8d4a327604ee0c46bddcb81955a1ab633d0e0ae877748218da662358bd			classify-before-T15
-	base/bios/virtual.c	source-or-header	original-omitted	not-selected		346e2186fe608c318a25796c7d6a35bbc8de6f21c255b212c2ddfc2bc3c89f40			classify-before-T15
-	base/comms/makefile	source-or-header	original-omitted	not-selected		26957856e8a7f42a1740419cf3451497129f1d8284301d42f1a89ee13dd5a459			classify-before-T15
-	base/comms/obj/_objects.mac	resource-or-build-input	original-omitted	not-selected		f5db0ddd033018584d44447ec00fddb7ec62a83b61f954e1d865d9167cbc29c8			classify-before-T15
-	base/comms/obj/i386/com.obj	binary-output	excluded-binary-output	not-selected		e4fcabf76bb9c6dbd19d29c797f69dabbbbaaf08a9b1a9e5b91e10d6ea1452c0			exclude-binary-output
-	base/comms/obj/i386/comms.lib	binary-output	excluded-binary-output	not-selected		d58d0fbe9f3d5ecf09b093529bae31d17f1d84c100b8850ee0ffe5fef4327df2			exclude-binary-output
-	base/comms/obj/i386/printer.obj	binary-output	excluded-binary-output	not-selected		6fb1b16f00321c34cb7de93c73b9fc0fd39e9f4baa10b1241df29a5c71148204			exclude-binary-output
-	base/comms/obj/i386/printer_.obj	binary-output	excluded-binary-output	not-selected		96b94a0c1777f263b109bbf3e12cbf07164f25f885fa8efb07a8373f47e97f45			exclude-binary-output
-	base/comms/obj/i386/prt_scrn.obj	binary-output	excluded-binary-output	not-selected		1a0f9a7906564a7c67b7e99d685fe279f09bc9d63d27fc918f6dc66ba28c7057			exclude-binary-output
-	base/comms/obj/i386/rs232_io.obj	binary-output	excluded-binary-output	not-selected		f0ada3048efd405b4068e44d477253b0cb0000a443c916ee399be430bb821e2a			exclude-binary-output
-	base/comms/prt_scrn.c	source-or-header	original-omitted	not-selected		8be0f3950eb2daa5b35d7e789fc7b7895dc68b2b841b97f056e2a304b157ea23			classify-before-T15
-	base/comms/sources	source-or-header	original-omitted	not-selected		7c38248515e1a33e1040e98f042c43edd524de4e8abe0938ef11d1f28eb1b3fb			classify-before-T15
-	base/dasm386/build.c	source-or-header	original-omitted	not-selected		2b60e007d7f7fd5efb8d7be5838dfdebc8d623d8ec555239176af93e9b07c68b			classify-before-T15
-	base/dasm386/dasm386.c	source-or-header	original-omitted	not-selected		13e50a6d575f65068c7b3eade04c4789c9fe587c69624810b69351bb765c4c6c			classify-before-T15
-	base/dasm386/decode.c	source-or-header	original-omitted	not-selected		b09a41349966bc7cffc4c4a9975455d6e596fc5abfd230539a507fd4238b4c50			classify-before-T15
-	base/dasm386/makefile	source-or-header	original-omitted	not-selected		26957856e8a7f42a1740419cf3451497129f1d8284301d42f1a89ee13dd5a459			classify-before-T15
-	base/dasm386/obj/_objects.mac	resource-or-build-input	original-omitted	not-selected		47c6feba940271047dd6e1d56e34ac1b3f5cc1b1f5714eba324deeaa34a8a883			classify-before-T15
-	base/dasm386/sources	source-or-header	original-omitted	not-selected		b2aa8c492dbe1cafe6d2ecc698f8e9a0b83c67819708bc27719e7528fd419e42			classify-before-T15
-	base/debug/btrace.c	source-or-header	original-omitted	not-selected		5a19a8cf73bd5c06c47bf3292189c8989bc970933bb4968336580f4be0028e3f			classify-before-T15
-	base/debug/dasm.c	source-or-header	original-omitted	not-selected		6f90249d51eee69af65f59de138f915dc05af3a67b7bb529ea33596c04888b9b			classify-before-T15
-	base/debug/debuggng.c	source-or-header	original-omitted	not-selected		c483e5ef755f537c7197fc7ce929ed3837b1227f57f6b874b5c8ab46b15045ad			classify-before-T15
-	base/debug/ega_dump.c	source-or-header	original-omitted	not-selected		18c7205169a62e40e80122deba5645f1cd7ce0d760ea71d95e9688a5a1da98aa			classify-before-T15
-	base/debug/makefile	source-or-header	original-omitted	not-selected		26957856e8a7f42a1740419cf3451497129f1d8284301d42f1a89ee13dd5a459			classify-before-T15
-	base/debug/markfrom	resource-or-build-input	original-omitted	not-selected		d0734fc35cf6b2e8d8718217978651fdae23bf9e283f57874ffe864f8d998b83			classify-before-T15
-	base/debug/obj/_objects.mac	resource-or-build-input	original-omitted	not-selected		34d28924fd3b127a6977236f042b217672ef35ec9a2d6ec117e3cc7a10bd30a8			classify-before-T15
-	base/debug/obj/i386/btrace.obj	binary-output	excluded-binary-output	not-selected		3b141b0d5693f22658bcc0379300aafe786cb80f504209af597f0379af9e9ba4			exclude-binary-output
-	base/debug/obj/i386/dasm.obj	binary-output	excluded-binary-output	not-selected		cd5645cfe6e98254aed7f11e7c8ca94c19f7495f0cb5560d25aa0d337fa761f8			exclude-binary-output
-	base/debug/obj/i386/debug.lib	binary-output	excluded-binary-output	not-selected		03410ade9c23494af1690de0fc22a580a8c6a96d7c3c07cc844884b67d1696fe			exclude-binary-output
-	base/debug/obj/i386/debuggng.obj	binary-output	excluded-binary-output	not-selected		e92957c6f0dbd9e312349f5cee22cabe17ea3122e3fd0c5bbfc8582376195563			exclude-binary-output
-	base/debug/obj/i386/ega_dump.obj	binary-output	excluded-binary-output	not-selected		da077b35cc57f01f37a0b904dec5405ce5dfcabff951a5e9d26f8cd2217f1b96			exclude-binary-output
-	base/debug/obj/i386/pigyoda.obj	binary-output	excluded-binary-output	not-selected		c86cdaa8086af8c0061dc353b9e151b9ee7ef221bda82aeeb0be4abd278c53d5			exclude-binary-output
-	base/debug/obj/i386/profile.obj	binary-output	excluded-binary-output	not-selected		12fc4aec79e933e961cbe58a8e629f7f3fd0c48d3cd972d189fb41b630bc54b6			exclude-binary-output
-	base/debug/obj/i386/trace.obj	binary-output	excluded-binary-output	not-selected		2bd804978d574cce3837689227a47f11b6a804dafca0b119059a02adcf457dbc			exclude-binary-output
-	base/debug/obj/i386/yoda.obj	binary-output	excluded-binary-output	not-selected		8b3aa097a5a43c0af7c4137e3c1c1775aa63e52f06f9412e4c5e15879429ed5d			exclude-binary-output
-	base/debug/pigyoda.c	source-or-header	original-omitted	not-selected		ede413a201fc0d4115b5bb0cd50aad3dd34d93a61dc734df49bfd464132ee7f2			classify-before-T15
-	base/debug/profile.c	source-or-header	original-omitted	not-selected		93a1891b0a27b336ccecd99a4b198e1d26f769fe31ed83023df52178e3364a51			classify-before-T15
-	base/debug/sources	source-or-header	original-omitted	not-selected		b50a94a5bdceda9245b82b6638e6b4d504de35043230eae491222e82c1573308			classify-before-T15
-	base/debug/trace.c	source-or-header	original-omitted	not-selected		b776bec19f7c7c615684711b915c7c7d1c56a124d37e14fc30a575681c83b2e3			classify-before-T15
-	base/debug/yoda.c	source-or-header	original-omitted	not-selected		444f1350d7c50b270652d7b062a375536e327952ebb5ba83937fba090db3c817			classify-before-T15
-	base/disks/gfi_test.c	source-or-header	original-omitted	not-selected		cfba520508d5e274ac23d471af6656b7bc41af1a8b0606b3b7020570ab2e2210			classify-before-T15
-	base/disks/makefile	source-or-header	original-omitted	not-selected		26957856e8a7f42a1740419cf3451497129f1d8284301d42f1a89ee13dd5a459			classify-before-T15
-	base/disks/obj/_objects.mac	resource-or-build-input	original-omitted	not-selected		a58f984735e810fe2d4ff170b2b120f2dc87288b17a96af5e4f8a33eee1bd3ac			classify-before-T15
-	base/disks/obj/i386/diskbios.obj	binary-output	excluded-binary-output	not-selected		2035412c422eeb2eee2ac8f4d995aaa5a5d4faa1a0b8a22b19b9fa2a5b310a77			exclude-binary-output
-	base/disks/obj/i386/disks.lib	binary-output	excluded-binary-output	not-selected		48a30d435dad8cdf7acd7d94d03d307860536c226bd9e0d4d2de515a93ed2c49			exclude-binary-output
-	base/disks/obj/i386/fdisk.obj	binary-output	excluded-binary-output	not-selected		46083624248aa9874b21cb1abdab2ae8fbb8c932fd3c15d20a4e752da6f4c663			exclude-binary-output
-	base/disks/obj/i386/fla.obj	binary-output	excluded-binary-output	not-selected		b25fb8dcef1c869a8d05c1649d79f48826d73f7a4a76731f887a2c0924adeead			exclude-binary-output
-	base/disks/obj/i386/floppy.obj	binary-output	excluded-binary-output	not-selected		05c4f0b719ab50b734e15d2a15dd13d1160180f1dc6d08d61f36b5ef0ea479c3			exclude-binary-output
-	base/disks/obj/i386/floppy_i.obj	binary-output	excluded-binary-output	not-selected		3836a733dab6426ff348cb850f196bb2a9f71878a850b7f17bdfbf670125e832			exclude-binary-output
-	base/disks/obj/i386/gfi.obj	binary-output	excluded-binary-output	not-selected		d0bb7d348ea9b77da2f10d1dd108eaa79cc1e544deae605d2c92a7736a3eae72			exclude-binary-output
-	base/disks/obj/i386/gfi_ibm.obj	binary-output	excluded-binary-output	not-selected		77e8a02b4162c4e94e5739bb0b6a22d8127507e677f6f54c0e8b8b749bf1bfa1			exclude-binary-output
-	base/disks/obj/i386/gfi_mpty.obj	binary-output	excluded-binary-output	not-selected		275fdc50c3e4ce3e6bfc92d67a65a4d8a13ae508e3a4e0cd0bb21d76efd03eb1			exclude-binary-output
-	base/disks/obj/i386/gfi_sflp.obj	binary-output	excluded-binary-output	not-selected		6b942e8e749a0f5043add133048150c6a74e8ea505b0b74c7e9647725d497a44			exclude-binary-output
-	base/disks/obj/i386/gfi_test.obj	binary-output	excluded-binary-output	not-selected		a0f0c0687ef468937688e59cdf8495b5b00f2e2424919a1544bf7b1b17e4db74			exclude-binary-output
-	base/disks/sources	source-or-header	original-omitted	not-selected		c8bd8dd9288d313fa66047e2d5fff0dd4ba6651a2c8b5d9c2c58901444793d55			classify-before-T15
-	base/dos/emm_mngr.c	source-or-header	original-omitted	not-selected		fd73ce7181f7dfb61432d63466c7641c3d010ca0c60bf446666b6c0118ddb8a9			classify-before-T15
-	base/dos/makefile	source-or-header	original-omitted	not-selected		26957856e8a7f42a1740419cf3451497129f1d8284301d42f1a89ee13dd5a459			classify-before-T15
-	base/dos/obj/_objects.mac	resource-or-build-input	original-omitted	not-selected		e0ae95887c409af8481f5948cb28cba4c2c2f56aa57a3e16fc0e20936e7de431			classify-before-T15
-	base/dos/obj/i386/dos.lib	binary-output	excluded-binary-output	not-selected		6f4665be75f01f74215e732009697dd57e3e5a0dcd286b66d511dabc37327b77			exclude-binary-output
-	base/dos/obj/i386/emm_mngr.obj	binary-output	excluded-binary-output	not-selected		64dfed585cffef06e23dcbb230108a17439c29ebae5a794c5f2c1dc8dd507ca8			exclude-binary-output
-	base/dos/sources	source-or-header	original-omitted	not-selected		3da14a44d03d13e4e43e50110721cb7019975aa30e988bf13e25ef51db266f17			classify-before-T15
-	base/keymouse/makefile	source-or-header	original-omitted	not-selected		26957856e8a7f42a1740419cf3451497129f1d8284301d42f1a89ee13dd5a459			classify-before-T15
-	base/keymouse/obj/_objects.mac	resource-or-build-input	original-omitted	not-selected		783409912e67176dbb4e74f19062b6116265829d0d7a0038074ee4e1e4a38fdd			classify-before-T15
-	base/keymouse/obj/i386/keyba.obj	binary-output	excluded-binary-output	not-selected		dca0845d1334c38fd213ac36350e111361ba09d6026fae27dd8c58d93f41921c			exclude-binary-output
-	base/keymouse/obj/i386/keybd_io.obj	binary-output	excluded-binary-output	not-selected		73a2da0fcb3e597fca3fcc073e3e8a25672f7c424972b2b1a049679a739a83f2			exclude-binary-output
-	base/keymouse/obj/i386/keymouse.lib	binary-output	excluded-binary-output	not-selected		4867340273529e9c9b7ab147f8fa0a6c87e430cbe05e940b40010a22588f5624			exclude-binary-output
-	base/keymouse/obj/i386/mouse.obj	binary-output	excluded-binary-output	not-selected		861ca9fc1b14ecafc69f879929e8ff14834b78e200d9a774ac4e58ed1f138941			exclude-binary-output
-	base/keymouse/obj/i386/mouse_io.obj	binary-output	excluded-binary-output	not-selected		46736548dd10f0b75850d31c6dbbac6cf3bb99b51a2d0d5b76dd8b3e6ba13503			exclude-binary-output
-	base/keymouse/obj/i386/ppi.obj	binary-output	excluded-binary-output	not-selected		ad26fdf67358c2a534c8974dd486521451d6e8ba1d641bda4de2b4ef26c615bd			exclude-binary-output
-	base/keymouse/sources	source-or-header	original-omitted	not-selected		7446f868cc0f5594935d148de94e1dabc4b643209611038fd09951069d1c84fb			classify-before-T15
-	base/support/obj/i386/get_env.obj	binary-output	excluded-binary-output	not-selected		028b8e6e21996505e955dde56a357734e8084853b9f1d5792240624af16c2f6b			exclude-binary-output
-	base/support/obj/i386/ios.obj	binary-output	excluded-binary-output	not-selected		8d08c071cad18b61a8ff7e6da51841bc2e8e2c02ce365c239f7c4c67c5248cc1			exclude-binary-output
-	base/support/obj/i386/main.obj	binary-output	excluded-binary-output	not-selected		3fd0a4f044a8cb0715afa4c9b6fa2d6de6e171a0fb63a744f95ea7dd9b4800fe			exclude-binary-output
-	base/support/obj/i386/support.lib	binary-output	excluded-binary-output	not-selected		7ac5624984ab69c33d6565395265fa5806cfec0e35c85c9ac714d65dc8c6883d			exclude-binary-output
-	base/support/obj/i386/terminat.obj	binary-output	excluded-binary-output	not-selected		cbf8f2967a6f48ab4d7ba971fe479b491950cdeee3b59678d27af46344e4ad17			exclude-binary-output
-	base/support/obj/i386/time_day.obj	binary-output	excluded-binary-output	not-selected		08ec16e004bc1891909d70ab33136cda629858ddb1982814898ba41401e94453			exclude-binary-output
-	base/support/obj/i386/xt.obj	binary-output	excluded-binary-output	not-selected		d63d03843e2662df8065383c6e6176fc33175e4eb2eac4de063eaf85dcc03405			exclude-binary-output
-	base/system/obj/i386/at_dma.obj	binary-output	excluded-binary-output	not-selected		f3965b58035f31d859e984921fea937dd67180e2488f95295023ccfb81ea43f7			exclude-binary-output
-	base/system/obj/i386/cmosnt.obj	binary-output	excluded-binary-output	not-selected		f33e1b8649662fc8dea4677183976840fdbaab09c0cf89bb56e079a467db5671			exclude-binary-output
-	base/system/obj/i386/dummy_nt.obj	binary-output	excluded-binary-output	not-selected		05b11d47a7d424463293ac59c33f652946c98a9fc170ed07772d74dfb6228fd6			exclude-binary-output
-	base/system/obj/i386/ica.obj	binary-output	excluded-binary-output	not-selected		8f5c378de66092c984a33b93644a3233f98c6a3408c81efd44e6b57ae579d430			exclude-binary-output
-	base/system/obj/i386/idetect.obj	binary-output	excluded-binary-output	not-selected		eabf9351d038e37d96eb465d1c047c585fb9a272c600f431d9f2c42188830829			exclude-binary-output
-	base/system/obj/i386/illegalp.obj	binary-output	excluded-binary-output	not-selected		7d6ce31682f68532b2d97359d3f23da95aa57bcd90e861aa18633e9b2493ec6c			exclude-binary-output
-	base/system/obj/i386/qevnt.obj	binary-output	excluded-binary-output	not-selected		8c217bf584d6a24aef3aae698d266f630b5838c9f5dabdc3902c8c8ddfe53c93			exclude-binary-output
-	base/system/obj/i386/rom.obj	binary-output	excluded-binary-output	not-selected		343abad2146bae53d982f3143315a1286e55c172fa9e994fc92d6430f54777ca			exclude-binary-output
-	base/system/obj/i386/system.lib	binary-output	excluded-binary-output	not-selected		34e50363f2a3bad3c5aca07b3f0b4a5b05330231f87717396a5c4b781a73c69b			exclude-binary-output
-	base/system/obj/i386/timer.obj	binary-output	excluded-binary-output	not-selected		d242427c93aa9c558a35cb8698056283e14d1ffed7d70e9b6f7b55f1090fd3d8			exclude-binary-output
-	base/system/obj/i386/timestrb.obj	binary-output	excluded-binary-output	not-selected		4f8f78715fce9f3eb670109ecef71df699ccc65de405197f6e24921289e85af6			exclude-binary-output
-	base/system/obj/i386/unexp_nt.obj	binary-output	excluded-binary-output	not-selected		5270861bf59e6193f0461accc043543d807381a892104746052c7746370d3c14			exclude-binary-output
-	base/unix/makefile	source-or-header	original-omitted	not-selected		26957856e8a7f42a1740419cf3451497129f1d8284301d42f1a89ee13dd5a459			classify-before-T15
-	base/unix/sources	source-or-header	original-omitted	not-selected		5e6646017441dbcb514764a04e641eeda80e183a6124fa9067b5504a5bae7e49			classify-before-T15
-	base/video/ga_glue.c	source-or-header	original-omitted	not-selected		8bbd170935279a625b5add89e491dd788f914d963788fe007b0ac08c942f5536			classify-before-T15
-	base/video/makefile	source-or-header	original-omitted	not-selected		26957856e8a7f42a1740419cf3451497129f1d8284301d42f1a89ee13dd5a459			classify-before-T15
-	base/video/obj/_objects.mac	resource-or-build-input	original-omitted	not-selected		638df9b297ad7d22b1e5616027d9afd930efd4c5c3db1c6cf8a06a4d1bf22ff3			classify-before-T15
-	base/video/obj/i386/cga.obj	binary-output	excluded-binary-output	not-selected		051fdaaf8a3e23b9be61feeb37b01bf97ab9c66053886452f57a168421cb0dde			exclude-binary-output
-	base/video/obj/i386/ega_dmmy.obj	binary-output	excluded-binary-output	not-selected		da778da49a76c3f862903365d9a8ae77230fddbd1640519790773ca15a70accb			exclude-binary-output
-	base/video/obj/i386/ega_mode.obj	binary-output	excluded-binary-output	not-selected		e8f41b6dc8814dad25f4a02e4d8bff26eed5b63d4d1e7d46be0244f7f033d7e0			exclude-binary-output
-	base/video/obj/i386/ega_prts.obj	binary-output	excluded-binary-output	not-selected		ab4b7ddafc686aa84d280acbe6f4f2b2169a218de74aa376a73c18d3b598e23f			exclude-binary-output
-	base/video/obj/i386/ega_read.obj	binary-output	excluded-binary-output	not-selected		db7338d8296a31f2df4a1de510352475fbddb5cec942edb262ca4229d58b7de8			exclude-binary-output
-	base/video/obj/i386/ega_trcr.obj	binary-output	excluded-binary-output	not-selected		eb4ae48c37a0ff2860cd7af522f98dcdd97648195c5970b8f8e66f5c1d01b048			exclude-binary-output
-	base/video/obj/i386/ega_vide.obj	binary-output	excluded-binary-output	not-selected		18e1172885f7c79e2cccd893ecdac282958488b97226e2a2d3639cf175b2a318			exclude-binary-output
-	base/video/obj/i386/ega_writ.obj	binary-output	excluded-binary-output	not-selected		34105cdab8bbde5c341f6cdf622bf612c7152c35140433a20704b25a16d29ab2			exclude-binary-output
-	base/video/obj/i386/egawrtm0.obj	binary-output	excluded-binary-output	not-selected		2636d3d6f1a246c673c076ff0dd9843a6e67c629b4cd31f3f50aa937e5be20a5			exclude-binary-output
-	base/video/obj/i386/egwrtm12.obj	binary-output	excluded-binary-output	not-selected		a004b8e168a94db1b636d204e26ac3a31d2c1081506a3febd58f56983378aaca			exclude-binary-output
-	base/video/obj/i386/gfx_updt.obj	binary-output	excluded-binary-output	not-selected		22e935df0ad5ed4f2b7743ce0ee8f288498aa029eaf4200f2730967599b57143			exclude-binary-output
-	base/video/obj/i386/gvi.obj	binary-output	excluded-binary-output	not-selected		e78fd67459f69c59c62c91802e64687411548b5c5b0730df6d4d1cea7aeb7045			exclude-binary-output
-	base/video/obj/i386/v7_ports.obj	binary-output	excluded-binary-output	not-selected		b01f09bc8bd847231064a34cd31203a75d01437c5e66d9c7c8f8d6bc15d4cad7			exclude-binary-output
-	base/video/obj/i386/v7_video.obj	binary-output	excluded-binary-output	not-selected		76d8492b9c8b58ffb3e84f5935f476e9af5004dd32d9a6640b1ee48eb5abe0e7			exclude-binary-output
-	base/video/obj/i386/vga_mode.obj	binary-output	excluded-binary-output	not-selected		b792d502c4f6a5fc639713de7f6e8c0600b5d8a1bcdb01c7c80d58ecf68697c2			exclude-binary-output
-	base/video/obj/i386/vga_prts.obj	binary-output	excluded-binary-output	not-selected		b2f666fb568e9826c01769923de6b934463bf27d8bd691f9b356d109cd03d72c			exclude-binary-output
-	base/video/obj/i386/vga_vide.obj	binary-output	excluded-binary-output	not-selected		e2ba4b8767cd4db61c20ee89d6a02a1c0cbb11ef3d79a271feb59cdd747ff0d7			exclude-binary-output
-	base/video/obj/i386/video.lib	binary-output	excluded-binary-output	not-selected		5e8f781efc54eed6dcfce69d74f57aab19a45baacd5fc7cc6ce7d4f189db6a48			exclude-binary-output
-	base/video/obj/i386/video.obj	binary-output	excluded-binary-output	not-selected		c4c5b295a68d5e9de47154cf13089138c929226d9cf430df1def6596a0075951			exclude-binary-output
-	base/video/obj/i386/video_io.obj	binary-output	excluded-binary-output	not-selected		feb4c4dabc367065c6080142609e5ef6211c0f35e7b4efc78360913319c41606			exclude-binary-output
-	base/video/sources	source-or-header	original-omitted	not-selected		6383e77b670edf3c1f6d4cef75b99d85a094bd19bc83703bef474dad86543463			classify-before-T15
-	bios/biosbop.inc	source-or-header	original-omitted	not-selected		97855ec4eeb18b454862023b449baccb4b3b649ea9c727fdafab45f865f9158a			classify-before-T15
-	bios/biosseg.inc	source-or-header	original-omitted	not-selected		c124dcc40fd138cae400f993f5730337ee7e23fb50a20e097b09382694f6fc91			classify-before-T15
-	bios/biostruc.inc	source-or-header	original-omitted	not-selected		63fb257501a0fd9217f68e49d189baa2a42330f3476df352b5737e9bf0c7ac0e			classify-before-T15
-	bios/devmark.inc	source-or-header	original-omitted	not-selected		3250e13971fc05c4b0389159171921fe56037059d1539cc9bcc9af8c3ce54b20			classify-before-T15
-	bios/dosmsg.cmd	resource-or-build-input	original-omitted	not-selected		a7b1387fc13fd1f954cb569755d6211914b6221bb690b6c6e91dceaed2b23a04			classify-before-T15
-	bios/makefile	source-or-header	original-omitted	not-selected		f04eae991e915389168dcd4c1ba40c5ee11bd83cffe190f3a55ba2ec13b437fb			classify-before-T15
-	bios/msbio.cl3	resource-or-build-input	original-omitted	not-selected		279d5cf516a39248f910a17e02647f37737b2c4607a6cd119dc7236affed78e2			classify-before-T15
-	bios/msbio.cl4	resource-or-build-input	original-omitted	not-selected		3c753ff790aad0f86a84130c8a40a23a420e8ebe842cb7dde442c55e9a525873			classify-before-T15
-	bios/msbio.cl5	resource-or-build-input	original-omitted	not-selected		a929484571f630176541f39d8c411d6e924d8cd6358e6bc395f94b23295015d2			classify-before-T15
-	bios/msbio.cl6	resource-or-build-input	original-omitted	not-selected		4a23d5d9e82762b4e0fde991c2c0347c1fe33e6097d2f1ed54da9dd6cfbd0440			classify-before-T15
-	bios/msbio.lnk	resource-or-build-input	original-omitted	not-selected		9a163dead32e6f7bed5bd283b0b8d68fa28a4dc21c54c5a98e69dda4c0bd9b58			classify-before-T15
-	bios/msbio.skl	resource-or-build-input	original-omitted	not-selected		2a2fb4d31b19be6e57c45c1677e6c490d3138c7bb235757bd321102787f2b421			classify-before-T15
-	bios/msbio1.asm	source-or-header	original-omitted	not-selected		d72a4c94d40210ec1e814a972f23965e50139f65e6f4df43a6e20649dd973a3f			classify-before-T15
-	bios/mschar.asm	source-or-header	original-omitted	not-selected		8a8c5bc7c96613392c4176817b7533e1f6533e5b514d25016f1b33394e3fb50a			classify-before-T15
-	bios/msend.asm	source-or-header	original-omitted	not-selected		40d639bb0f09814e537a742081b85557d49c2fc1219f0ff6618d823623f88f0a			classify-before-T15
-	bios/msequ.inc	source-or-header	original-omitted	not-selected		0ac3d8acc22edcfb6889f466dd582479ccab9c7a29928cf55d240ebc9a863a64			classify-before-T15
-	bios/msgroup.inc	source-or-header	original-omitted	not-selected		e07d8de5142451891ed3e2148951b05a7741d7c81e5ab1ef6fe1cd6d9d108967			classify-before-T15
-	bios/msinit.asm	source-or-header	original-omitted	not-selected		7acb1d97311d41310530188c80c6850250b997980e214af2dcb8b8200300dc9e			classify-before-T15
-	bios/msint13.asm	source-or-header	original-omitted	not-selected		0eded1f8dfadb5b6229bdf69d9a5b155567a335bda95c8b4f7397e92961663df			classify-before-T15
-	bios/ntio.sym	resource-or-build-input	original-omitted	not-selected		e84295b90068cb5fb91b461634a6b08718cbc748aa13eef1c52934a3db87219a			classify-before-T15
-	bios/spcemm.asm	source-or-header	original-omitted	not-selected		554d8ff28331a4bce69d99551c9640e62e32718c437926befb17cbe72d831f9d			classify-before-T15
-	bios/spckbd.asm	source-or-header	original-omitted	not-selected		7dc376b9b27d7dc204da63003d7f320433b20e488bfd1bb1476d789dc156a068			classify-before-T15
-	bios/spcmse.asm	source-or-header	original-omitted	not-selected		1b0b7a9c956db2afbea40d787460f1002fd9e4d81724b725e76bcd6465830132			classify-before-T15
-	bios/sysconf.asm	source-or-header	original-omitted	not-selected		60bba5ffc49c7c995a33819ce6bc1d3111a4a693b7972d81bb3b146f600bcd7e			classify-before-T15
-	bios/sysimes.asm	source-or-header	original-omitted	not-selected		c78fd2ddb0e2fc5683d3054ca426976a1dffd72e2adfbbf19a7eea345dc3cf8a			classify-before-T15
-	bios/sysinit1.asm	source-or-header	original-omitted	not-selected		0a0126881dfb6a487d8702bc90c248b57a4079ac1c13452861c5b4f4d5e4b37a			classify-before-T15
-	bios/sysinit2.asm	source-or-header	original-omitted	not-selected		3b05b35c6c555adb68301dab7df1e3cc886ca160068366326e3d1c88643a37e8			classify-before-T15
-	convert/convert.c	source-or-header	original-omitted	not-selected		ecb6460000a0b4c7a498a963ac4eeb8dd6b77ccab6bc631940e9e7536a4fd0bc			classify-before-T15
-	convert/sources	source-or-header	original-omitted	not-selected		c5c659faa76e93afaca8673bf93c279f1082e9ac3976b1137a4b624fbab51373			classify-before-T15
-	dat2obj/dat2obj.c	source-or-header	original-omitted	not-selected		9ddeb8decf8bbadbeaf61dcbee3b2607d6a28a15f06c1b0d35e719563a77c3da			classify-before-T15
-	dat2obj/makefile	source-or-header	original-omitted	not-selected		26957856e8a7f42a1740419cf3451497129f1d8284301d42f1a89ee13dd5a459			classify-before-T15
-	dat2obj/sources	source-or-header	original-omitted	not-selected		e8dd8a2bc742fc488b1dfd5a10e010e6befe383fe0014adb6d78c7c881dbe120			classify-before-T15
-	data/bios1.rom	resource-or-build-input	original-omitted	not-selected		1ce33544249fef59865b91308faf60f354563cf854f80eb196d47c968899a574			classify-before-T15
-	data/bios4.rom	resource-or-build-input	original-omitted	not-selected		b09fdff1a500971d54233378ce9c36f1b6a58bf577e4a544da03a0d78d7e0d6f			classify-before-T15
-	data/cmos.ram	resource-or-build-input	original-omitted	not-selected		97fca7adb543bdac4e571185a3f37c17a30a6ad937e0817048d965a850edddd9			classify-before-T15
-	data/makefile	source-or-header	original-omitted	not-selected		7039287b827c6c6218a5e18d7188a5db681823234e6a08e9b17d2d853509d838			classify-before-T15
-	data/profile.spc	resource-or-build-input	original-omitted	not-selected		c35020473aed1b4642cd726cad727b63fff2824ad68cedd7ffb73c7cbd890479			classify-before-T15
-	data/v7vga.rom	resource-or-build-input	original-omitted	not-selected		970f105cd9e42ee56f07aae695bac89786d3455ab9d4c1ea9a1d1643b1e8f6f0			classify-before-T15
-	debugger/makefile	source-or-header	original-omitted	not-selected		26957856e8a7f42a1740419cf3451497129f1d8284301d42f1a89ee13dd5a459			classify-before-T15
-	debugger/sources	source-or-header	original-omitted	not-selected		3c1ca045bab3890047459b9f943e059ebcc5284dd3366dc3deeb24a10fad37a2			classify-before-T15
-	debugger/vdmdebug.c	source-or-header	original-omitted	not-selected		38a25fa9784c466c56ee7024b33dfb7e3a419e6e415aedbb92af32f61fa24c77			classify-before-T15
-	host/inc/host_bop.h	source-or-header	original-omitted	not-selected		3ab20d68c49dca4e7d8190c3fdc687b85012fe8c97678bed026a2fa21a07b0aa			classify-before-T15
-	host/link/makefile	source-or-header	original-omitted	not-selected		26957856e8a7f42a1740419cf3451497129f1d8284301d42f1a89ee13dd5a459			classify-before-T15
-	host/link/nt_uis.h	source-or-header	original-omitted	not-selected		f35de41a225039fa430ef18fc8e311093aea4236b72f65e448d02a35643e426b			classify-before-T15
-	host/link/res.cmd	resource-or-build-input	original-omitted	not-selected		8c76221725812e8827b156e24272e932ff0312065ae871a6d60eb8cbb2ac9375			classify-before-T15
-	host/link/resource.rc	source-or-header	original-omitted	not-selected		fbf7f94838571ec486880de4574724fa883580c5ab2ac5eb4463d248c3205369			classify-before-T15
-	host/link/softerr.ico	resource-or-build-input	original-omitted	not-selected		d27d263fb667946e4a5320cbebd1b6378659ae31d9f4744311fc581140756f67			classify-before-T15
-	host/link/softpc.def	source-or-header	original-omitted	not-selected		2dbbe115d93d9d2a25004868450b43568be3e14565fd08314d78e18f658f8ab7			classify-before-T15
-	host/link/softpc.ico	resource-or-build-input	original-omitted	not-selected		779a5e682dbecb23e9ea86f94be5591c53b1fe93497f7f0507ecbac4042ebe79			classify-before-T15
-	host/link/sources	source-or-header	original-omitted	not-selected		559d13e3e33a0dc0da9c60e209017b1f3dc5b1806d0bee4ce928aa488a05b2f5			classify-before-T15
-	host/src/config.c	source-or-header	original-omitted	not-selected		2a87d13d633e62b7bda2d982127feea19b20b5a779ff1e384966c2eb3ce6ddfa			classify-before-T15
-	host/src/copy_fnc.c	source-or-header	original-omitted	not-selected		320d697e9969cf146d5b0f94813aa62b501b0eefeff31806b22d463912965518			classify-before-T15
-	host/src/cpucstbs.c	source-or-header	original-omitted	not-selected		0e114c6368a616dc87cdf4311aff19d50283e38a51b3f0e3301cbc45487ddaeb			classify-before-T15
-	host/src/fprt.c	source-or-header	original-omitted	not-selected		f7918f49be621c55f53c51c9ae6db756ff239768bb886b84fcfe39eeedb65424			classify-before-T15
-	host/src/makefile	source-or-header	original-omitted	not-selected		26957856e8a7f42a1740419cf3451497129f1d8284301d42f1a89ee13dd5a459			classify-before-T15
-	host/src/makefile.inc	source-or-header	original-omitted	not-selected		edb100e4744d39d208ef88e84a4c25cd4ce018bfb913c4754d6ed1ea3ab6386c			classify-before-T15
-	host/src/nt_aorc.c	source-or-header	original-omitted	not-selected		7816128fbd968703f2f7b478b0992902f522f9c6853ca166eb69a904cd965061			classify-before-T15
-	host/src/nt_bop.c	source-or-header	original-omitted	not-selected		378a34807645277090bf4b38556ea210502f79a898855b649b39d6c4ccc47f66			classify-before-T15
-	host/src/nt_cprgs.c	source-or-header	original-omitted	not-selected		cbf9ee8a199d48ee74171b2e23d55bb1e5d019710fdea2a917762739d6a49044			classify-before-T15
-	host/src/nt_cpu.c	source-or-header	original-omitted	not-selected		3f77f06e497854b00f58acde8bfe7b5e67af7c5e67174deb579cd76e13f5830f			classify-before-T15
-	host/src/nt_det.c	source-or-header	original-omitted	not-selected		c58d15d58672440bf94e015f61a10b43311e601ae150dae5b1559f2399f9dadc			classify-before-T15
-	host/src/nt_emm.c	source-or-header	original-omitted	not-selected		d51310af362e60023feb59c89afb21ff6fae8e1bb74ae8614231f4ec3a001729			classify-before-T15
-	host/src/nt_eoi.c	source-or-header	original-omitted	not-selected		f6a898050e894de0a2c17d11ecf502b0d13ed4c2d58766175063ca0246ec2db5			classify-before-T15
-	host/src/nt_error.c	source-or-header	original-omitted	not-selected		3305eaabac76e039dfe80aa0f2e15c48433edd95a74615e5db55b97d2b393228			classify-before-T15
-	host/src/nt_ertbl.c	source-or-header	original-omitted	not-selected		3a41bbce47258534e4375615a960048a97143a2353aa5946de13c8f870dc572f			classify-before-T15
-	host/src/nt_event.c	source-or-header	original-omitted	not-selected		7f555a87ba029627d6811c0f7b96964bb8a96af90c60c89012975a4ac5442076			classify-before-T15
-	host/src/nt_fdisk.c	source-or-header	original-omitted	not-selected		f4cca0215e2ff4f49113fe95a26529854b712e096af1c3cc54536061808c4867			classify-before-T15
-	host/src/nt_fulsc.c	source-or-header	original-omitted	not-selected		e7dc683be45a04b63d783ae91263f55d50bf41aac480d7bac1a302f19205934c			classify-before-T15
-	host/src/nt_hfx.c	source-or-header	original-omitted	not-selected		61514c95e1a9f3a3e491a262aff92c1d2e1f5dfb73dbc607fd1ee29f0359c371			classify-before-T15
-	host/src/nt_hosts.c	source-or-header	original-omitted	not-selected		9840cb53a0298fdf7f9d27ade387c57659e3c57afbe587cfdf63fbdbafe8c41d			classify-before-T15
-	host/src/nt_hunt.c	source-or-header	original-omitted	not-selected		6aeb2ba2efad017d65184d3fc32c09e0587bd02def267cc4fecfeca1c1715ad7			classify-before-T15
-	host/src/nt_input.c	source-or-header	original-omitted	not-selected		9f54d1ed5c7074ba753b31daf28a42231598107e9a779381e94b91a25218e8f7			classify-before-T15
-	host/src/nt_inthk.c	source-or-header	original-omitted	not-selected		a3465d006a88549ce5fd52ac3f8d9c0dcf1f2b2c6825f35db3d2dc683fbc7abe			classify-before-T15
-	host/src/nt_mem.c	source-or-header	original-omitted	not-selected		55832ee249e18683e6d80c582ac8dff47318a5d467d1b1017777fc961bdccf5e			classify-before-T15
-	host/src/nt_mess.c	source-or-header	original-omitted	not-selected		00855ddb83164e8e20d8edc482f48ff403c42d2808d4d951081facb335550a83			classify-before-T15
-	host/src/nt_mouse.c	source-or-header	original-omitted	not-selected		a73c0572fa1e44326d26b2f4d47c15bff768b031fca16dcfd789a35e65e0e48b			classify-before-T15
-	host/src/nt_msscs.c	source-or-header	original-omitted	not-selected		96ee0fb677da9f35811f9dc1715d583474ce72bba9fa91f5eb2d5f6ab242b0c3			classify-before-T15
-	host/src/nt_nls.c	source-or-header	original-omitted	not-selected		6cef4fc4adf6ce81f42cfa4ebfa9c1edb153a3ce651a69321f5b5022a9b6fa06			classify-before-T15
-	host/src/nt_ntfun.c	source-or-header	original-omitted	not-selected		c2beca20761b59db5f8aede5f80e48d15ffd05cc0c81d1e0e5e017041ae01e63			classify-before-T15
-	host/src/nt_pif.c	source-or-header	original-omitted	not-selected		4ae2c1d2c4a66dc63c9b2ddd673fcae067f2fbdab953dc8d96aecfcf03c262bc			classify-before-T15
-	host/src/nt_reset.c	source-or-header	original-omitted	not-selected		9aa8120237ffa104c87318ef39747a0e66c28bf56bfe9af03511bddf13f11b47			classify-before-T15
-	host/src/nt_rez.c	source-or-header	original-omitted	not-selected		12a6486b8cf81e2469b1acd7f9e9d03cada6b4690fad03ea171941802f0945fc			classify-before-T15
-	host/src/nt_rflop.c	source-or-header	original-omitted	not-selected		22c82627bf993ac4fd072ad1bb7d4f62000b60889e6955e83f5f676ac5bd7a29			classify-before-T15
-	host/src/nt_sas.c	source-or-header	original-omitted	not-selected		077663754025071c48ec5f0bfebbcf07e1a6bcc240153b40545ef6f3c59c8344			classify-before-T15
-	host/src/nt_sec.c	source-or-header	original-omitted	not-selected		2ba1facf8d0c0a00c71f78dfb1fc8e2d001b699e2659465044a94738b637c9bd			classify-before-T15
-	host/src/nt_smenu.c	source-or-header	original-omitted	not-selected		1f46c184b1b6eba70da8f35826dbdfd4f67f4baa172b6c0081ea7f2ca3e0d960			classify-before-T15
-	host/src/nt_term.c	source-or-header	original-omitted	not-selected		ad5c8c0d28944ea163df5738ed03ca7e19415cca02884083ed69fa98667149be			classify-before-T15
-	host/src/nt_thred.c	source-or-header	original-omitted	not-selected		776330ea072cfd005ea05968dc676634385d1c9f349bd71ba1667ecd3be68438			classify-before-T15
-	host/src/nt_timer.c	source-or-header	original-omitted	not-selected		10ea0d5a6de6466e7e9af8efd89c3a77a78077cd38e05332a416a404b655ab33			classify-before-T15
-	host/src/nt_umb.c	source-or-header	original-omitted	not-selected		2a109f11985507463797e60b8b19fc12441bd18278b1444dde581cc351de72ed			classify-before-T15
-	host/src/nt_unix.c	source-or-header	original-omitted	not-selected		f2ab1f40420a0928884cf524305a9b87b8c65b0c3440ab97367aa1cbce6417a7			classify-before-T15
-	host/src/nt_vdd.c	source-or-header	original-omitted	not-selected		cb97f2c233b1062dae7942dfa3b2bc84d9f21b9d6527f6c993a99137c2c845e3			classify-before-T15
-	host/src/nt_vflop.c	source-or-header	original-omitted	not-selected		b2766665ecd787cdc9dbabab3c44f25fcd6185d90b221cdd201a159dd77a339d			classify-before-T15
-	host/src/nt_wcom.c	source-or-header	original-omitted	not-selected		18c709bc88c37de4d9323101d528af0ec23a5e7e7b6942a1d2a1a9e7ded111a8			classify-before-T15
-	host/src/nt_yoda.c	source-or-header	original-omitted	not-selected		2ec898da6746f0992020845bde73a30edaf7cdd5c744559501eb9cbaa000df0a			classify-before-T15
-	host/src/obj/_objects.mac	resource-or-build-input	original-omitted	not-selected		525f2774fc93773db5dbc9d3da2237084079c23c78f3324f1d618a136713eacc			classify-before-T15
-	host/src/obj/i386/config.obj	binary-output	excluded-binary-output	not-selected		5c405a1d532f64e82c6750d360c574b19819cded374f99a606c602c5de6489ae			exclude-binary-output
-	host/src/obj/i386/copy_fnc.obj	binary-output	excluded-binary-output	not-selected		12c6029407adcd977a82a2e140b0356af4ebed3af62951f99dae1fbdb3310cbb			exclude-binary-output
-	host/src/obj/i386/cpucstbs.obj	binary-output	excluded-binary-output	not-selected		279f626f57806592c344cafb6a553b1cd5cc23e2e5d80cf0ddeddb8290cc9850			exclude-binary-output
-	host/src/obj/i386/fprt.obj	binary-output	excluded-binary-output	not-selected		a034b82ec67f6fb904d10fa89d1980c357cbc892d8491d7d49097bd571eef392			exclude-binary-output
-	host/src/obj/i386/nt_bop.obj	binary-output	excluded-binary-output	not-selected		61c78448e34d4ad1f319762c8ea86fdcfdeec9c6ae60529f70203f5aca021df7			exclude-binary-output
-	host/src/obj/i386/nt_cga.obj	binary-output	excluded-binary-output	not-selected		6e62714a72e99b643a818b8370b591117caffef896c4b58f96a4135caa55d49a			exclude-binary-output
-	host/src/obj/i386/nt_com.obj	binary-output	excluded-binary-output	not-selected		bf6ce34e139bbc8df8ec39ed439cdfc692bebce541cb3e8bb8ae40181cf5dba4			exclude-binary-output
-	host/src/obj/i386/nt_cpu.obj	binary-output	excluded-binary-output	not-selected		f27048a6ae3471be25092bff96508a5a8955ca8d4614446d1ac8aadb4cf487f5			exclude-binary-output
-	host/src/obj/i386/nt_det.obj	binary-output	excluded-binary-output	not-selected		77c521931131a0d4891ee2a398a8b3232c9247b13c6162851f15d51bf6530180			exclude-binary-output
-	host/src/obj/i386/nt_ega.obj	binary-output	excluded-binary-output	not-selected		3d3c17da87f9284f3d89b1c6249b912657e9de092f7cf5aa98aee3bb866efca1			exclude-binary-output
-	host/src/obj/i386/nt_emm.obj	binary-output	excluded-binary-output	not-selected		60ca36fe569d88bd76c99fb393e77846550db48271f4c1002e46ff6d72808756			exclude-binary-output
-	host/src/obj/i386/nt_eoi.obj	binary-output	excluded-binary-output	not-selected		15a3dd7a0ba0d19a05f5dcd329fe5da0f4f49eded23d2fe2257f823d2f5d5de5			exclude-binary-output
-	host/src/obj/i386/nt_error.obj	binary-output	excluded-binary-output	not-selected		d90013ce439da624282635ed6803457eb0bcb1be80be97bf8a9bdbf79387ccc1			exclude-binary-output
-	host/src/obj/i386/nt_event.obj	binary-output	excluded-binary-output	not-selected		808fe0cfd249145b67ed850af90359b998099107681da59b9ce13fcaa1af5757			exclude-binary-output
-	host/src/obj/i386/nt_fdisk.obj	binary-output	excluded-binary-output	not-selected		b7f24eb7e45eb3c23a13e225cd290fd1a00ea95f136260072760e68fd2db4e78			exclude-binary-output
-	host/src/obj/i386/nt_fulsc.obj	binary-output	excluded-binary-output	not-selected		8566197e22fbe3daf8cb0cf169a4c98834aec11140877ff0a467761eb332235e			exclude-binary-output
-	host/src/obj/i386/nt_graph.obj	binary-output	excluded-binary-output	not-selected		c4e4fc2bf9e591a0b6551e7d04612226b3175d6e36209ac2ad1c2446bd51d324			exclude-binary-output
-	host/src/obj/i386/nt_hosts.obj	binary-output	excluded-binary-output	not-selected		b816d9c5c559037792fb6ef17ba7b1025ea6b7aa49c9d3234e6f3e919819ef30			exclude-binary-output
-	host/src/obj/i386/nt_input.obj	binary-output	excluded-binary-output	not-selected		c241fb0f5026365743eb4ad13ca483e20eb0e683235c4a50ff3a2a1c0d59c9ee			exclude-binary-output
-	host/src/obj/i386/nt_inthk.obj	binary-output	excluded-binary-output	not-selected		1b043014b36c8d2e49eb2d0a30c2cab594b79a3b9941ab9484f367442d399453			exclude-binary-output
-	host/src/obj/i386/nt_keycd.obj	binary-output	excluded-binary-output	not-selected		b73596f3b7bc32fa4d0f1e72a7776765a5aafd1da0a86881bf3261044cbfa3d9			exclude-binary-output
-	host/src/obj/i386/nt_lpt.obj	binary-output	excluded-binary-output	not-selected		b2820d09d8a037081fd8ce7eedf3a52dad95015a6c913ef9fc5db4b10b77e54a			exclude-binary-output
-	host/src/obj/i386/nt_mem.obj	binary-output	excluded-binary-output	not-selected		5bdd8fbfdf6197e7e9d217384bf513eb516092749b3ecdbf5141560bb8af98cd			exclude-binary-output
-	host/src/obj/i386/nt_mouse.obj	binary-output	excluded-binary-output	not-selected		02ac2c3632273659c4a14817de984cf83cce99a7ec551aef8136a38f0f8e10b6			exclude-binary-output
-	host/src/obj/i386/nt_msscs.obj	binary-output	excluded-binary-output	not-selected		b8105fe27965b102b941f57f74effa82c7fde522a926579263efb99d3402227a			exclude-binary-output
-	host/src/obj/i386/nt_munge.obj	binary-output	excluded-binary-output	not-selected		c39e03403473f6504f7467376bfb2e6d7e2c198a5bdc36f8edadb802fad88705			exclude-binary-output
-	host/src/obj/i386/nt_nls.obj	binary-output	excluded-binary-output	not-selected		5f834a7c66698d21ea4f7d6ef63ce6fd8f0228deb3034ea7685bbf23869e34a5			exclude-binary-output
-	host/src/obj/i386/nt_ntfun.obj	binary-output	excluded-binary-output	not-selected		95e2e57c12c589f3093c3835920c756297cd4fa3a9477e5d14f00799e86ee3ed			exclude-binary-output
-	host/src/obj/i386/nt_pif.obj	binary-output	excluded-binary-output	not-selected		5226fb645de6a57398febedb0c38bf5873be289b89febc98bcab25b53b11b9c5			exclude-binary-output
-	host/src/obj/i386/nt_reset.obj	binary-output	excluded-binary-output	not-selected		e5f9fc91647be21efb982dbe29fdd1aba9e25abac722a35b99b1be2960c2b38a			exclude-binary-output
-	host/src/obj/i386/nt_rez.obj	binary-output	excluded-binary-output	not-selected		4c1affd88907022dbe2193979107ae04025a7b36803f23640a5f555dfd1d333a			exclude-binary-output
-	host/src/obj/i386/nt_rflop.obj	binary-output	excluded-binary-output	not-selected		d9c385c67cc0e1f9368242b4965894bf4962b0882606521b49b5c86dfde1d926			exclude-binary-output
-	host/src/obj/i386/nt_sas.obj	binary-output	excluded-binary-output	not-selected		8458499e4bc6be40ff8250932c9b5cb67ab01363780b28de87c22da97166c9e0			exclude-binary-output
-	host/src/obj/i386/nt_sec.obj	binary-output	excluded-binary-output	not-selected		e8419c2ef9de459a8b1c640d746e7fa3bad7311888370bbb05eccb0c3cfb78f6			exclude-binary-output
-	host/src/obj/i386/nt_sound.obj	binary-output	excluded-binary-output	not-selected		da382ce6682865b2e395e8873a019dbbfc2b756ba0b8a28b9f02d33390e402d0			exclude-binary-output
-	host/src/obj/i386/nt_thred.obj	binary-output	excluded-binary-output	not-selected		8334c623ecee7ce1311e5cc71ceb5d2555963832364abb5cc88c120248b506d8			exclude-binary-output
-	host/src/obj/i386/nt_timer.obj	binary-output	excluded-binary-output	not-selected		eb541254964ec5dc1f152d1b3d2a781afae468707f3a2fc84750d1c435acd99d			exclude-binary-output
-	host/src/obj/i386/nt_umb.obj	binary-output	excluded-binary-output	not-selected		9bbe0b345fd080e7f3d95803189f75caeee88d20f7085410a5510359f81853a5			exclude-binary-output
-	host/src/obj/i386/nt_unix.obj	binary-output	excluded-binary-output	not-selected		e2c76028235f144e44de85e87f63801969fa9d57a80b6ad5f8505e598b3ec957			exclude-binary-output
-	host/src/obj/i386/nt_vdd.obj	binary-output	excluded-binary-output	not-selected		e374bb89034e7db4d174d6c973dbf64ac9e456472da4a7ecf313756f868e433c			exclude-binary-output
-	host/src/obj/i386/nt_vga.obj	binary-output	excluded-binary-output	not-selected		e29cf89e41065508cfe3535f4cccd6869bc6ee7d065efde26bc965b7fedc1c09			exclude-binary-output
-	host/src/obj/i386/nt_wcom.obj	binary-output	excluded-binary-output	not-selected		acb9ecfbb53d31cb12e93a8db8793871dee26067dacd75be9ac0595a5f6927e2			exclude-binary-output
-	host/src/obj/i386/nt_yoda.obj	binary-output	excluded-binary-output	not-selected		7900840d6c50a08256dbb9bef6a07184f36f1065a6342adf206d8c278641d9b2			exclude-binary-output
-	host/src/obj/i386/sim32.obj	binary-output	excluded-binary-output	not-selected		8de9b74c7c1676b6e51cd68db60abdf2bb617fb0eba2f00403e2a4c2c5c28269			exclude-binary-output
-	host/src/obj/i386/src.lib	binary-output	excluded-binary-output	not-selected		bca7a5ad864308fe5aef2026c16e12fdd72d0f60320b0535603f46dfcff251fe			exclude-binary-output
-	host/src/obj/i386/stubs.obj	binary-output	excluded-binary-output	not-selected		ee2ecd6ea10f4e568e1cdaab5040e36e5636d169a1f31fe0e3e4469416d1306a			exclude-binary-output
-	host/src/obj/i386/x86_emm.obj	binary-output	excluded-binary-output	not-selected		f6ced2f0ae678bbd82baacbb051dead979d67c22783e0ab9097611d6b9e76f57			exclude-binary-output
-	host/src/sim32.c	source-or-header	original-omitted	not-selected		1f634b9d6c09d0f767a90ec9e577817800a07dc353cffa433ca2e0268d2cd42f			classify-before-T15
-	host/src/sources	source-or-header	original-omitted	not-selected		a6c0b2b3dc29151d6a760335d607114835490b1d2fe67e04e5f5c68865dab7e7			classify-before-T15
-	host/src/stf_conf.c	source-or-header	original-omitted	not-selected		dd83e6774b349f81b02abb625df4fdcfe943647144bf054422f9f671d1bf05f4			classify-before-T15
-	host/src/stubs.c	source-or-header	original-omitted	not-selected		c1821a3738bbee78293a47262cb8df14e68043cfd6b4092b7fa56bdb01c6d991			classify-before-T15
-	host/src/x86_emm.c	source-or-header	original-omitted	not-selected		117d119314787e09b853e05de0e35bb6935fb2d763f4fec7eef6b1d804e3d189			classify-before-T15
-	obj.vdm/c_regs.c	source-or-header	original-omitted	not-selected		9ab5185cd9d8a3ca163bf4654321c31c73adcf3127bc574a3a4574cc1366de95			classify-before-T15
-	obj.vdm/cdefine.inc	source-or-header	original-omitted	not-selected		a5cc355bfab633968217c85a4bb210f684039e08e7784578800c672f65772f14			classify-before-T15
-	obj.vdm/makefile	source-or-header	original-omitted	not-selected		26957856e8a7f42a1740419cf3451497129f1d8284301d42f1a89ee13dd5a459			classify-before-T15
-	obj.vdm/makefile.std	resource-or-build-input	original-omitted	not-selected		26957856e8a7f42a1740419cf3451497129f1d8284301d42f1a89ee13dd5a459			classify-before-T15
-	obj.vdm/ntvdm.c	source-or-header	original-omitted	not-selected		693a169cf1e91435c326ee05a17c928e85af10982c2c3bb95a5631ae76415a0a			classify-before-T15
-	obj.vdm/ntvdm.prf	resource-or-build-input	original-omitted	not-selected		00d94378f996edd8703f884524398d73f7bfddb0e5abbc0ca23633471559937b			classify-before-T15
-	obj.vdm/ntvdm.src	resource-or-build-input	original-omitted	not-selected		d47400179c1388b58fb8eaec8331c6eea16ee548bba10e7afbe588e9549bd0bc			classify-before-T15
-	obj.vdm/obj/_objects.mac	resource-or-build-input	original-omitted	not-selected		59de8c64c84dc886e37ce6c3f73c8940ff1339c12c8ce32994c7320767793803			classify-before-T15
-	obj.vdm/obj/i386/ntvdm.def	source-or-header	original-omitted	not-selected		98c00c3c4737108674061779a6c1e06f113c597d76536a49e0723aa617d58a7a			classify-before-T15
-	obj.vdm/obj/i386/ntvdm.obj	binary-output	excluded-binary-output	not-selected		5a3820cdde1047a1b87bc16d0e7b01e5502e3f07cb144cc749fcbef73e58512b			exclude-binary-output
-	obj.vdm/obj/i386/resource.res	binary-output	excluded-binary-output	not-selected		71afce495d5561f4dc62acb8d6341bc774b3c493eb068c814fa271ea1233bcf9			exclude-binary-output
-	obj.vdm/resource.rc	source-or-header	original-omitted	not-selected		3e3ac9b1001127e3900c1ba5a2309c28aaa97ecf2882fa6f4e9f20e600a26d8d			classify-before-T15
-	obj.vdm/sources	source-or-header	original-omitted	not-selected		f80c0d8513ea68500c792674d05dee7f42f1f76aed98f4f5ca6bc409ffd61f3e			classify-before-T15
-	rename/rename.c	source-or-header	original-omitted	not-selected		7064e2516d6a43ba9a35badc45d09e16524b22f70362110f9a3526be028501e7			classify-before-T15
-	rename/sources	source-or-header	original-omitted	not-selected		914aa62ec2676f1d07d07b05c3c33c90ce0134c5c9ae3dcd1cd0b21fd1e21e46			classify-before-T15
-	roms/bios1.asm	source-or-header	original-omitted	not-selected		622c4fc85b997c64256cfce22951fe7d705af0fa33adfbd349e0cd8a41fe82d9			classify-before-T15
-	roms/bios2.rom	resource-or-build-input	original-omitted	not-selected		6bf8bdc71a77ae6a089f4d2bfac15f31c0ff7feb9d476136f5ca2f8d64972838			classify-before-T15
-	roms/bios4.asm	source-or-header	original-omitted	not-selected		e8e03f141c87563b2526555c8070e2d256bd1a3d570f64e287ffd1835ae1dffb			classify-before-T15
-	roms/profile.spc	resource-or-build-input	original-omitted	not-selected		c35020473aed1b4642cd726cad727b63fff2824ad68cedd7ffb73c7cbd890479			classify-before-T15
